# OCP S1 conceptual assembly; units mm; visual envelopes, not manufacturing solids
o 01___Telo_·_Ø90_×_210___zid_4
v 45.00000 0.00000 0.00000
v 44.61502 5.87368 0.00000
v 43.46666 11.64686 0.00000
v 41.57458 17.22075 0.00000
v 38.97114 22.50000 0.00000
v 35.70090 27.39426 0.00000
v 31.81981 31.81981 0.00000
v 27.39426 35.70090 0.00000
v 22.50000 38.97114 0.00000
v 17.22075 41.57458 0.00000
v 11.64686 43.46666 0.00000
v 5.87368 44.61502 0.00000
v 0.00000 45.00000 0.00000
v -5.87368 44.61502 0.00000
v -11.64686 43.46666 0.00000
v -17.22075 41.57458 0.00000
v -22.50000 38.97114 0.00000
v -27.39426 35.70090 0.00000
v -31.81981 31.81981 0.00000
v -35.70090 27.39426 0.00000
v -38.97114 22.50000 0.00000
v -41.57458 17.22075 0.00000
v -43.46666 11.64686 0.00000
v -44.61502 5.87368 0.00000
v -45.00000 0.00000 0.00000
v -44.61502 -5.87368 0.00000
v -43.46666 -11.64686 0.00000
v -41.57458 -17.22075 0.00000
v -38.97114 -22.50000 0.00000
v -35.70090 -27.39426 0.00000
v -31.81981 -31.81981 0.00000
v -27.39426 -35.70090 0.00000
v -22.50000 -38.97114 0.00000
v -17.22075 -41.57458 0.00000
v -11.64686 -43.46666 0.00000
v -5.87368 -44.61502 0.00000
v -0.00000 -45.00000 0.00000
v 5.87368 -44.61502 0.00000
v 11.64686 -43.46666 0.00000
v 17.22075 -41.57458 0.00000
v 22.50000 -38.97114 0.00000
v 27.39426 -35.70090 0.00000
v 31.81981 -31.81981 0.00000
v 35.70090 -27.39426 0.00000
v 38.97114 -22.50000 0.00000
v 41.57458 -17.22075 0.00000
v 43.46666 -11.64686 0.00000
v 44.61502 -5.87368 0.00000
v 45.00000 0.00000 210.00000
v 44.61502 5.87368 210.00000
v 43.46666 11.64686 210.00000
v 41.57458 17.22075 210.00000
v 38.97114 22.50000 210.00000
v 35.70090 27.39426 210.00000
v 31.81981 31.81981 210.00000
v 27.39426 35.70090 210.00000
v 22.50000 38.97114 210.00000
v 17.22075 41.57458 210.00000
v 11.64686 43.46666 210.00000
v 5.87368 44.61502 210.00000
v 0.00000 45.00000 210.00000
v -5.87368 44.61502 210.00000
v -11.64686 43.46666 210.00000
v -17.22075 41.57458 210.00000
v -22.50000 38.97114 210.00000
v -27.39426 35.70090 210.00000
v -31.81981 31.81981 210.00000
v -35.70090 27.39426 210.00000
v -38.97114 22.50000 210.00000
v -41.57458 17.22075 210.00000
v -43.46666 11.64686 210.00000
v -44.61502 5.87368 210.00000
v -45.00000 0.00000 210.00000
v -44.61502 -5.87368 210.00000
v -43.46666 -11.64686 210.00000
v -41.57458 -17.22075 210.00000
v -38.97114 -22.50000 210.00000
v -35.70090 -27.39426 210.00000
v -31.81981 -31.81981 210.00000
v -27.39426 -35.70090 210.00000
v -22.50000 -38.97114 210.00000
v -17.22075 -41.57458 210.00000
v -11.64686 -43.46666 210.00000
v -5.87368 -44.61502 210.00000
v -0.00000 -45.00000 210.00000
v 5.87368 -44.61502 210.00000
v 11.64686 -43.46666 210.00000
v 17.22075 -41.57458 210.00000
v 22.50000 -38.97114 210.00000
v 27.39426 -35.70090 210.00000
v 31.81981 -31.81981 210.00000
v 35.70090 -27.39426 210.00000
v 38.97114 -22.50000 210.00000
v 41.57458 -17.22075 210.00000
v 43.46666 -11.64686 210.00000
v 44.61502 -5.87368 210.00000
v 41.00000 0.00000 0.00000
v 40.64924 5.35157 0.00000
v 39.60296 10.61158 0.00000
v 37.87906 15.69002 0.00000
v 35.50704 20.50000 0.00000
v 32.52749 24.95922 0.00000
v 28.99138 28.99138 0.00000
v 24.95922 32.52749 0.00000
v 20.50000 35.50704 0.00000
v 15.69002 37.87906 0.00000
v 10.61158 39.60296 0.00000
v 5.35157 40.64924 0.00000
v 0.00000 41.00000 0.00000
v -5.35157 40.64924 0.00000
v -10.61158 39.60296 0.00000
v -15.69002 37.87906 0.00000
v -20.50000 35.50704 0.00000
v -24.95922 32.52749 0.00000
v -28.99138 28.99138 0.00000
v -32.52749 24.95922 0.00000
v -35.50704 20.50000 0.00000
v -37.87906 15.69002 0.00000
v -39.60296 10.61158 0.00000
v -40.64924 5.35157 0.00000
v -41.00000 0.00000 0.00000
v -40.64924 -5.35157 0.00000
v -39.60296 -10.61158 0.00000
v -37.87906 -15.69002 0.00000
v -35.50704 -20.50000 0.00000
v -32.52749 -24.95922 0.00000
v -28.99138 -28.99138 0.00000
v -24.95922 -32.52749 0.00000
v -20.50000 -35.50704 0.00000
v -15.69002 -37.87906 0.00000
v -10.61158 -39.60296 0.00000
v -5.35157 -40.64924 0.00000
v -0.00000 -41.00000 0.00000
v 5.35157 -40.64924 0.00000
v 10.61158 -39.60296 0.00000
v 15.69002 -37.87906 0.00000
v 20.50000 -35.50704 0.00000
v 24.95922 -32.52749 0.00000
v 28.99138 -28.99138 0.00000
v 32.52749 -24.95922 0.00000
v 35.50704 -20.50000 0.00000
v 37.87906 -15.69002 0.00000
v 39.60296 -10.61158 0.00000
v 40.64924 -5.35157 0.00000
v 41.00000 0.00000 210.00000
v 40.64924 5.35157 210.00000
v 39.60296 10.61158 210.00000
v 37.87906 15.69002 210.00000
v 35.50704 20.50000 210.00000
v 32.52749 24.95922 210.00000
v 28.99138 28.99138 210.00000
v 24.95922 32.52749 210.00000
v 20.50000 35.50704 210.00000
v 15.69002 37.87906 210.00000
v 10.61158 39.60296 210.00000
v 5.35157 40.64924 210.00000
v 0.00000 41.00000 210.00000
v -5.35157 40.64924 210.00000
v -10.61158 39.60296 210.00000
v -15.69002 37.87906 210.00000
v -20.50000 35.50704 210.00000
v -24.95922 32.52749 210.00000
v -28.99138 28.99138 210.00000
v -32.52749 24.95922 210.00000
v -35.50704 20.50000 210.00000
v -37.87906 15.69002 210.00000
v -39.60296 10.61158 210.00000
v -40.64924 5.35157 210.00000
v -41.00000 0.00000 210.00000
v -40.64924 -5.35157 210.00000
v -39.60296 -10.61158 210.00000
v -37.87906 -15.69002 210.00000
v -35.50704 -20.50000 210.00000
v -32.52749 -24.95922 210.00000
v -28.99138 -28.99138 210.00000
v -24.95922 -32.52749 210.00000
v -20.50000 -35.50704 210.00000
v -15.69002 -37.87906 210.00000
v -10.61158 -39.60296 210.00000
v -5.35157 -40.64924 210.00000
v -0.00000 -41.00000 210.00000
v 5.35157 -40.64924 210.00000
v 10.61158 -39.60296 210.00000
v 15.69002 -37.87906 210.00000
v 20.50000 -35.50704 210.00000
v 24.95922 -32.52749 210.00000
v 28.99138 -28.99138 210.00000
v 32.52749 -24.95922 210.00000
v 35.50704 -20.50000 210.00000
v 37.87906 -15.69002 210.00000
v 39.60296 -10.61158 210.00000
v 40.64924 -5.35157 210.00000
f 1 2 50
f 1 50 49
f 97 145 146
f 97 146 98
f 49 50 146
f 49 146 145
f 1 97 98
f 1 98 2
f 2 3 51
f 2 51 50
f 98 146 147
f 98 147 99
f 50 51 147
f 50 147 146
f 2 98 99
f 2 99 3
f 3 4 52
f 3 52 51
f 99 147 148
f 99 148 100
f 51 52 148
f 51 148 147
f 3 99 100
f 3 100 4
f 4 5 53
f 4 53 52
f 100 148 149
f 100 149 101
f 52 53 149
f 52 149 148
f 4 100 101
f 4 101 5
f 5 6 54
f 5 54 53
f 101 149 150
f 101 150 102
f 53 54 150
f 53 150 149
f 5 101 102
f 5 102 6
f 6 7 55
f 6 55 54
f 102 150 151
f 102 151 103
f 54 55 151
f 54 151 150
f 6 102 103
f 6 103 7
f 7 8 56
f 7 56 55
f 103 151 152
f 103 152 104
f 55 56 152
f 55 152 151
f 7 103 104
f 7 104 8
f 8 9 57
f 8 57 56
f 104 152 153
f 104 153 105
f 56 57 153
f 56 153 152
f 8 104 105
f 8 105 9
f 9 10 58
f 9 58 57
f 105 153 154
f 105 154 106
f 57 58 154
f 57 154 153
f 9 105 106
f 9 106 10
f 10 11 59
f 10 59 58
f 106 154 155
f 106 155 107
f 58 59 155
f 58 155 154
f 10 106 107
f 10 107 11
f 11 12 60
f 11 60 59
f 107 155 156
f 107 156 108
f 59 60 156
f 59 156 155
f 11 107 108
f 11 108 12
f 12 13 61
f 12 61 60
f 108 156 157
f 108 157 109
f 60 61 157
f 60 157 156
f 12 108 109
f 12 109 13
f 13 14 62
f 13 62 61
f 109 157 158
f 109 158 110
f 61 62 158
f 61 158 157
f 13 109 110
f 13 110 14
f 14 15 63
f 14 63 62
f 110 158 159
f 110 159 111
f 62 63 159
f 62 159 158
f 14 110 111
f 14 111 15
f 15 16 64
f 15 64 63
f 111 159 160
f 111 160 112
f 63 64 160
f 63 160 159
f 15 111 112
f 15 112 16
f 16 17 65
f 16 65 64
f 112 160 161
f 112 161 113
f 64 65 161
f 64 161 160
f 16 112 113
f 16 113 17
f 17 18 66
f 17 66 65
f 113 161 162
f 113 162 114
f 65 66 162
f 65 162 161
f 17 113 114
f 17 114 18
f 18 19 67
f 18 67 66
f 114 162 163
f 114 163 115
f 66 67 163
f 66 163 162
f 18 114 115
f 18 115 19
f 19 20 68
f 19 68 67
f 115 163 164
f 115 164 116
f 67 68 164
f 67 164 163
f 19 115 116
f 19 116 20
f 20 21 69
f 20 69 68
f 116 164 165
f 116 165 117
f 68 69 165
f 68 165 164
f 20 116 117
f 20 117 21
f 21 22 70
f 21 70 69
f 117 165 166
f 117 166 118
f 69 70 166
f 69 166 165
f 21 117 118
f 21 118 22
f 22 23 71
f 22 71 70
f 118 166 167
f 118 167 119
f 70 71 167
f 70 167 166
f 22 118 119
f 22 119 23
f 23 24 72
f 23 72 71
f 119 167 168
f 119 168 120
f 71 72 168
f 71 168 167
f 23 119 120
f 23 120 24
f 24 25 73
f 24 73 72
f 120 168 169
f 120 169 121
f 72 73 169
f 72 169 168
f 24 120 121
f 24 121 25
f 25 26 74
f 25 74 73
f 121 169 170
f 121 170 122
f 73 74 170
f 73 170 169
f 25 121 122
f 25 122 26
f 26 27 75
f 26 75 74
f 122 170 171
f 122 171 123
f 74 75 171
f 74 171 170
f 26 122 123
f 26 123 27
f 27 28 76
f 27 76 75
f 123 171 172
f 123 172 124
f 75 76 172
f 75 172 171
f 27 123 124
f 27 124 28
f 28 29 77
f 28 77 76
f 124 172 173
f 124 173 125
f 76 77 173
f 76 173 172
f 28 124 125
f 28 125 29
f 29 30 78
f 29 78 77
f 125 173 174
f 125 174 126
f 77 78 174
f 77 174 173
f 29 125 126
f 29 126 30
f 30 31 79
f 30 79 78
f 126 174 175
f 126 175 127
f 78 79 175
f 78 175 174
f 30 126 127
f 30 127 31
f 31 32 80
f 31 80 79
f 127 175 176
f 127 176 128
f 79 80 176
f 79 176 175
f 31 127 128
f 31 128 32
f 32 33 81
f 32 81 80
f 128 176 177
f 128 177 129
f 80 81 177
f 80 177 176
f 32 128 129
f 32 129 33
f 33 34 82
f 33 82 81
f 129 177 178
f 129 178 130
f 81 82 178
f 81 178 177
f 33 129 130
f 33 130 34
f 34 35 83
f 34 83 82
f 130 178 179
f 130 179 131
f 82 83 179
f 82 179 178
f 34 130 131
f 34 131 35
f 35 36 84
f 35 84 83
f 131 179 180
f 131 180 132
f 83 84 180
f 83 180 179
f 35 131 132
f 35 132 36
f 36 37 85
f 36 85 84
f 132 180 181
f 132 181 133
f 84 85 181
f 84 181 180
f 36 132 133
f 36 133 37
f 37 38 86
f 37 86 85
f 133 181 182
f 133 182 134
f 85 86 182
f 85 182 181
f 37 133 134
f 37 134 38
f 38 39 87
f 38 87 86
f 134 182 183
f 134 183 135
f 86 87 183
f 86 183 182
f 38 134 135
f 38 135 39
f 39 40 88
f 39 88 87
f 135 183 184
f 135 184 136
f 87 88 184
f 87 184 183
f 39 135 136
f 39 136 40
f 40 41 89
f 40 89 88
f 136 184 185
f 136 185 137
f 88 89 185
f 88 185 184
f 40 136 137
f 40 137 41
f 41 42 90
f 41 90 89
f 137 185 186
f 137 186 138
f 89 90 186
f 89 186 185
f 41 137 138
f 41 138 42
f 42 43 91
f 42 91 90
f 138 186 187
f 138 187 139
f 90 91 187
f 90 187 186
f 42 138 139
f 42 139 43
f 43 44 92
f 43 92 91
f 139 187 188
f 139 188 140
f 91 92 188
f 91 188 187
f 43 139 140
f 43 140 44
f 44 45 93
f 44 93 92
f 140 188 189
f 140 189 141
f 92 93 189
f 92 189 188
f 44 140 141
f 44 141 45
f 45 46 94
f 45 94 93
f 141 189 190
f 141 190 142
f 93 94 190
f 93 190 189
f 45 141 142
f 45 142 46
f 46 47 95
f 46 95 94
f 142 190 191
f 142 191 143
f 94 95 191
f 94 191 190
f 46 142 143
f 46 143 47
f 47 48 96
f 47 96 95
f 143 191 192
f 143 192 144
f 95 96 192
f 95 192 191
f 47 143 144
f 47 144 48
f 48 1 49
f 48 49 96
f 144 192 145
f 144 145 97
f 96 49 145
f 96 145 192
f 48 144 97
f 48 97 1
o 02___Gornji_poklopac_·_Ø112_×_12
v 56.00000 0.00000 210.00000
v 55.52091 7.30947 210.00000
v 54.09185 14.49387 210.00000
v 51.73725 21.43027 210.00000
v 48.49742 28.00000 210.00000
v 44.42779 34.09064 210.00000
v 39.59798 39.59798 210.00000
v 34.09064 44.42779 210.00000
v 28.00000 48.49742 210.00000
v 21.43027 51.73725 210.00000
v 14.49387 54.09185 210.00000
v 7.30947 55.52091 210.00000
v 0.00000 56.00000 210.00000
v -7.30947 55.52091 210.00000
v -14.49387 54.09185 210.00000
v -21.43027 51.73725 210.00000
v -28.00000 48.49742 210.00000
v -34.09064 44.42779 210.00000
v -39.59798 39.59798 210.00000
v -44.42779 34.09064 210.00000
v -48.49742 28.00000 210.00000
v -51.73725 21.43027 210.00000
v -54.09185 14.49387 210.00000
v -55.52091 7.30947 210.00000
v -56.00000 0.00000 210.00000
v -55.52091 -7.30947 210.00000
v -54.09185 -14.49387 210.00000
v -51.73725 -21.43027 210.00000
v -48.49742 -28.00000 210.00000
v -44.42779 -34.09064 210.00000
v -39.59798 -39.59798 210.00000
v -34.09064 -44.42779 210.00000
v -28.00000 -48.49742 210.00000
v -21.43027 -51.73725 210.00000
v -14.49387 -54.09185 210.00000
v -7.30947 -55.52091 210.00000
v -0.00000 -56.00000 210.00000
v 7.30947 -55.52091 210.00000
v 14.49387 -54.09185 210.00000
v 21.43027 -51.73725 210.00000
v 28.00000 -48.49742 210.00000
v 34.09064 -44.42779 210.00000
v 39.59798 -39.59798 210.00000
v 44.42779 -34.09064 210.00000
v 48.49742 -28.00000 210.00000
v 51.73725 -21.43027 210.00000
v 54.09185 -14.49387 210.00000
v 55.52091 -7.30947 210.00000
v 56.00000 0.00000 222.00000
v 55.52091 7.30947 222.00000
v 54.09185 14.49387 222.00000
v 51.73725 21.43027 222.00000
v 48.49742 28.00000 222.00000
v 44.42779 34.09064 222.00000
v 39.59798 39.59798 222.00000
v 34.09064 44.42779 222.00000
v 28.00000 48.49742 222.00000
v 21.43027 51.73725 222.00000
v 14.49387 54.09185 222.00000
v 7.30947 55.52091 222.00000
v 0.00000 56.00000 222.00000
v -7.30947 55.52091 222.00000
v -14.49387 54.09185 222.00000
v -21.43027 51.73725 222.00000
v -28.00000 48.49742 222.00000
v -34.09064 44.42779 222.00000
v -39.59798 39.59798 222.00000
v -44.42779 34.09064 222.00000
v -48.49742 28.00000 222.00000
v -51.73725 21.43027 222.00000
v -54.09185 14.49387 222.00000
v -55.52091 7.30947 222.00000
v -56.00000 0.00000 222.00000
v -55.52091 -7.30947 222.00000
v -54.09185 -14.49387 222.00000
v -51.73725 -21.43027 222.00000
v -48.49742 -28.00000 222.00000
v -44.42779 -34.09064 222.00000
v -39.59798 -39.59798 222.00000
v -34.09064 -44.42779 222.00000
v -28.00000 -48.49742 222.00000
v -21.43027 -51.73725 222.00000
v -14.49387 -54.09185 222.00000
v -7.30947 -55.52091 222.00000
v -0.00000 -56.00000 222.00000
v 7.30947 -55.52091 222.00000
v 14.49387 -54.09185 222.00000
v 21.43027 -51.73725 222.00000
v 28.00000 -48.49742 222.00000
v 34.09064 -44.42779 222.00000
v 39.59798 -39.59798 222.00000
v 44.42779 -34.09064 222.00000
v 48.49742 -28.00000 222.00000
v 51.73725 -21.43027 222.00000
v 54.09185 -14.49387 222.00000
v 55.52091 -7.30947 222.00000
v 6.00000 0.00000 210.00000
v 5.94867 0.78316 210.00000
v 5.79555 1.55291 210.00000
v 5.54328 2.29610 210.00000
v 5.19615 3.00000 210.00000
v 4.76012 3.65257 210.00000
v 4.24264 4.24264 210.00000
v 3.65257 4.76012 210.00000
v 3.00000 5.19615 210.00000
v 2.29610 5.54328 210.00000
v 1.55291 5.79555 210.00000
v 0.78316 5.94867 210.00000
v 0.00000 6.00000 210.00000
v -0.78316 5.94867 210.00000
v -1.55291 5.79555 210.00000
v -2.29610 5.54328 210.00000
v -3.00000 5.19615 210.00000
v -3.65257 4.76012 210.00000
v -4.24264 4.24264 210.00000
v -4.76012 3.65257 210.00000
v -5.19615 3.00000 210.00000
v -5.54328 2.29610 210.00000
v -5.79555 1.55291 210.00000
v -5.94867 0.78316 210.00000
v -6.00000 0.00000 210.00000
v -5.94867 -0.78316 210.00000
v -5.79555 -1.55291 210.00000
v -5.54328 -2.29610 210.00000
v -5.19615 -3.00000 210.00000
v -4.76012 -3.65257 210.00000
v -4.24264 -4.24264 210.00000
v -3.65257 -4.76012 210.00000
v -3.00000 -5.19615 210.00000
v -2.29610 -5.54328 210.00000
v -1.55291 -5.79555 210.00000
v -0.78316 -5.94867 210.00000
v -0.00000 -6.00000 210.00000
v 0.78316 -5.94867 210.00000
v 1.55291 -5.79555 210.00000
v 2.29610 -5.54328 210.00000
v 3.00000 -5.19615 210.00000
v 3.65257 -4.76012 210.00000
v 4.24264 -4.24264 210.00000
v 4.76012 -3.65257 210.00000
v 5.19615 -3.00000 210.00000
v 5.54328 -2.29610 210.00000
v 5.79555 -1.55291 210.00000
v 5.94867 -0.78316 210.00000
v 6.00000 0.00000 222.00000
v 5.94867 0.78316 222.00000
v 5.79555 1.55291 222.00000
v 5.54328 2.29610 222.00000
v 5.19615 3.00000 222.00000
v 4.76012 3.65257 222.00000
v 4.24264 4.24264 222.00000
v 3.65257 4.76012 222.00000
v 3.00000 5.19615 222.00000
v 2.29610 5.54328 222.00000
v 1.55291 5.79555 222.00000
v 0.78316 5.94867 222.00000
v 0.00000 6.00000 222.00000
v -0.78316 5.94867 222.00000
v -1.55291 5.79555 222.00000
v -2.29610 5.54328 222.00000
v -3.00000 5.19615 222.00000
v -3.65257 4.76012 222.00000
v -4.24264 4.24264 222.00000
v -4.76012 3.65257 222.00000
v -5.19615 3.00000 222.00000
v -5.54328 2.29610 222.00000
v -5.79555 1.55291 222.00000
v -5.94867 0.78316 222.00000
v -6.00000 0.00000 222.00000
v -5.94867 -0.78316 222.00000
v -5.79555 -1.55291 222.00000
v -5.54328 -2.29610 222.00000
v -5.19615 -3.00000 222.00000
v -4.76012 -3.65257 222.00000
v -4.24264 -4.24264 222.00000
v -3.65257 -4.76012 222.00000
v -3.00000 -5.19615 222.00000
v -2.29610 -5.54328 222.00000
v -1.55291 -5.79555 222.00000
v -0.78316 -5.94867 222.00000
v -0.00000 -6.00000 222.00000
v 0.78316 -5.94867 222.00000
v 1.55291 -5.79555 222.00000
v 2.29610 -5.54328 222.00000
v 3.00000 -5.19615 222.00000
v 3.65257 -4.76012 222.00000
v 4.24264 -4.24264 222.00000
v 4.76012 -3.65257 222.00000
v 5.19615 -3.00000 222.00000
v 5.54328 -2.29610 222.00000
v 5.79555 -1.55291 222.00000
v 5.94867 -0.78316 222.00000
f 193 194 242
f 193 242 241
f 289 337 338
f 289 338 290
f 241 242 338
f 241 338 337
f 193 289 290
f 193 290 194
f 194 195 243
f 194 243 242
f 290 338 339
f 290 339 291
f 242 243 339
f 242 339 338
f 194 290 291
f 194 291 195
f 195 196 244
f 195 244 243
f 291 339 340
f 291 340 292
f 243 244 340
f 243 340 339
f 195 291 292
f 195 292 196
f 196 197 245
f 196 245 244
f 292 340 341
f 292 341 293
f 244 245 341
f 244 341 340
f 196 292 293
f 196 293 197
f 197 198 246
f 197 246 245
f 293 341 342
f 293 342 294
f 245 246 342
f 245 342 341
f 197 293 294
f 197 294 198
f 198 199 247
f 198 247 246
f 294 342 343
f 294 343 295
f 246 247 343
f 246 343 342
f 198 294 295
f 198 295 199
f 199 200 248
f 199 248 247
f 295 343 344
f 295 344 296
f 247 248 344
f 247 344 343
f 199 295 296
f 199 296 200
f 200 201 249
f 200 249 248
f 296 344 345
f 296 345 297
f 248 249 345
f 248 345 344
f 200 296 297
f 200 297 201
f 201 202 250
f 201 250 249
f 297 345 346
f 297 346 298
f 249 250 346
f 249 346 345
f 201 297 298
f 201 298 202
f 202 203 251
f 202 251 250
f 298 346 347
f 298 347 299
f 250 251 347
f 250 347 346
f 202 298 299
f 202 299 203
f 203 204 252
f 203 252 251
f 299 347 348
f 299 348 300
f 251 252 348
f 251 348 347
f 203 299 300
f 203 300 204
f 204 205 253
f 204 253 252
f 300 348 349
f 300 349 301
f 252 253 349
f 252 349 348
f 204 300 301
f 204 301 205
f 205 206 254
f 205 254 253
f 301 349 350
f 301 350 302
f 253 254 350
f 253 350 349
f 205 301 302
f 205 302 206
f 206 207 255
f 206 255 254
f 302 350 351
f 302 351 303
f 254 255 351
f 254 351 350
f 206 302 303
f 206 303 207
f 207 208 256
f 207 256 255
f 303 351 352
f 303 352 304
f 255 256 352
f 255 352 351
f 207 303 304
f 207 304 208
f 208 209 257
f 208 257 256
f 304 352 353
f 304 353 305
f 256 257 353
f 256 353 352
f 208 304 305
f 208 305 209
f 209 210 258
f 209 258 257
f 305 353 354
f 305 354 306
f 257 258 354
f 257 354 353
f 209 305 306
f 209 306 210
f 210 211 259
f 210 259 258
f 306 354 355
f 306 355 307
f 258 259 355
f 258 355 354
f 210 306 307
f 210 307 211
f 211 212 260
f 211 260 259
f 307 355 356
f 307 356 308
f 259 260 356
f 259 356 355
f 211 307 308
f 211 308 212
f 212 213 261
f 212 261 260
f 308 356 357
f 308 357 309
f 260 261 357
f 260 357 356
f 212 308 309
f 212 309 213
f 213 214 262
f 213 262 261
f 309 357 358
f 309 358 310
f 261 262 358
f 261 358 357
f 213 309 310
f 213 310 214
f 214 215 263
f 214 263 262
f 310 358 359
f 310 359 311
f 262 263 359
f 262 359 358
f 214 310 311
f 214 311 215
f 215 216 264
f 215 264 263
f 311 359 360
f 311 360 312
f 263 264 360
f 263 360 359
f 215 311 312
f 215 312 216
f 216 217 265
f 216 265 264
f 312 360 361
f 312 361 313
f 264 265 361
f 264 361 360
f 216 312 313
f 216 313 217
f 217 218 266
f 217 266 265
f 313 361 362
f 313 362 314
f 265 266 362
f 265 362 361
f 217 313 314
f 217 314 218
f 218 219 267
f 218 267 266
f 314 362 363
f 314 363 315
f 266 267 363
f 266 363 362
f 218 314 315
f 218 315 219
f 219 220 268
f 219 268 267
f 315 363 364
f 315 364 316
f 267 268 364
f 267 364 363
f 219 315 316
f 219 316 220
f 220 221 269
f 220 269 268
f 316 364 365
f 316 365 317
f 268 269 365
f 268 365 364
f 220 316 317
f 220 317 221
f 221 222 270
f 221 270 269
f 317 365 366
f 317 366 318
f 269 270 366
f 269 366 365
f 221 317 318
f 221 318 222
f 222 223 271
f 222 271 270
f 318 366 367
f 318 367 319
f 270 271 367
f 270 367 366
f 222 318 319
f 222 319 223
f 223 224 272
f 223 272 271
f 319 367 368
f 319 368 320
f 271 272 368
f 271 368 367
f 223 319 320
f 223 320 224
f 224 225 273
f 224 273 272
f 320 368 369
f 320 369 321
f 272 273 369
f 272 369 368
f 224 320 321
f 224 321 225
f 225 226 274
f 225 274 273
f 321 369 370
f 321 370 322
f 273 274 370
f 273 370 369
f 225 321 322
f 225 322 226
f 226 227 275
f 226 275 274
f 322 370 371
f 322 371 323
f 274 275 371
f 274 371 370
f 226 322 323
f 226 323 227
f 227 228 276
f 227 276 275
f 323 371 372
f 323 372 324
f 275 276 372
f 275 372 371
f 227 323 324
f 227 324 228
f 228 229 277
f 228 277 276
f 324 372 373
f 324 373 325
f 276 277 373
f 276 373 372
f 228 324 325
f 228 325 229
f 229 230 278
f 229 278 277
f 325 373 374
f 325 374 326
f 277 278 374
f 277 374 373
f 229 325 326
f 229 326 230
f 230 231 279
f 230 279 278
f 326 374 375
f 326 375 327
f 278 279 375
f 278 375 374
f 230 326 327
f 230 327 231
f 231 232 280
f 231 280 279
f 327 375 376
f 327 376 328
f 279 280 376
f 279 376 375
f 231 327 328
f 231 328 232
f 232 233 281
f 232 281 280
f 328 376 377
f 328 377 329
f 280 281 377
f 280 377 376
f 232 328 329
f 232 329 233
f 233 234 282
f 233 282 281
f 329 377 378
f 329 378 330
f 281 282 378
f 281 378 377
f 233 329 330
f 233 330 234
f 234 235 283
f 234 283 282
f 330 378 379
f 330 379 331
f 282 283 379
f 282 379 378
f 234 330 331
f 234 331 235
f 235 236 284
f 235 284 283
f 331 379 380
f 331 380 332
f 283 284 380
f 283 380 379
f 235 331 332
f 235 332 236
f 236 237 285
f 236 285 284
f 332 380 381
f 332 381 333
f 284 285 381
f 284 381 380
f 236 332 333
f 236 333 237
f 237 238 286
f 237 286 285
f 333 381 382
f 333 382 334
f 285 286 382
f 285 382 381
f 237 333 334
f 237 334 238
f 238 239 287
f 238 287 286
f 334 382 383
f 334 383 335
f 286 287 383
f 286 383 382
f 238 334 335
f 238 335 239
f 239 240 288
f 239 288 287
f 335 383 384
f 335 384 336
f 287 288 384
f 287 384 383
f 239 335 336
f 239 336 240
f 240 193 241
f 240 241 288
f 336 384 337
f 336 337 289
f 288 241 337
f 288 337 384
f 240 336 289
f 240 289 193
o 02___Unutrašnji_čep
v 40.80000 0.00000 197.00000
v 40.45095 5.32547 197.00000
v 39.40977 10.55982 197.00000
v 37.69428 15.61348 197.00000
v 35.33384 20.40000 197.00000
v 32.36882 24.83747 197.00000
v 28.84996 28.84996 197.00000
v 24.83747 32.36882 197.00000
v 20.40000 35.33384 197.00000
v 15.61348 37.69428 197.00000
v 10.55982 39.40977 197.00000
v 5.32547 40.45095 197.00000
v 0.00000 40.80000 197.00000
v -5.32547 40.45095 197.00000
v -10.55982 39.40977 197.00000
v -15.61348 37.69428 197.00000
v -20.40000 35.33384 197.00000
v -24.83747 32.36882 197.00000
v -28.84996 28.84996 197.00000
v -32.36882 24.83747 197.00000
v -35.33384 20.40000 197.00000
v -37.69428 15.61348 197.00000
v -39.40977 10.55982 197.00000
v -40.45095 5.32547 197.00000
v -40.80000 0.00000 197.00000
v -40.45095 -5.32547 197.00000
v -39.40977 -10.55982 197.00000
v -37.69428 -15.61348 197.00000
v -35.33384 -20.40000 197.00000
v -32.36882 -24.83747 197.00000
v -28.84996 -28.84996 197.00000
v -24.83747 -32.36882 197.00000
v -20.40000 -35.33384 197.00000
v -15.61348 -37.69428 197.00000
v -10.55982 -39.40977 197.00000
v -5.32547 -40.45095 197.00000
v -0.00000 -40.80000 197.00000
v 5.32547 -40.45095 197.00000
v 10.55982 -39.40977 197.00000
v 15.61348 -37.69428 197.00000
v 20.40000 -35.33384 197.00000
v 24.83747 -32.36882 197.00000
v 28.84996 -28.84996 197.00000
v 32.36882 -24.83747 197.00000
v 35.33384 -20.40000 197.00000
v 37.69428 -15.61348 197.00000
v 39.40977 -10.55982 197.00000
v 40.45095 -5.32547 197.00000
v 40.80000 0.00000 210.00000
v 40.45095 5.32547 210.00000
v 39.40977 10.55982 210.00000
v 37.69428 15.61348 210.00000
v 35.33384 20.40000 210.00000
v 32.36882 24.83747 210.00000
v 28.84996 28.84996 210.00000
v 24.83747 32.36882 210.00000
v 20.40000 35.33384 210.00000
v 15.61348 37.69428 210.00000
v 10.55982 39.40977 210.00000
v 5.32547 40.45095 210.00000
v 0.00000 40.80000 210.00000
v -5.32547 40.45095 210.00000
v -10.55982 39.40977 210.00000
v -15.61348 37.69428 210.00000
v -20.40000 35.33384 210.00000
v -24.83747 32.36882 210.00000
v -28.84996 28.84996 210.00000
v -32.36882 24.83747 210.00000
v -35.33384 20.40000 210.00000
v -37.69428 15.61348 210.00000
v -39.40977 10.55982 210.00000
v -40.45095 5.32547 210.00000
v -40.80000 0.00000 210.00000
v -40.45095 -5.32547 210.00000
v -39.40977 -10.55982 210.00000
v -37.69428 -15.61348 210.00000
v -35.33384 -20.40000 210.00000
v -32.36882 -24.83747 210.00000
v -28.84996 -28.84996 210.00000
v -24.83747 -32.36882 210.00000
v -20.40000 -35.33384 210.00000
v -15.61348 -37.69428 210.00000
v -10.55982 -39.40977 210.00000
v -5.32547 -40.45095 210.00000
v -0.00000 -40.80000 210.00000
v 5.32547 -40.45095 210.00000
v 10.55982 -39.40977 210.00000
v 15.61348 -37.69428 210.00000
v 20.40000 -35.33384 210.00000
v 24.83747 -32.36882 210.00000
v 28.84996 -28.84996 210.00000
v 32.36882 -24.83747 210.00000
v 35.33384 -20.40000 210.00000
v 37.69428 -15.61348 210.00000
v 39.40977 -10.55982 210.00000
v 40.45095 -5.32547 210.00000
v 6.00000 0.00000 197.00000
v 5.94867 0.78316 197.00000
v 5.79555 1.55291 197.00000
v 5.54328 2.29610 197.00000
v 5.19615 3.00000 197.00000
v 4.76012 3.65257 197.00000
v 4.24264 4.24264 197.00000
v 3.65257 4.76012 197.00000
v 3.00000 5.19615 197.00000
v 2.29610 5.54328 197.00000
v 1.55291 5.79555 197.00000
v 0.78316 5.94867 197.00000
v 0.00000 6.00000 197.00000
v -0.78316 5.94867 197.00000
v -1.55291 5.79555 197.00000
v -2.29610 5.54328 197.00000
v -3.00000 5.19615 197.00000
v -3.65257 4.76012 197.00000
v -4.24264 4.24264 197.00000
v -4.76012 3.65257 197.00000
v -5.19615 3.00000 197.00000
v -5.54328 2.29610 197.00000
v -5.79555 1.55291 197.00000
v -5.94867 0.78316 197.00000
v -6.00000 0.00000 197.00000
v -5.94867 -0.78316 197.00000
v -5.79555 -1.55291 197.00000
v -5.54328 -2.29610 197.00000
v -5.19615 -3.00000 197.00000
v -4.76012 -3.65257 197.00000
v -4.24264 -4.24264 197.00000
v -3.65257 -4.76012 197.00000
v -3.00000 -5.19615 197.00000
v -2.29610 -5.54328 197.00000
v -1.55291 -5.79555 197.00000
v -0.78316 -5.94867 197.00000
v -0.00000 -6.00000 197.00000
v 0.78316 -5.94867 197.00000
v 1.55291 -5.79555 197.00000
v 2.29610 -5.54328 197.00000
v 3.00000 -5.19615 197.00000
v 3.65257 -4.76012 197.00000
v 4.24264 -4.24264 197.00000
v 4.76012 -3.65257 197.00000
v 5.19615 -3.00000 197.00000
v 5.54328 -2.29610 197.00000
v 5.79555 -1.55291 197.00000
v 5.94867 -0.78316 197.00000
v 6.00000 0.00000 210.00000
v 5.94867 0.78316 210.00000
v 5.79555 1.55291 210.00000
v 5.54328 2.29610 210.00000
v 5.19615 3.00000 210.00000
v 4.76012 3.65257 210.00000
v 4.24264 4.24264 210.00000
v 3.65257 4.76012 210.00000
v 3.00000 5.19615 210.00000
v 2.29610 5.54328 210.00000
v 1.55291 5.79555 210.00000
v 0.78316 5.94867 210.00000
v 0.00000 6.00000 210.00000
v -0.78316 5.94867 210.00000
v -1.55291 5.79555 210.00000
v -2.29610 5.54328 210.00000
v -3.00000 5.19615 210.00000
v -3.65257 4.76012 210.00000
v -4.24264 4.24264 210.00000
v -4.76012 3.65257 210.00000
v -5.19615 3.00000 210.00000
v -5.54328 2.29610 210.00000
v -5.79555 1.55291 210.00000
v -5.94867 0.78316 210.00000
v -6.00000 0.00000 210.00000
v -5.94867 -0.78316 210.00000
v -5.79555 -1.55291 210.00000
v -5.54328 -2.29610 210.00000
v -5.19615 -3.00000 210.00000
v -4.76012 -3.65257 210.00000
v -4.24264 -4.24264 210.00000
v -3.65257 -4.76012 210.00000
v -3.00000 -5.19615 210.00000
v -2.29610 -5.54328 210.00000
v -1.55291 -5.79555 210.00000
v -0.78316 -5.94867 210.00000
v -0.00000 -6.00000 210.00000
v 0.78316 -5.94867 210.00000
v 1.55291 -5.79555 210.00000
v 2.29610 -5.54328 210.00000
v 3.00000 -5.19615 210.00000
v 3.65257 -4.76012 210.00000
v 4.24264 -4.24264 210.00000
v 4.76012 -3.65257 210.00000
v 5.19615 -3.00000 210.00000
v 5.54328 -2.29610 210.00000
v 5.79555 -1.55291 210.00000
v 5.94867 -0.78316 210.00000
f 385 386 434
f 385 434 433
f 481 529 530
f 481 530 482
f 433 434 530
f 433 530 529
f 385 481 482
f 385 482 386
f 386 387 435
f 386 435 434
f 482 530 531
f 482 531 483
f 434 435 531
f 434 531 530
f 386 482 483
f 386 483 387
f 387 388 436
f 387 436 435
f 483 531 532
f 483 532 484
f 435 436 532
f 435 532 531
f 387 483 484
f 387 484 388
f 388 389 437
f 388 437 436
f 484 532 533
f 484 533 485
f 436 437 533
f 436 533 532
f 388 484 485
f 388 485 389
f 389 390 438
f 389 438 437
f 485 533 534
f 485 534 486
f 437 438 534
f 437 534 533
f 389 485 486
f 389 486 390
f 390 391 439
f 390 439 438
f 486 534 535
f 486 535 487
f 438 439 535
f 438 535 534
f 390 486 487
f 390 487 391
f 391 392 440
f 391 440 439
f 487 535 536
f 487 536 488
f 439 440 536
f 439 536 535
f 391 487 488
f 391 488 392
f 392 393 441
f 392 441 440
f 488 536 537
f 488 537 489
f 440 441 537
f 440 537 536
f 392 488 489
f 392 489 393
f 393 394 442
f 393 442 441
f 489 537 538
f 489 538 490
f 441 442 538
f 441 538 537
f 393 489 490
f 393 490 394
f 394 395 443
f 394 443 442
f 490 538 539
f 490 539 491
f 442 443 539
f 442 539 538
f 394 490 491
f 394 491 395
f 395 396 444
f 395 444 443
f 491 539 540
f 491 540 492
f 443 444 540
f 443 540 539
f 395 491 492
f 395 492 396
f 396 397 445
f 396 445 444
f 492 540 541
f 492 541 493
f 444 445 541
f 444 541 540
f 396 492 493
f 396 493 397
f 397 398 446
f 397 446 445
f 493 541 542
f 493 542 494
f 445 446 542
f 445 542 541
f 397 493 494
f 397 494 398
f 398 399 447
f 398 447 446
f 494 542 543
f 494 543 495
f 446 447 543
f 446 543 542
f 398 494 495
f 398 495 399
f 399 400 448
f 399 448 447
f 495 543 544
f 495 544 496
f 447 448 544
f 447 544 543
f 399 495 496
f 399 496 400
f 400 401 449
f 400 449 448
f 496 544 545
f 496 545 497
f 448 449 545
f 448 545 544
f 400 496 497
f 400 497 401
f 401 402 450
f 401 450 449
f 497 545 546
f 497 546 498
f 449 450 546
f 449 546 545
f 401 497 498
f 401 498 402
f 402 403 451
f 402 451 450
f 498 546 547
f 498 547 499
f 450 451 547
f 450 547 546
f 402 498 499
f 402 499 403
f 403 404 452
f 403 452 451
f 499 547 548
f 499 548 500
f 451 452 548
f 451 548 547
f 403 499 500
f 403 500 404
f 404 405 453
f 404 453 452
f 500 548 549
f 500 549 501
f 452 453 549
f 452 549 548
f 404 500 501
f 404 501 405
f 405 406 454
f 405 454 453
f 501 549 550
f 501 550 502
f 453 454 550
f 453 550 549
f 405 501 502
f 405 502 406
f 406 407 455
f 406 455 454
f 502 550 551
f 502 551 503
f 454 455 551
f 454 551 550
f 406 502 503
f 406 503 407
f 407 408 456
f 407 456 455
f 503 551 552
f 503 552 504
f 455 456 552
f 455 552 551
f 407 503 504
f 407 504 408
f 408 409 457
f 408 457 456
f 504 552 553
f 504 553 505
f 456 457 553
f 456 553 552
f 408 504 505
f 408 505 409
f 409 410 458
f 409 458 457
f 505 553 554
f 505 554 506
f 457 458 554
f 457 554 553
f 409 505 506
f 409 506 410
f 410 411 459
f 410 459 458
f 506 554 555
f 506 555 507
f 458 459 555
f 458 555 554
f 410 506 507
f 410 507 411
f 411 412 460
f 411 460 459
f 507 555 556
f 507 556 508
f 459 460 556
f 459 556 555
f 411 507 508
f 411 508 412
f 412 413 461
f 412 461 460
f 508 556 557
f 508 557 509
f 460 461 557
f 460 557 556
f 412 508 509
f 412 509 413
f 413 414 462
f 413 462 461
f 509 557 558
f 509 558 510
f 461 462 558
f 461 558 557
f 413 509 510
f 413 510 414
f 414 415 463
f 414 463 462
f 510 558 559
f 510 559 511
f 462 463 559
f 462 559 558
f 414 510 511
f 414 511 415
f 415 416 464
f 415 464 463
f 511 559 560
f 511 560 512
f 463 464 560
f 463 560 559
f 415 511 512
f 415 512 416
f 416 417 465
f 416 465 464
f 512 560 561
f 512 561 513
f 464 465 561
f 464 561 560
f 416 512 513
f 416 513 417
f 417 418 466
f 417 466 465
f 513 561 562
f 513 562 514
f 465 466 562
f 465 562 561
f 417 513 514
f 417 514 418
f 418 419 467
f 418 467 466
f 514 562 563
f 514 563 515
f 466 467 563
f 466 563 562
f 418 514 515
f 418 515 419
f 419 420 468
f 419 468 467
f 515 563 564
f 515 564 516
f 467 468 564
f 467 564 563
f 419 515 516
f 419 516 420
f 420 421 469
f 420 469 468
f 516 564 565
f 516 565 517
f 468 469 565
f 468 565 564
f 420 516 517
f 420 517 421
f 421 422 470
f 421 470 469
f 517 565 566
f 517 566 518
f 469 470 566
f 469 566 565
f 421 517 518
f 421 518 422
f 422 423 471
f 422 471 470
f 518 566 567
f 518 567 519
f 470 471 567
f 470 567 566
f 422 518 519
f 422 519 423
f 423 424 472
f 423 472 471
f 519 567 568
f 519 568 520
f 471 472 568
f 471 568 567
f 423 519 520
f 423 520 424
f 424 425 473
f 424 473 472
f 520 568 569
f 520 569 521
f 472 473 569
f 472 569 568
f 424 520 521
f 424 521 425
f 425 426 474
f 425 474 473
f 521 569 570
f 521 570 522
f 473 474 570
f 473 570 569
f 425 521 522
f 425 522 426
f 426 427 475
f 426 475 474
f 522 570 571
f 522 571 523
f 474 475 571
f 474 571 570
f 426 522 523
f 426 523 427
f 427 428 476
f 427 476 475
f 523 571 572
f 523 572 524
f 475 476 572
f 475 572 571
f 427 523 524
f 427 524 428
f 428 429 477
f 428 477 476
f 524 572 573
f 524 573 525
f 476 477 573
f 476 573 572
f 428 524 525
f 428 525 429
f 429 430 478
f 429 478 477
f 525 573 574
f 525 574 526
f 477 478 574
f 477 574 573
f 429 525 526
f 429 526 430
f 430 431 479
f 430 479 478
f 526 574 575
f 526 575 527
f 478 479 575
f 478 575 574
f 430 526 527
f 430 527 431
f 431 432 480
f 431 480 479
f 527 575 576
f 527 576 528
f 479 480 576
f 479 576 575
f 431 527 528
f 431 528 432
f 432 385 433
f 432 433 480
f 528 576 529
f 528 529 481
f 480 433 529
f 480 529 576
f 432 528 481
f 432 481 385
o 03___Donja_ploča_·_priključci_sondi
v 56.00000 0.00000 -12.00000
v 55.52091 7.30947 -12.00000
v 54.09185 14.49387 -12.00000
v 51.73725 21.43027 -12.00000
v 48.49742 28.00000 -12.00000
v 44.42779 34.09064 -12.00000
v 39.59798 39.59798 -12.00000
v 34.09064 44.42779 -12.00000
v 28.00000 48.49742 -12.00000
v 21.43027 51.73725 -12.00000
v 14.49387 54.09185 -12.00000
v 7.30947 55.52091 -12.00000
v 0.00000 56.00000 -12.00000
v -7.30947 55.52091 -12.00000
v -14.49387 54.09185 -12.00000
v -21.43027 51.73725 -12.00000
v -28.00000 48.49742 -12.00000
v -34.09064 44.42779 -12.00000
v -39.59798 39.59798 -12.00000
v -44.42779 34.09064 -12.00000
v -48.49742 28.00000 -12.00000
v -51.73725 21.43027 -12.00000
v -54.09185 14.49387 -12.00000
v -55.52091 7.30947 -12.00000
v -56.00000 0.00000 -12.00000
v -55.52091 -7.30947 -12.00000
v -54.09185 -14.49387 -12.00000
v -51.73725 -21.43027 -12.00000
v -48.49742 -28.00000 -12.00000
v -44.42779 -34.09064 -12.00000
v -39.59798 -39.59798 -12.00000
v -34.09064 -44.42779 -12.00000
v -28.00000 -48.49742 -12.00000
v -21.43027 -51.73725 -12.00000
v -14.49387 -54.09185 -12.00000
v -7.30947 -55.52091 -12.00000
v -0.00000 -56.00000 -12.00000
v 7.30947 -55.52091 -12.00000
v 14.49387 -54.09185 -12.00000
v 21.43027 -51.73725 -12.00000
v 28.00000 -48.49742 -12.00000
v 34.09064 -44.42779 -12.00000
v 39.59798 -39.59798 -12.00000
v 44.42779 -34.09064 -12.00000
v 48.49742 -28.00000 -12.00000
v 51.73725 -21.43027 -12.00000
v 54.09185 -14.49387 -12.00000
v 55.52091 -7.30947 -12.00000
v 56.00000 0.00000 0.00000
v 55.52091 7.30947 0.00000
v 54.09185 14.49387 0.00000
v 51.73725 21.43027 0.00000
v 48.49742 28.00000 0.00000
v 44.42779 34.09064 0.00000
v 39.59798 39.59798 0.00000
v 34.09064 44.42779 0.00000
v 28.00000 48.49742 0.00000
v 21.43027 51.73725 0.00000
v 14.49387 54.09185 0.00000
v 7.30947 55.52091 0.00000
v 0.00000 56.00000 0.00000
v -7.30947 55.52091 0.00000
v -14.49387 54.09185 0.00000
v -21.43027 51.73725 0.00000
v -28.00000 48.49742 0.00000
v -34.09064 44.42779 0.00000
v -39.59798 39.59798 0.00000
v -44.42779 34.09064 0.00000
v -48.49742 28.00000 0.00000
v -51.73725 21.43027 0.00000
v -54.09185 14.49387 0.00000
v -55.52091 7.30947 0.00000
v -56.00000 0.00000 0.00000
v -55.52091 -7.30947 0.00000
v -54.09185 -14.49387 0.00000
v -51.73725 -21.43027 0.00000
v -48.49742 -28.00000 0.00000
v -44.42779 -34.09064 0.00000
v -39.59798 -39.59798 0.00000
v -34.09064 -44.42779 0.00000
v -28.00000 -48.49742 0.00000
v -21.43027 -51.73725 0.00000
v -14.49387 -54.09185 0.00000
v -7.30947 -55.52091 0.00000
v -0.00000 -56.00000 0.00000
v 7.30947 -55.52091 0.00000
v 14.49387 -54.09185 0.00000
v 21.43027 -51.73725 0.00000
v 28.00000 -48.49742 0.00000
v 34.09064 -44.42779 0.00000
v 39.59798 -39.59798 0.00000
v 44.42779 -34.09064 0.00000
v 48.49742 -28.00000 0.00000
v 51.73725 -21.43027 0.00000
v 54.09185 -14.49387 0.00000
v 55.52091 -7.30947 0.00000
v 0.00000 0.00000 -12.00000
v 0.00000 0.00000 -12.00000
v 0.00000 0.00000 -12.00000
v 0.00000 0.00000 -12.00000
v 0.00000 0.00000 -12.00000
v 0.00000 0.00000 -12.00000
v 0.00000 0.00000 -12.00000
v 0.00000 0.00000 -12.00000
v 0.00000 0.00000 -12.00000
v 0.00000 0.00000 -12.00000
v 0.00000 0.00000 -12.00000
v 0.00000 0.00000 -12.00000
v 0.00000 0.00000 -12.00000
v 0.00000 0.00000 -12.00000
v 0.00000 0.00000 -12.00000
v 0.00000 0.00000 -12.00000
v 0.00000 0.00000 -12.00000
v 0.00000 0.00000 -12.00000
v 0.00000 0.00000 -12.00000
v 0.00000 0.00000 -12.00000
v 0.00000 0.00000 -12.00000
v 0.00000 0.00000 -12.00000
v 0.00000 0.00000 -12.00000
v 0.00000 0.00000 -12.00000
v 0.00000 0.00000 -12.00000
v 0.00000 0.00000 -12.00000
v 0.00000 0.00000 -12.00000
v 0.00000 0.00000 -12.00000
v 0.00000 0.00000 -12.00000
v 0.00000 0.00000 -12.00000
v 0.00000 0.00000 -12.00000
v 0.00000 0.00000 -12.00000
v 0.00000 0.00000 -12.00000
v 0.00000 0.00000 -12.00000
v 0.00000 0.00000 -12.00000
v 0.00000 0.00000 -12.00000
v 0.00000 0.00000 -12.00000
v 0.00000 0.00000 -12.00000
v 0.00000 0.00000 -12.00000
v 0.00000 0.00000 -12.00000
v 0.00000 0.00000 -12.00000
v 0.00000 0.00000 -12.00000
v 0.00000 0.00000 -12.00000
v 0.00000 0.00000 -12.00000
v 0.00000 0.00000 -12.00000
v 0.00000 0.00000 -12.00000
v 0.00000 0.00000 -12.00000
v 0.00000 0.00000 -12.00000
v 0.00000 0.00000 0.00000
v 0.00000 0.00000 0.00000
v 0.00000 0.00000 0.00000
v 0.00000 0.00000 0.00000
v 0.00000 0.00000 0.00000
v 0.00000 0.00000 0.00000
v 0.00000 0.00000 0.00000
v 0.00000 0.00000 0.00000
v 0.00000 0.00000 0.00000
v 0.00000 0.00000 0.00000
v 0.00000 0.00000 0.00000
v 0.00000 0.00000 0.00000
v 0.00000 0.00000 0.00000
v 0.00000 0.00000 0.00000
v 0.00000 0.00000 0.00000
v 0.00000 0.00000 0.00000
v 0.00000 0.00000 0.00000
v 0.00000 0.00000 0.00000
v 0.00000 0.00000 0.00000
v 0.00000 0.00000 0.00000
v 0.00000 0.00000 0.00000
v 0.00000 0.00000 0.00000
v 0.00000 0.00000 0.00000
v 0.00000 0.00000 0.00000
v 0.00000 0.00000 0.00000
v 0.00000 0.00000 0.00000
v 0.00000 0.00000 0.00000
v 0.00000 0.00000 0.00000
v 0.00000 0.00000 0.00000
v 0.00000 0.00000 0.00000
v 0.00000 0.00000 0.00000
v 0.00000 0.00000 0.00000
v 0.00000 0.00000 0.00000
v 0.00000 0.00000 0.00000
v 0.00000 0.00000 0.00000
v 0.00000 0.00000 0.00000
v 0.00000 0.00000 0.00000
v 0.00000 0.00000 0.00000
v 0.00000 0.00000 0.00000
v 0.00000 0.00000 0.00000
v 0.00000 0.00000 0.00000
v 0.00000 0.00000 0.00000
v 0.00000 0.00000 0.00000
v 0.00000 0.00000 0.00000
v 0.00000 0.00000 0.00000
v 0.00000 0.00000 0.00000
v 0.00000 0.00000 0.00000
v 0.00000 0.00000 0.00000
f 577 578 626
f 577 626 625
f 673 721 722
f 673 722 674
f 625 626 722
f 625 722 721
f 577 673 674
f 577 674 578
f 578 579 627
f 578 627 626
f 674 722 723
f 674 723 675
f 626 627 723
f 626 723 722
f 578 674 675
f 578 675 579
f 579 580 628
f 579 628 627
f 675 723 724
f 675 724 676
f 627 628 724
f 627 724 723
f 579 675 676
f 579 676 580
f 580 581 629
f 580 629 628
f 676 724 725
f 676 725 677
f 628 629 725
f 628 725 724
f 580 676 677
f 580 677 581
f 581 582 630
f 581 630 629
f 677 725 726
f 677 726 678
f 629 630 726
f 629 726 725
f 581 677 678
f 581 678 582
f 582 583 631
f 582 631 630
f 678 726 727
f 678 727 679
f 630 631 727
f 630 727 726
f 582 678 679
f 582 679 583
f 583 584 632
f 583 632 631
f 679 727 728
f 679 728 680
f 631 632 728
f 631 728 727
f 583 679 680
f 583 680 584
f 584 585 633
f 584 633 632
f 680 728 729
f 680 729 681
f 632 633 729
f 632 729 728
f 584 680 681
f 584 681 585
f 585 586 634
f 585 634 633
f 681 729 730
f 681 730 682
f 633 634 730
f 633 730 729
f 585 681 682
f 585 682 586
f 586 587 635
f 586 635 634
f 682 730 731
f 682 731 683
f 634 635 731
f 634 731 730
f 586 682 683
f 586 683 587
f 587 588 636
f 587 636 635
f 683 731 732
f 683 732 684
f 635 636 732
f 635 732 731
f 587 683 684
f 587 684 588
f 588 589 637
f 588 637 636
f 684 732 733
f 684 733 685
f 636 637 733
f 636 733 732
f 588 684 685
f 588 685 589
f 589 590 638
f 589 638 637
f 685 733 734
f 685 734 686
f 637 638 734
f 637 734 733
f 589 685 686
f 589 686 590
f 590 591 639
f 590 639 638
f 686 734 735
f 686 735 687
f 638 639 735
f 638 735 734
f 590 686 687
f 590 687 591
f 591 592 640
f 591 640 639
f 687 735 736
f 687 736 688
f 639 640 736
f 639 736 735
f 591 687 688
f 591 688 592
f 592 593 641
f 592 641 640
f 688 736 737
f 688 737 689
f 640 641 737
f 640 737 736
f 592 688 689
f 592 689 593
f 593 594 642
f 593 642 641
f 689 737 738
f 689 738 690
f 641 642 738
f 641 738 737
f 593 689 690
f 593 690 594
f 594 595 643
f 594 643 642
f 690 738 739
f 690 739 691
f 642 643 739
f 642 739 738
f 594 690 691
f 594 691 595
f 595 596 644
f 595 644 643
f 691 739 740
f 691 740 692
f 643 644 740
f 643 740 739
f 595 691 692
f 595 692 596
f 596 597 645
f 596 645 644
f 692 740 741
f 692 741 693
f 644 645 741
f 644 741 740
f 596 692 693
f 596 693 597
f 597 598 646
f 597 646 645
f 693 741 742
f 693 742 694
f 645 646 742
f 645 742 741
f 597 693 694
f 597 694 598
f 598 599 647
f 598 647 646
f 694 742 743
f 694 743 695
f 646 647 743
f 646 743 742
f 598 694 695
f 598 695 599
f 599 600 648
f 599 648 647
f 695 743 744
f 695 744 696
f 647 648 744
f 647 744 743
f 599 695 696
f 599 696 600
f 600 601 649
f 600 649 648
f 696 744 745
f 696 745 697
f 648 649 745
f 648 745 744
f 600 696 697
f 600 697 601
f 601 602 650
f 601 650 649
f 697 745 746
f 697 746 698
f 649 650 746
f 649 746 745
f 601 697 698
f 601 698 602
f 602 603 651
f 602 651 650
f 698 746 747
f 698 747 699
f 650 651 747
f 650 747 746
f 602 698 699
f 602 699 603
f 603 604 652
f 603 652 651
f 699 747 748
f 699 748 700
f 651 652 748
f 651 748 747
f 603 699 700
f 603 700 604
f 604 605 653
f 604 653 652
f 700 748 749
f 700 749 701
f 652 653 749
f 652 749 748
f 604 700 701
f 604 701 605
f 605 606 654
f 605 654 653
f 701 749 750
f 701 750 702
f 653 654 750
f 653 750 749
f 605 701 702
f 605 702 606
f 606 607 655
f 606 655 654
f 702 750 751
f 702 751 703
f 654 655 751
f 654 751 750
f 606 702 703
f 606 703 607
f 607 608 656
f 607 656 655
f 703 751 752
f 703 752 704
f 655 656 752
f 655 752 751
f 607 703 704
f 607 704 608
f 608 609 657
f 608 657 656
f 704 752 753
f 704 753 705
f 656 657 753
f 656 753 752
f 608 704 705
f 608 705 609
f 609 610 658
f 609 658 657
f 705 753 754
f 705 754 706
f 657 658 754
f 657 754 753
f 609 705 706
f 609 706 610
f 610 611 659
f 610 659 658
f 706 754 755
f 706 755 707
f 658 659 755
f 658 755 754
f 610 706 707
f 610 707 611
f 611 612 660
f 611 660 659
f 707 755 756
f 707 756 708
f 659 660 756
f 659 756 755
f 611 707 708
f 611 708 612
f 612 613 661
f 612 661 660
f 708 756 757
f 708 757 709
f 660 661 757
f 660 757 756
f 612 708 709
f 612 709 613
f 613 614 662
f 613 662 661
f 709 757 758
f 709 758 710
f 661 662 758
f 661 758 757
f 613 709 710
f 613 710 614
f 614 615 663
f 614 663 662
f 710 758 759
f 710 759 711
f 662 663 759
f 662 759 758
f 614 710 711
f 614 711 615
f 615 616 664
f 615 664 663
f 711 759 760
f 711 760 712
f 663 664 760
f 663 760 759
f 615 711 712
f 615 712 616
f 616 617 665
f 616 665 664
f 712 760 761
f 712 761 713
f 664 665 761
f 664 761 760
f 616 712 713
f 616 713 617
f 617 618 666
f 617 666 665
f 713 761 762
f 713 762 714
f 665 666 762
f 665 762 761
f 617 713 714
f 617 714 618
f 618 619 667
f 618 667 666
f 714 762 763
f 714 763 715
f 666 667 763
f 666 763 762
f 618 714 715
f 618 715 619
f 619 620 668
f 619 668 667
f 715 763 764
f 715 764 716
f 667 668 764
f 667 764 763
f 619 715 716
f 619 716 620
f 620 621 669
f 620 669 668
f 716 764 765
f 716 765 717
f 668 669 765
f 668 765 764
f 620 716 717
f 620 717 621
f 621 622 670
f 621 670 669
f 717 765 766
f 717 766 718
f 669 670 766
f 669 766 765
f 621 717 718
f 621 718 622
f 622 623 671
f 622 671 670
f 718 766 767
f 718 767 719
f 670 671 767
f 670 767 766
f 622 718 719
f 622 719 623
f 623 624 672
f 623 672 671
f 719 767 768
f 719 768 720
f 671 672 768
f 671 768 767
f 623 719 720
f 623 720 624
f 624 577 625
f 624 625 672
f 720 768 721
f 720 721 673
f 672 625 721
f 672 721 768
f 624 720 673
f 624 673 577
o 03___Unutrašnji_čep
v 40.80000 0.00000 0.00000
v 40.45095 5.32547 0.00000
v 39.40977 10.55982 0.00000
v 37.69428 15.61348 0.00000
v 35.33384 20.40000 0.00000
v 32.36882 24.83747 0.00000
v 28.84996 28.84996 0.00000
v 24.83747 32.36882 0.00000
v 20.40000 35.33384 0.00000
v 15.61348 37.69428 0.00000
v 10.55982 39.40977 0.00000
v 5.32547 40.45095 0.00000
v 0.00000 40.80000 0.00000
v -5.32547 40.45095 0.00000
v -10.55982 39.40977 0.00000
v -15.61348 37.69428 0.00000
v -20.40000 35.33384 0.00000
v -24.83747 32.36882 0.00000
v -28.84996 28.84996 0.00000
v -32.36882 24.83747 0.00000
v -35.33384 20.40000 0.00000
v -37.69428 15.61348 0.00000
v -39.40977 10.55982 0.00000
v -40.45095 5.32547 0.00000
v -40.80000 0.00000 0.00000
v -40.45095 -5.32547 0.00000
v -39.40977 -10.55982 0.00000
v -37.69428 -15.61348 0.00000
v -35.33384 -20.40000 0.00000
v -32.36882 -24.83747 0.00000
v -28.84996 -28.84996 0.00000
v -24.83747 -32.36882 0.00000
v -20.40000 -35.33384 0.00000
v -15.61348 -37.69428 0.00000
v -10.55982 -39.40977 0.00000
v -5.32547 -40.45095 0.00000
v -0.00000 -40.80000 0.00000
v 5.32547 -40.45095 0.00000
v 10.55982 -39.40977 0.00000
v 15.61348 -37.69428 0.00000
v 20.40000 -35.33384 0.00000
v 24.83747 -32.36882 0.00000
v 28.84996 -28.84996 0.00000
v 32.36882 -24.83747 0.00000
v 35.33384 -20.40000 0.00000
v 37.69428 -15.61348 0.00000
v 39.40977 -10.55982 0.00000
v 40.45095 -5.32547 0.00000
v 40.80000 0.00000 13.00000
v 40.45095 5.32547 13.00000
v 39.40977 10.55982 13.00000
v 37.69428 15.61348 13.00000
v 35.33384 20.40000 13.00000
v 32.36882 24.83747 13.00000
v 28.84996 28.84996 13.00000
v 24.83747 32.36882 13.00000
v 20.40000 35.33384 13.00000
v 15.61348 37.69428 13.00000
v 10.55982 39.40977 13.00000
v 5.32547 40.45095 13.00000
v 0.00000 40.80000 13.00000
v -5.32547 40.45095 13.00000
v -10.55982 39.40977 13.00000
v -15.61348 37.69428 13.00000
v -20.40000 35.33384 13.00000
v -24.83747 32.36882 13.00000
v -28.84996 28.84996 13.00000
v -32.36882 24.83747 13.00000
v -35.33384 20.40000 13.00000
v -37.69428 15.61348 13.00000
v -39.40977 10.55982 13.00000
v -40.45095 5.32547 13.00000
v -40.80000 0.00000 13.00000
v -40.45095 -5.32547 13.00000
v -39.40977 -10.55982 13.00000
v -37.69428 -15.61348 13.00000
v -35.33384 -20.40000 13.00000
v -32.36882 -24.83747 13.00000
v -28.84996 -28.84996 13.00000
v -24.83747 -32.36882 13.00000
v -20.40000 -35.33384 13.00000
v -15.61348 -37.69428 13.00000
v -10.55982 -39.40977 13.00000
v -5.32547 -40.45095 13.00000
v -0.00000 -40.80000 13.00000
v 5.32547 -40.45095 13.00000
v 10.55982 -39.40977 13.00000
v 15.61348 -37.69428 13.00000
v 20.40000 -35.33384 13.00000
v 24.83747 -32.36882 13.00000
v 28.84996 -28.84996 13.00000
v 32.36882 -24.83747 13.00000
v 35.33384 -20.40000 13.00000
v 37.69428 -15.61348 13.00000
v 39.40977 -10.55982 13.00000
v 40.45095 -5.32547 13.00000
v 0.00000 0.00000 0.00000
v 0.00000 0.00000 0.00000
v 0.00000 0.00000 0.00000
v 0.00000 0.00000 0.00000
v 0.00000 0.00000 0.00000
v 0.00000 0.00000 0.00000
v 0.00000 0.00000 0.00000
v 0.00000 0.00000 0.00000
v 0.00000 0.00000 0.00000
v 0.00000 0.00000 0.00000
v 0.00000 0.00000 0.00000
v 0.00000 0.00000 0.00000
v 0.00000 0.00000 0.00000
v 0.00000 0.00000 0.00000
v 0.00000 0.00000 0.00000
v 0.00000 0.00000 0.00000
v 0.00000 0.00000 0.00000
v 0.00000 0.00000 0.00000
v 0.00000 0.00000 0.00000
v 0.00000 0.00000 0.00000
v 0.00000 0.00000 0.00000
v 0.00000 0.00000 0.00000
v 0.00000 0.00000 0.00000
v 0.00000 0.00000 0.00000
v 0.00000 0.00000 0.00000
v 0.00000 0.00000 0.00000
v 0.00000 0.00000 0.00000
v 0.00000 0.00000 0.00000
v 0.00000 0.00000 0.00000
v 0.00000 0.00000 0.00000
v 0.00000 0.00000 0.00000
v 0.00000 0.00000 0.00000
v 0.00000 0.00000 0.00000
v 0.00000 0.00000 0.00000
v 0.00000 0.00000 0.00000
v 0.00000 0.00000 0.00000
v 0.00000 0.00000 0.00000
v 0.00000 0.00000 0.00000
v 0.00000 0.00000 0.00000
v 0.00000 0.00000 0.00000
v 0.00000 0.00000 0.00000
v 0.00000 0.00000 0.00000
v 0.00000 0.00000 0.00000
v 0.00000 0.00000 0.00000
v 0.00000 0.00000 0.00000
v 0.00000 0.00000 0.00000
v 0.00000 0.00000 0.00000
v 0.00000 0.00000 0.00000
v 0.00000 0.00000 13.00000
v 0.00000 0.00000 13.00000
v 0.00000 0.00000 13.00000
v 0.00000 0.00000 13.00000
v 0.00000 0.00000 13.00000
v 0.00000 0.00000 13.00000
v 0.00000 0.00000 13.00000
v 0.00000 0.00000 13.00000
v 0.00000 0.00000 13.00000
v 0.00000 0.00000 13.00000
v 0.00000 0.00000 13.00000
v 0.00000 0.00000 13.00000
v 0.00000 0.00000 13.00000
v 0.00000 0.00000 13.00000
v 0.00000 0.00000 13.00000
v 0.00000 0.00000 13.00000
v 0.00000 0.00000 13.00000
v 0.00000 0.00000 13.00000
v 0.00000 0.00000 13.00000
v 0.00000 0.00000 13.00000
v 0.00000 0.00000 13.00000
v 0.00000 0.00000 13.00000
v 0.00000 0.00000 13.00000
v 0.00000 0.00000 13.00000
v 0.00000 0.00000 13.00000
v 0.00000 0.00000 13.00000
v 0.00000 0.00000 13.00000
v 0.00000 0.00000 13.00000
v 0.00000 0.00000 13.00000
v 0.00000 0.00000 13.00000
v 0.00000 0.00000 13.00000
v 0.00000 0.00000 13.00000
v 0.00000 0.00000 13.00000
v 0.00000 0.00000 13.00000
v 0.00000 0.00000 13.00000
v 0.00000 0.00000 13.00000
v 0.00000 0.00000 13.00000
v 0.00000 0.00000 13.00000
v 0.00000 0.00000 13.00000
v 0.00000 0.00000 13.00000
v 0.00000 0.00000 13.00000
v 0.00000 0.00000 13.00000
v 0.00000 0.00000 13.00000
v 0.00000 0.00000 13.00000
v 0.00000 0.00000 13.00000
v 0.00000 0.00000 13.00000
v 0.00000 0.00000 13.00000
v 0.00000 0.00000 13.00000
f 769 770 818
f 769 818 817
f 865 913 914
f 865 914 866
f 817 818 914
f 817 914 913
f 769 865 866
f 769 866 770
f 770 771 819
f 770 819 818
f 866 914 915
f 866 915 867
f 818 819 915
f 818 915 914
f 770 866 867
f 770 867 771
f 771 772 820
f 771 820 819
f 867 915 916
f 867 916 868
f 819 820 916
f 819 916 915
f 771 867 868
f 771 868 772
f 772 773 821
f 772 821 820
f 868 916 917
f 868 917 869
f 820 821 917
f 820 917 916
f 772 868 869
f 772 869 773
f 773 774 822
f 773 822 821
f 869 917 918
f 869 918 870
f 821 822 918
f 821 918 917
f 773 869 870
f 773 870 774
f 774 775 823
f 774 823 822
f 870 918 919
f 870 919 871
f 822 823 919
f 822 919 918
f 774 870 871
f 774 871 775
f 775 776 824
f 775 824 823
f 871 919 920
f 871 920 872
f 823 824 920
f 823 920 919
f 775 871 872
f 775 872 776
f 776 777 825
f 776 825 824
f 872 920 921
f 872 921 873
f 824 825 921
f 824 921 920
f 776 872 873
f 776 873 777
f 777 778 826
f 777 826 825
f 873 921 922
f 873 922 874
f 825 826 922
f 825 922 921
f 777 873 874
f 777 874 778
f 778 779 827
f 778 827 826
f 874 922 923
f 874 923 875
f 826 827 923
f 826 923 922
f 778 874 875
f 778 875 779
f 779 780 828
f 779 828 827
f 875 923 924
f 875 924 876
f 827 828 924
f 827 924 923
f 779 875 876
f 779 876 780
f 780 781 829
f 780 829 828
f 876 924 925
f 876 925 877
f 828 829 925
f 828 925 924
f 780 876 877
f 780 877 781
f 781 782 830
f 781 830 829
f 877 925 926
f 877 926 878
f 829 830 926
f 829 926 925
f 781 877 878
f 781 878 782
f 782 783 831
f 782 831 830
f 878 926 927
f 878 927 879
f 830 831 927
f 830 927 926
f 782 878 879
f 782 879 783
f 783 784 832
f 783 832 831
f 879 927 928
f 879 928 880
f 831 832 928
f 831 928 927
f 783 879 880
f 783 880 784
f 784 785 833
f 784 833 832
f 880 928 929
f 880 929 881
f 832 833 929
f 832 929 928
f 784 880 881
f 784 881 785
f 785 786 834
f 785 834 833
f 881 929 930
f 881 930 882
f 833 834 930
f 833 930 929
f 785 881 882
f 785 882 786
f 786 787 835
f 786 835 834
f 882 930 931
f 882 931 883
f 834 835 931
f 834 931 930
f 786 882 883
f 786 883 787
f 787 788 836
f 787 836 835
f 883 931 932
f 883 932 884
f 835 836 932
f 835 932 931
f 787 883 884
f 787 884 788
f 788 789 837
f 788 837 836
f 884 932 933
f 884 933 885
f 836 837 933
f 836 933 932
f 788 884 885
f 788 885 789
f 789 790 838
f 789 838 837
f 885 933 934
f 885 934 886
f 837 838 934
f 837 934 933
f 789 885 886
f 789 886 790
f 790 791 839
f 790 839 838
f 886 934 935
f 886 935 887
f 838 839 935
f 838 935 934
f 790 886 887
f 790 887 791
f 791 792 840
f 791 840 839
f 887 935 936
f 887 936 888
f 839 840 936
f 839 936 935
f 791 887 888
f 791 888 792
f 792 793 841
f 792 841 840
f 888 936 937
f 888 937 889
f 840 841 937
f 840 937 936
f 792 888 889
f 792 889 793
f 793 794 842
f 793 842 841
f 889 937 938
f 889 938 890
f 841 842 938
f 841 938 937
f 793 889 890
f 793 890 794
f 794 795 843
f 794 843 842
f 890 938 939
f 890 939 891
f 842 843 939
f 842 939 938
f 794 890 891
f 794 891 795
f 795 796 844
f 795 844 843
f 891 939 940
f 891 940 892
f 843 844 940
f 843 940 939
f 795 891 892
f 795 892 796
f 796 797 845
f 796 845 844
f 892 940 941
f 892 941 893
f 844 845 941
f 844 941 940
f 796 892 893
f 796 893 797
f 797 798 846
f 797 846 845
f 893 941 942
f 893 942 894
f 845 846 942
f 845 942 941
f 797 893 894
f 797 894 798
f 798 799 847
f 798 847 846
f 894 942 943
f 894 943 895
f 846 847 943
f 846 943 942
f 798 894 895
f 798 895 799
f 799 800 848
f 799 848 847
f 895 943 944
f 895 944 896
f 847 848 944
f 847 944 943
f 799 895 896
f 799 896 800
f 800 801 849
f 800 849 848
f 896 944 945
f 896 945 897
f 848 849 945
f 848 945 944
f 800 896 897
f 800 897 801
f 801 802 850
f 801 850 849
f 897 945 946
f 897 946 898
f 849 850 946
f 849 946 945
f 801 897 898
f 801 898 802
f 802 803 851
f 802 851 850
f 898 946 947
f 898 947 899
f 850 851 947
f 850 947 946
f 802 898 899
f 802 899 803
f 803 804 852
f 803 852 851
f 899 947 948
f 899 948 900
f 851 852 948
f 851 948 947
f 803 899 900
f 803 900 804
f 804 805 853
f 804 853 852
f 900 948 949
f 900 949 901
f 852 853 949
f 852 949 948
f 804 900 901
f 804 901 805
f 805 806 854
f 805 854 853
f 901 949 950
f 901 950 902
f 853 854 950
f 853 950 949
f 805 901 902
f 805 902 806
f 806 807 855
f 806 855 854
f 902 950 951
f 902 951 903
f 854 855 951
f 854 951 950
f 806 902 903
f 806 903 807
f 807 808 856
f 807 856 855
f 903 951 952
f 903 952 904
f 855 856 952
f 855 952 951
f 807 903 904
f 807 904 808
f 808 809 857
f 808 857 856
f 904 952 953
f 904 953 905
f 856 857 953
f 856 953 952
f 808 904 905
f 808 905 809
f 809 810 858
f 809 858 857
f 905 953 954
f 905 954 906
f 857 858 954
f 857 954 953
f 809 905 906
f 809 906 810
f 810 811 859
f 810 859 858
f 906 954 955
f 906 955 907
f 858 859 955
f 858 955 954
f 810 906 907
f 810 907 811
f 811 812 860
f 811 860 859
f 907 955 956
f 907 956 908
f 859 860 956
f 859 956 955
f 811 907 908
f 811 908 812
f 812 813 861
f 812 861 860
f 908 956 957
f 908 957 909
f 860 861 957
f 860 957 956
f 812 908 909
f 812 909 813
f 813 814 862
f 813 862 861
f 909 957 958
f 909 958 910
f 861 862 958
f 861 958 957
f 813 909 910
f 813 910 814
f 814 815 863
f 814 863 862
f 910 958 959
f 910 959 911
f 862 863 959
f 862 959 958
f 814 910 911
f 814 911 815
f 815 816 864
f 815 864 863
f 911 959 960
f 911 960 912
f 863 864 960
f 863 960 959
f 815 911 912
f 815 912 816
f 816 769 817
f 816 817 864
f 912 960 913
f 912 913 865
f 864 817 913
f 864 913 960
f 816 912 865
f 816 865 769
o 04___Zaptivni_prsten_·_koncept
v 41.15000 0.00000 200.00000
v 40.79796 5.37115 200.00000
v 39.74785 10.65040 200.00000
v 38.01764 15.74742 200.00000
v 35.63695 20.57500 200.00000
v 32.64649 25.05053 200.00000
v 29.09744 29.09744 200.00000
v 25.05053 32.64649 200.00000
v 20.57500 35.63695 200.00000
v 15.74742 38.01764 200.00000
v 10.65040 39.74785 200.00000
v 5.37115 40.79796 200.00000
v 0.00000 41.15000 200.00000
v -5.37115 40.79796 200.00000
v -10.65040 39.74785 200.00000
v -15.74742 38.01764 200.00000
v -20.57500 35.63695 200.00000
v -25.05053 32.64649 200.00000
v -29.09744 29.09744 200.00000
v -32.64649 25.05053 200.00000
v -35.63695 20.57500 200.00000
v -38.01764 15.74742 200.00000
v -39.74785 10.65040 200.00000
v -40.79796 5.37115 200.00000
v -41.15000 0.00000 200.00000
v -40.79796 -5.37115 200.00000
v -39.74785 -10.65040 200.00000
v -38.01764 -15.74742 200.00000
v -35.63695 -20.57500 200.00000
v -32.64649 -25.05053 200.00000
v -29.09744 -29.09744 200.00000
v -25.05053 -32.64649 200.00000
v -20.57500 -35.63695 200.00000
v -15.74742 -38.01764 200.00000
v -10.65040 -39.74785 200.00000
v -5.37115 -40.79796 200.00000
v -0.00000 -41.15000 200.00000
v 5.37115 -40.79796 200.00000
v 10.65040 -39.74785 200.00000
v 15.74742 -38.01764 200.00000
v 20.57500 -35.63695 200.00000
v 25.05053 -32.64649 200.00000
v 29.09744 -29.09744 200.00000
v 32.64649 -25.05053 200.00000
v 35.63695 -20.57500 200.00000
v 38.01764 -15.74742 200.00000
v 39.74785 -10.65040 200.00000
v 40.79796 -5.37115 200.00000
v 41.15000 0.00000 202.00000
v 40.79796 5.37115 202.00000
v 39.74785 10.65040 202.00000
v 38.01764 15.74742 202.00000
v 35.63695 20.57500 202.00000
v 32.64649 25.05053 202.00000
v 29.09744 29.09744 202.00000
v 25.05053 32.64649 202.00000
v 20.57500 35.63695 202.00000
v 15.74742 38.01764 202.00000
v 10.65040 39.74785 202.00000
v 5.37115 40.79796 202.00000
v 0.00000 41.15000 202.00000
v -5.37115 40.79796 202.00000
v -10.65040 39.74785 202.00000
v -15.74742 38.01764 202.00000
v -20.57500 35.63695 202.00000
v -25.05053 32.64649 202.00000
v -29.09744 29.09744 202.00000
v -32.64649 25.05053 202.00000
v -35.63695 20.57500 202.00000
v -38.01764 15.74742 202.00000
v -39.74785 10.65040 202.00000
v -40.79796 5.37115 202.00000
v -41.15000 0.00000 202.00000
v -40.79796 -5.37115 202.00000
v -39.74785 -10.65040 202.00000
v -38.01764 -15.74742 202.00000
v -35.63695 -20.57500 202.00000
v -32.64649 -25.05053 202.00000
v -29.09744 -29.09744 202.00000
v -25.05053 -32.64649 202.00000
v -20.57500 -35.63695 202.00000
v -15.74742 -38.01764 202.00000
v -10.65040 -39.74785 202.00000
v -5.37115 -40.79796 202.00000
v -0.00000 -41.15000 202.00000
v 5.37115 -40.79796 202.00000
v 10.65040 -39.74785 202.00000
v 15.74742 -38.01764 202.00000
v 20.57500 -35.63695 202.00000
v 25.05053 -32.64649 202.00000
v 29.09744 -29.09744 202.00000
v 32.64649 -25.05053 202.00000
v 35.63695 -20.57500 202.00000
v 38.01764 -15.74742 202.00000
v 39.74785 -10.65040 202.00000
v 40.79796 -5.37115 202.00000
v 39.10000 0.00000 200.00000
v 38.76549 5.10357 200.00000
v 37.76770 10.11982 200.00000
v 36.12369 14.96292 200.00000
v 33.86159 19.55000 200.00000
v 31.02012 23.80257 200.00000
v 27.64788 27.64788 200.00000
v 23.80257 31.02012 200.00000
v 19.55000 33.86159 200.00000
v 14.96292 36.12369 200.00000
v 10.11982 37.76770 200.00000
v 5.10357 38.76549 200.00000
v 0.00000 39.10000 200.00000
v -5.10357 38.76549 200.00000
v -10.11982 37.76770 200.00000
v -14.96292 36.12369 200.00000
v -19.55000 33.86159 200.00000
v -23.80257 31.02012 200.00000
v -27.64788 27.64788 200.00000
v -31.02012 23.80257 200.00000
v -33.86159 19.55000 200.00000
v -36.12369 14.96292 200.00000
v -37.76770 10.11982 200.00000
v -38.76549 5.10357 200.00000
v -39.10000 0.00000 200.00000
v -38.76549 -5.10357 200.00000
v -37.76770 -10.11982 200.00000
v -36.12369 -14.96292 200.00000
v -33.86159 -19.55000 200.00000
v -31.02012 -23.80257 200.00000
v -27.64788 -27.64788 200.00000
v -23.80257 -31.02012 200.00000
v -19.55000 -33.86159 200.00000
v -14.96292 -36.12369 200.00000
v -10.11982 -37.76770 200.00000
v -5.10357 -38.76549 200.00000
v -0.00000 -39.10000 200.00000
v 5.10357 -38.76549 200.00000
v 10.11982 -37.76770 200.00000
v 14.96292 -36.12369 200.00000
v 19.55000 -33.86159 200.00000
v 23.80257 -31.02012 200.00000
v 27.64788 -27.64788 200.00000
v 31.02012 -23.80257 200.00000
v 33.86159 -19.55000 200.00000
v 36.12369 -14.96292 200.00000
v 37.76770 -10.11982 200.00000
v 38.76549 -5.10357 200.00000
v 39.10000 0.00000 202.00000
v 38.76549 5.10357 202.00000
v 37.76770 10.11982 202.00000
v 36.12369 14.96292 202.00000
v 33.86159 19.55000 202.00000
v 31.02012 23.80257 202.00000
v 27.64788 27.64788 202.00000
v 23.80257 31.02012 202.00000
v 19.55000 33.86159 202.00000
v 14.96292 36.12369 202.00000
v 10.11982 37.76770 202.00000
v 5.10357 38.76549 202.00000
v 0.00000 39.10000 202.00000
v -5.10357 38.76549 202.00000
v -10.11982 37.76770 202.00000
v -14.96292 36.12369 202.00000
v -19.55000 33.86159 202.00000
v -23.80257 31.02012 202.00000
v -27.64788 27.64788 202.00000
v -31.02012 23.80257 202.00000
v -33.86159 19.55000 202.00000
v -36.12369 14.96292 202.00000
v -37.76770 10.11982 202.00000
v -38.76549 5.10357 202.00000
v -39.10000 0.00000 202.00000
v -38.76549 -5.10357 202.00000
v -37.76770 -10.11982 202.00000
v -36.12369 -14.96292 202.00000
v -33.86159 -19.55000 202.00000
v -31.02012 -23.80257 202.00000
v -27.64788 -27.64788 202.00000
v -23.80257 -31.02012 202.00000
v -19.55000 -33.86159 202.00000
v -14.96292 -36.12369 202.00000
v -10.11982 -37.76770 202.00000
v -5.10357 -38.76549 202.00000
v -0.00000 -39.10000 202.00000
v 5.10357 -38.76549 202.00000
v 10.11982 -37.76770 202.00000
v 14.96292 -36.12369 202.00000
v 19.55000 -33.86159 202.00000
v 23.80257 -31.02012 202.00000
v 27.64788 -27.64788 202.00000
v 31.02012 -23.80257 202.00000
v 33.86159 -19.55000 202.00000
v 36.12369 -14.96292 202.00000
v 37.76770 -10.11982 202.00000
v 38.76549 -5.10357 202.00000
f 961 962 1010
f 961 1010 1009
f 1057 1105 1106
f 1057 1106 1058
f 1009 1010 1106
f 1009 1106 1105
f 961 1057 1058
f 961 1058 962
f 962 963 1011
f 962 1011 1010
f 1058 1106 1107
f 1058 1107 1059
f 1010 1011 1107
f 1010 1107 1106
f 962 1058 1059
f 962 1059 963
f 963 964 1012
f 963 1012 1011
f 1059 1107 1108
f 1059 1108 1060
f 1011 1012 1108
f 1011 1108 1107
f 963 1059 1060
f 963 1060 964
f 964 965 1013
f 964 1013 1012
f 1060 1108 1109
f 1060 1109 1061
f 1012 1013 1109
f 1012 1109 1108
f 964 1060 1061
f 964 1061 965
f 965 966 1014
f 965 1014 1013
f 1061 1109 1110
f 1061 1110 1062
f 1013 1014 1110
f 1013 1110 1109
f 965 1061 1062
f 965 1062 966
f 966 967 1015
f 966 1015 1014
f 1062 1110 1111
f 1062 1111 1063
f 1014 1015 1111
f 1014 1111 1110
f 966 1062 1063
f 966 1063 967
f 967 968 1016
f 967 1016 1015
f 1063 1111 1112
f 1063 1112 1064
f 1015 1016 1112
f 1015 1112 1111
f 967 1063 1064
f 967 1064 968
f 968 969 1017
f 968 1017 1016
f 1064 1112 1113
f 1064 1113 1065
f 1016 1017 1113
f 1016 1113 1112
f 968 1064 1065
f 968 1065 969
f 969 970 1018
f 969 1018 1017
f 1065 1113 1114
f 1065 1114 1066
f 1017 1018 1114
f 1017 1114 1113
f 969 1065 1066
f 969 1066 970
f 970 971 1019
f 970 1019 1018
f 1066 1114 1115
f 1066 1115 1067
f 1018 1019 1115
f 1018 1115 1114
f 970 1066 1067
f 970 1067 971
f 971 972 1020
f 971 1020 1019
f 1067 1115 1116
f 1067 1116 1068
f 1019 1020 1116
f 1019 1116 1115
f 971 1067 1068
f 971 1068 972
f 972 973 1021
f 972 1021 1020
f 1068 1116 1117
f 1068 1117 1069
f 1020 1021 1117
f 1020 1117 1116
f 972 1068 1069
f 972 1069 973
f 973 974 1022
f 973 1022 1021
f 1069 1117 1118
f 1069 1118 1070
f 1021 1022 1118
f 1021 1118 1117
f 973 1069 1070
f 973 1070 974
f 974 975 1023
f 974 1023 1022
f 1070 1118 1119
f 1070 1119 1071
f 1022 1023 1119
f 1022 1119 1118
f 974 1070 1071
f 974 1071 975
f 975 976 1024
f 975 1024 1023
f 1071 1119 1120
f 1071 1120 1072
f 1023 1024 1120
f 1023 1120 1119
f 975 1071 1072
f 975 1072 976
f 976 977 1025
f 976 1025 1024
f 1072 1120 1121
f 1072 1121 1073
f 1024 1025 1121
f 1024 1121 1120
f 976 1072 1073
f 976 1073 977
f 977 978 1026
f 977 1026 1025
f 1073 1121 1122
f 1073 1122 1074
f 1025 1026 1122
f 1025 1122 1121
f 977 1073 1074
f 977 1074 978
f 978 979 1027
f 978 1027 1026
f 1074 1122 1123
f 1074 1123 1075
f 1026 1027 1123
f 1026 1123 1122
f 978 1074 1075
f 978 1075 979
f 979 980 1028
f 979 1028 1027
f 1075 1123 1124
f 1075 1124 1076
f 1027 1028 1124
f 1027 1124 1123
f 979 1075 1076
f 979 1076 980
f 980 981 1029
f 980 1029 1028
f 1076 1124 1125
f 1076 1125 1077
f 1028 1029 1125
f 1028 1125 1124
f 980 1076 1077
f 980 1077 981
f 981 982 1030
f 981 1030 1029
f 1077 1125 1126
f 1077 1126 1078
f 1029 1030 1126
f 1029 1126 1125
f 981 1077 1078
f 981 1078 982
f 982 983 1031
f 982 1031 1030
f 1078 1126 1127
f 1078 1127 1079
f 1030 1031 1127
f 1030 1127 1126
f 982 1078 1079
f 982 1079 983
f 983 984 1032
f 983 1032 1031
f 1079 1127 1128
f 1079 1128 1080
f 1031 1032 1128
f 1031 1128 1127
f 983 1079 1080
f 983 1080 984
f 984 985 1033
f 984 1033 1032
f 1080 1128 1129
f 1080 1129 1081
f 1032 1033 1129
f 1032 1129 1128
f 984 1080 1081
f 984 1081 985
f 985 986 1034
f 985 1034 1033
f 1081 1129 1130
f 1081 1130 1082
f 1033 1034 1130
f 1033 1130 1129
f 985 1081 1082
f 985 1082 986
f 986 987 1035
f 986 1035 1034
f 1082 1130 1131
f 1082 1131 1083
f 1034 1035 1131
f 1034 1131 1130
f 986 1082 1083
f 986 1083 987
f 987 988 1036
f 987 1036 1035
f 1083 1131 1132
f 1083 1132 1084
f 1035 1036 1132
f 1035 1132 1131
f 987 1083 1084
f 987 1084 988
f 988 989 1037
f 988 1037 1036
f 1084 1132 1133
f 1084 1133 1085
f 1036 1037 1133
f 1036 1133 1132
f 988 1084 1085
f 988 1085 989
f 989 990 1038
f 989 1038 1037
f 1085 1133 1134
f 1085 1134 1086
f 1037 1038 1134
f 1037 1134 1133
f 989 1085 1086
f 989 1086 990
f 990 991 1039
f 990 1039 1038
f 1086 1134 1135
f 1086 1135 1087
f 1038 1039 1135
f 1038 1135 1134
f 990 1086 1087
f 990 1087 991
f 991 992 1040
f 991 1040 1039
f 1087 1135 1136
f 1087 1136 1088
f 1039 1040 1136
f 1039 1136 1135
f 991 1087 1088
f 991 1088 992
f 992 993 1041
f 992 1041 1040
f 1088 1136 1137
f 1088 1137 1089
f 1040 1041 1137
f 1040 1137 1136
f 992 1088 1089
f 992 1089 993
f 993 994 1042
f 993 1042 1041
f 1089 1137 1138
f 1089 1138 1090
f 1041 1042 1138
f 1041 1138 1137
f 993 1089 1090
f 993 1090 994
f 994 995 1043
f 994 1043 1042
f 1090 1138 1139
f 1090 1139 1091
f 1042 1043 1139
f 1042 1139 1138
f 994 1090 1091
f 994 1091 995
f 995 996 1044
f 995 1044 1043
f 1091 1139 1140
f 1091 1140 1092
f 1043 1044 1140
f 1043 1140 1139
f 995 1091 1092
f 995 1092 996
f 996 997 1045
f 996 1045 1044
f 1092 1140 1141
f 1092 1141 1093
f 1044 1045 1141
f 1044 1141 1140
f 996 1092 1093
f 996 1093 997
f 997 998 1046
f 997 1046 1045
f 1093 1141 1142
f 1093 1142 1094
f 1045 1046 1142
f 1045 1142 1141
f 997 1093 1094
f 997 1094 998
f 998 999 1047
f 998 1047 1046
f 1094 1142 1143
f 1094 1143 1095
f 1046 1047 1143
f 1046 1143 1142
f 998 1094 1095
f 998 1095 999
f 999 1000 1048
f 999 1048 1047
f 1095 1143 1144
f 1095 1144 1096
f 1047 1048 1144
f 1047 1144 1143
f 999 1095 1096
f 999 1096 1000
f 1000 1001 1049
f 1000 1049 1048
f 1096 1144 1145
f 1096 1145 1097
f 1048 1049 1145
f 1048 1145 1144
f 1000 1096 1097
f 1000 1097 1001
f 1001 1002 1050
f 1001 1050 1049
f 1097 1145 1146
f 1097 1146 1098
f 1049 1050 1146
f 1049 1146 1145
f 1001 1097 1098
f 1001 1098 1002
f 1002 1003 1051
f 1002 1051 1050
f 1098 1146 1147
f 1098 1147 1099
f 1050 1051 1147
f 1050 1147 1146
f 1002 1098 1099
f 1002 1099 1003
f 1003 1004 1052
f 1003 1052 1051
f 1099 1147 1148
f 1099 1148 1100
f 1051 1052 1148
f 1051 1148 1147
f 1003 1099 1100
f 1003 1100 1004
f 1004 1005 1053
f 1004 1053 1052
f 1100 1148 1149
f 1100 1149 1101
f 1052 1053 1149
f 1052 1149 1148
f 1004 1100 1101
f 1004 1101 1005
f 1005 1006 1054
f 1005 1054 1053
f 1101 1149 1150
f 1101 1150 1102
f 1053 1054 1150
f 1053 1150 1149
f 1005 1101 1102
f 1005 1102 1006
f 1006 1007 1055
f 1006 1055 1054
f 1102 1150 1151
f 1102 1151 1103
f 1054 1055 1151
f 1054 1151 1150
f 1006 1102 1103
f 1006 1103 1007
f 1007 1008 1056
f 1007 1056 1055
f 1103 1151 1152
f 1103 1152 1104
f 1055 1056 1152
f 1055 1152 1151
f 1007 1103 1104
f 1007 1104 1008
f 1008 961 1009
f 1008 1009 1056
f 1104 1152 1105
f 1104 1105 1057
f 1056 1009 1105
f 1056 1105 1152
f 1008 1104 1057
f 1008 1057 961
o 04___Zaptivni_prsten_·_koncept
v 41.15000 0.00000 207.00000
v 40.79796 5.37115 207.00000
v 39.74785 10.65040 207.00000
v 38.01764 15.74742 207.00000
v 35.63695 20.57500 207.00000
v 32.64649 25.05053 207.00000
v 29.09744 29.09744 207.00000
v 25.05053 32.64649 207.00000
v 20.57500 35.63695 207.00000
v 15.74742 38.01764 207.00000
v 10.65040 39.74785 207.00000
v 5.37115 40.79796 207.00000
v 0.00000 41.15000 207.00000
v -5.37115 40.79796 207.00000
v -10.65040 39.74785 207.00000
v -15.74742 38.01764 207.00000
v -20.57500 35.63695 207.00000
v -25.05053 32.64649 207.00000
v -29.09744 29.09744 207.00000
v -32.64649 25.05053 207.00000
v -35.63695 20.57500 207.00000
v -38.01764 15.74742 207.00000
v -39.74785 10.65040 207.00000
v -40.79796 5.37115 207.00000
v -41.15000 0.00000 207.00000
v -40.79796 -5.37115 207.00000
v -39.74785 -10.65040 207.00000
v -38.01764 -15.74742 207.00000
v -35.63695 -20.57500 207.00000
v -32.64649 -25.05053 207.00000
v -29.09744 -29.09744 207.00000
v -25.05053 -32.64649 207.00000
v -20.57500 -35.63695 207.00000
v -15.74742 -38.01764 207.00000
v -10.65040 -39.74785 207.00000
v -5.37115 -40.79796 207.00000
v -0.00000 -41.15000 207.00000
v 5.37115 -40.79796 207.00000
v 10.65040 -39.74785 207.00000
v 15.74742 -38.01764 207.00000
v 20.57500 -35.63695 207.00000
v 25.05053 -32.64649 207.00000
v 29.09744 -29.09744 207.00000
v 32.64649 -25.05053 207.00000
v 35.63695 -20.57500 207.00000
v 38.01764 -15.74742 207.00000
v 39.74785 -10.65040 207.00000
v 40.79796 -5.37115 207.00000
v 41.15000 0.00000 209.00000
v 40.79796 5.37115 209.00000
v 39.74785 10.65040 209.00000
v 38.01764 15.74742 209.00000
v 35.63695 20.57500 209.00000
v 32.64649 25.05053 209.00000
v 29.09744 29.09744 209.00000
v 25.05053 32.64649 209.00000
v 20.57500 35.63695 209.00000
v 15.74742 38.01764 209.00000
v 10.65040 39.74785 209.00000
v 5.37115 40.79796 209.00000
v 0.00000 41.15000 209.00000
v -5.37115 40.79796 209.00000
v -10.65040 39.74785 209.00000
v -15.74742 38.01764 209.00000
v -20.57500 35.63695 209.00000
v -25.05053 32.64649 209.00000
v -29.09744 29.09744 209.00000
v -32.64649 25.05053 209.00000
v -35.63695 20.57500 209.00000
v -38.01764 15.74742 209.00000
v -39.74785 10.65040 209.00000
v -40.79796 5.37115 209.00000
v -41.15000 0.00000 209.00000
v -40.79796 -5.37115 209.00000
v -39.74785 -10.65040 209.00000
v -38.01764 -15.74742 209.00000
v -35.63695 -20.57500 209.00000
v -32.64649 -25.05053 209.00000
v -29.09744 -29.09744 209.00000
v -25.05053 -32.64649 209.00000
v -20.57500 -35.63695 209.00000
v -15.74742 -38.01764 209.00000
v -10.65040 -39.74785 209.00000
v -5.37115 -40.79796 209.00000
v -0.00000 -41.15000 209.00000
v 5.37115 -40.79796 209.00000
v 10.65040 -39.74785 209.00000
v 15.74742 -38.01764 209.00000
v 20.57500 -35.63695 209.00000
v 25.05053 -32.64649 209.00000
v 29.09744 -29.09744 209.00000
v 32.64649 -25.05053 209.00000
v 35.63695 -20.57500 209.00000
v 38.01764 -15.74742 209.00000
v 39.74785 -10.65040 209.00000
v 40.79796 -5.37115 209.00000
v 39.10000 0.00000 207.00000
v 38.76549 5.10357 207.00000
v 37.76770 10.11982 207.00000
v 36.12369 14.96292 207.00000
v 33.86159 19.55000 207.00000
v 31.02012 23.80257 207.00000
v 27.64788 27.64788 207.00000
v 23.80257 31.02012 207.00000
v 19.55000 33.86159 207.00000
v 14.96292 36.12369 207.00000
v 10.11982 37.76770 207.00000
v 5.10357 38.76549 207.00000
v 0.00000 39.10000 207.00000
v -5.10357 38.76549 207.00000
v -10.11982 37.76770 207.00000
v -14.96292 36.12369 207.00000
v -19.55000 33.86159 207.00000
v -23.80257 31.02012 207.00000
v -27.64788 27.64788 207.00000
v -31.02012 23.80257 207.00000
v -33.86159 19.55000 207.00000
v -36.12369 14.96292 207.00000
v -37.76770 10.11982 207.00000
v -38.76549 5.10357 207.00000
v -39.10000 0.00000 207.00000
v -38.76549 -5.10357 207.00000
v -37.76770 -10.11982 207.00000
v -36.12369 -14.96292 207.00000
v -33.86159 -19.55000 207.00000
v -31.02012 -23.80257 207.00000
v -27.64788 -27.64788 207.00000
v -23.80257 -31.02012 207.00000
v -19.55000 -33.86159 207.00000
v -14.96292 -36.12369 207.00000
v -10.11982 -37.76770 207.00000
v -5.10357 -38.76549 207.00000
v -0.00000 -39.10000 207.00000
v 5.10357 -38.76549 207.00000
v 10.11982 -37.76770 207.00000
v 14.96292 -36.12369 207.00000
v 19.55000 -33.86159 207.00000
v 23.80257 -31.02012 207.00000
v 27.64788 -27.64788 207.00000
v 31.02012 -23.80257 207.00000
v 33.86159 -19.55000 207.00000
v 36.12369 -14.96292 207.00000
v 37.76770 -10.11982 207.00000
v 38.76549 -5.10357 207.00000
v 39.10000 0.00000 209.00000
v 38.76549 5.10357 209.00000
v 37.76770 10.11982 209.00000
v 36.12369 14.96292 209.00000
v 33.86159 19.55000 209.00000
v 31.02012 23.80257 209.00000
v 27.64788 27.64788 209.00000
v 23.80257 31.02012 209.00000
v 19.55000 33.86159 209.00000
v 14.96292 36.12369 209.00000
v 10.11982 37.76770 209.00000
v 5.10357 38.76549 209.00000
v 0.00000 39.10000 209.00000
v -5.10357 38.76549 209.00000
v -10.11982 37.76770 209.00000
v -14.96292 36.12369 209.00000
v -19.55000 33.86159 209.00000
v -23.80257 31.02012 209.00000
v -27.64788 27.64788 209.00000
v -31.02012 23.80257 209.00000
v -33.86159 19.55000 209.00000
v -36.12369 14.96292 209.00000
v -37.76770 10.11982 209.00000
v -38.76549 5.10357 209.00000
v -39.10000 0.00000 209.00000
v -38.76549 -5.10357 209.00000
v -37.76770 -10.11982 209.00000
v -36.12369 -14.96292 209.00000
v -33.86159 -19.55000 209.00000
v -31.02012 -23.80257 209.00000
v -27.64788 -27.64788 209.00000
v -23.80257 -31.02012 209.00000
v -19.55000 -33.86159 209.00000
v -14.96292 -36.12369 209.00000
v -10.11982 -37.76770 209.00000
v -5.10357 -38.76549 209.00000
v -0.00000 -39.10000 209.00000
v 5.10357 -38.76549 209.00000
v 10.11982 -37.76770 209.00000
v 14.96292 -36.12369 209.00000
v 19.55000 -33.86159 209.00000
v 23.80257 -31.02012 209.00000
v 27.64788 -27.64788 209.00000
v 31.02012 -23.80257 209.00000
v 33.86159 -19.55000 209.00000
v 36.12369 -14.96292 209.00000
v 37.76770 -10.11982 209.00000
v 38.76549 -5.10357 209.00000
f 1153 1154 1202
f 1153 1202 1201
f 1249 1297 1298
f 1249 1298 1250
f 1201 1202 1298
f 1201 1298 1297
f 1153 1249 1250
f 1153 1250 1154
f 1154 1155 1203
f 1154 1203 1202
f 1250 1298 1299
f 1250 1299 1251
f 1202 1203 1299
f 1202 1299 1298
f 1154 1250 1251
f 1154 1251 1155
f 1155 1156 1204
f 1155 1204 1203
f 1251 1299 1300
f 1251 1300 1252
f 1203 1204 1300
f 1203 1300 1299
f 1155 1251 1252
f 1155 1252 1156
f 1156 1157 1205
f 1156 1205 1204
f 1252 1300 1301
f 1252 1301 1253
f 1204 1205 1301
f 1204 1301 1300
f 1156 1252 1253
f 1156 1253 1157
f 1157 1158 1206
f 1157 1206 1205
f 1253 1301 1302
f 1253 1302 1254
f 1205 1206 1302
f 1205 1302 1301
f 1157 1253 1254
f 1157 1254 1158
f 1158 1159 1207
f 1158 1207 1206
f 1254 1302 1303
f 1254 1303 1255
f 1206 1207 1303
f 1206 1303 1302
f 1158 1254 1255
f 1158 1255 1159
f 1159 1160 1208
f 1159 1208 1207
f 1255 1303 1304
f 1255 1304 1256
f 1207 1208 1304
f 1207 1304 1303
f 1159 1255 1256
f 1159 1256 1160
f 1160 1161 1209
f 1160 1209 1208
f 1256 1304 1305
f 1256 1305 1257
f 1208 1209 1305
f 1208 1305 1304
f 1160 1256 1257
f 1160 1257 1161
f 1161 1162 1210
f 1161 1210 1209
f 1257 1305 1306
f 1257 1306 1258
f 1209 1210 1306
f 1209 1306 1305
f 1161 1257 1258
f 1161 1258 1162
f 1162 1163 1211
f 1162 1211 1210
f 1258 1306 1307
f 1258 1307 1259
f 1210 1211 1307
f 1210 1307 1306
f 1162 1258 1259
f 1162 1259 1163
f 1163 1164 1212
f 1163 1212 1211
f 1259 1307 1308
f 1259 1308 1260
f 1211 1212 1308
f 1211 1308 1307
f 1163 1259 1260
f 1163 1260 1164
f 1164 1165 1213
f 1164 1213 1212
f 1260 1308 1309
f 1260 1309 1261
f 1212 1213 1309
f 1212 1309 1308
f 1164 1260 1261
f 1164 1261 1165
f 1165 1166 1214
f 1165 1214 1213
f 1261 1309 1310
f 1261 1310 1262
f 1213 1214 1310
f 1213 1310 1309
f 1165 1261 1262
f 1165 1262 1166
f 1166 1167 1215
f 1166 1215 1214
f 1262 1310 1311
f 1262 1311 1263
f 1214 1215 1311
f 1214 1311 1310
f 1166 1262 1263
f 1166 1263 1167
f 1167 1168 1216
f 1167 1216 1215
f 1263 1311 1312
f 1263 1312 1264
f 1215 1216 1312
f 1215 1312 1311
f 1167 1263 1264
f 1167 1264 1168
f 1168 1169 1217
f 1168 1217 1216
f 1264 1312 1313
f 1264 1313 1265
f 1216 1217 1313
f 1216 1313 1312
f 1168 1264 1265
f 1168 1265 1169
f 1169 1170 1218
f 1169 1218 1217
f 1265 1313 1314
f 1265 1314 1266
f 1217 1218 1314
f 1217 1314 1313
f 1169 1265 1266
f 1169 1266 1170
f 1170 1171 1219
f 1170 1219 1218
f 1266 1314 1315
f 1266 1315 1267
f 1218 1219 1315
f 1218 1315 1314
f 1170 1266 1267
f 1170 1267 1171
f 1171 1172 1220
f 1171 1220 1219
f 1267 1315 1316
f 1267 1316 1268
f 1219 1220 1316
f 1219 1316 1315
f 1171 1267 1268
f 1171 1268 1172
f 1172 1173 1221
f 1172 1221 1220
f 1268 1316 1317
f 1268 1317 1269
f 1220 1221 1317
f 1220 1317 1316
f 1172 1268 1269
f 1172 1269 1173
f 1173 1174 1222
f 1173 1222 1221
f 1269 1317 1318
f 1269 1318 1270
f 1221 1222 1318
f 1221 1318 1317
f 1173 1269 1270
f 1173 1270 1174
f 1174 1175 1223
f 1174 1223 1222
f 1270 1318 1319
f 1270 1319 1271
f 1222 1223 1319
f 1222 1319 1318
f 1174 1270 1271
f 1174 1271 1175
f 1175 1176 1224
f 1175 1224 1223
f 1271 1319 1320
f 1271 1320 1272
f 1223 1224 1320
f 1223 1320 1319
f 1175 1271 1272
f 1175 1272 1176
f 1176 1177 1225
f 1176 1225 1224
f 1272 1320 1321
f 1272 1321 1273
f 1224 1225 1321
f 1224 1321 1320
f 1176 1272 1273
f 1176 1273 1177
f 1177 1178 1226
f 1177 1226 1225
f 1273 1321 1322
f 1273 1322 1274
f 1225 1226 1322
f 1225 1322 1321
f 1177 1273 1274
f 1177 1274 1178
f 1178 1179 1227
f 1178 1227 1226
f 1274 1322 1323
f 1274 1323 1275
f 1226 1227 1323
f 1226 1323 1322
f 1178 1274 1275
f 1178 1275 1179
f 1179 1180 1228
f 1179 1228 1227
f 1275 1323 1324
f 1275 1324 1276
f 1227 1228 1324
f 1227 1324 1323
f 1179 1275 1276
f 1179 1276 1180
f 1180 1181 1229
f 1180 1229 1228
f 1276 1324 1325
f 1276 1325 1277
f 1228 1229 1325
f 1228 1325 1324
f 1180 1276 1277
f 1180 1277 1181
f 1181 1182 1230
f 1181 1230 1229
f 1277 1325 1326
f 1277 1326 1278
f 1229 1230 1326
f 1229 1326 1325
f 1181 1277 1278
f 1181 1278 1182
f 1182 1183 1231
f 1182 1231 1230
f 1278 1326 1327
f 1278 1327 1279
f 1230 1231 1327
f 1230 1327 1326
f 1182 1278 1279
f 1182 1279 1183
f 1183 1184 1232
f 1183 1232 1231
f 1279 1327 1328
f 1279 1328 1280
f 1231 1232 1328
f 1231 1328 1327
f 1183 1279 1280
f 1183 1280 1184
f 1184 1185 1233
f 1184 1233 1232
f 1280 1328 1329
f 1280 1329 1281
f 1232 1233 1329
f 1232 1329 1328
f 1184 1280 1281
f 1184 1281 1185
f 1185 1186 1234
f 1185 1234 1233
f 1281 1329 1330
f 1281 1330 1282
f 1233 1234 1330
f 1233 1330 1329
f 1185 1281 1282
f 1185 1282 1186
f 1186 1187 1235
f 1186 1235 1234
f 1282 1330 1331
f 1282 1331 1283
f 1234 1235 1331
f 1234 1331 1330
f 1186 1282 1283
f 1186 1283 1187
f 1187 1188 1236
f 1187 1236 1235
f 1283 1331 1332
f 1283 1332 1284
f 1235 1236 1332
f 1235 1332 1331
f 1187 1283 1284
f 1187 1284 1188
f 1188 1189 1237
f 1188 1237 1236
f 1284 1332 1333
f 1284 1333 1285
f 1236 1237 1333
f 1236 1333 1332
f 1188 1284 1285
f 1188 1285 1189
f 1189 1190 1238
f 1189 1238 1237
f 1285 1333 1334
f 1285 1334 1286
f 1237 1238 1334
f 1237 1334 1333
f 1189 1285 1286
f 1189 1286 1190
f 1190 1191 1239
f 1190 1239 1238
f 1286 1334 1335
f 1286 1335 1287
f 1238 1239 1335
f 1238 1335 1334
f 1190 1286 1287
f 1190 1287 1191
f 1191 1192 1240
f 1191 1240 1239
f 1287 1335 1336
f 1287 1336 1288
f 1239 1240 1336
f 1239 1336 1335
f 1191 1287 1288
f 1191 1288 1192
f 1192 1193 1241
f 1192 1241 1240
f 1288 1336 1337
f 1288 1337 1289
f 1240 1241 1337
f 1240 1337 1336
f 1192 1288 1289
f 1192 1289 1193
f 1193 1194 1242
f 1193 1242 1241
f 1289 1337 1338
f 1289 1338 1290
f 1241 1242 1338
f 1241 1338 1337
f 1193 1289 1290
f 1193 1290 1194
f 1194 1195 1243
f 1194 1243 1242
f 1290 1338 1339
f 1290 1339 1291
f 1242 1243 1339
f 1242 1339 1338
f 1194 1290 1291
f 1194 1291 1195
f 1195 1196 1244
f 1195 1244 1243
f 1291 1339 1340
f 1291 1340 1292
f 1243 1244 1340
f 1243 1340 1339
f 1195 1291 1292
f 1195 1292 1196
f 1196 1197 1245
f 1196 1245 1244
f 1292 1340 1341
f 1292 1341 1293
f 1244 1245 1341
f 1244 1341 1340
f 1196 1292 1293
f 1196 1293 1197
f 1197 1198 1246
f 1197 1246 1245
f 1293 1341 1342
f 1293 1342 1294
f 1245 1246 1342
f 1245 1342 1341
f 1197 1293 1294
f 1197 1294 1198
f 1198 1199 1247
f 1198 1247 1246
f 1294 1342 1343
f 1294 1343 1295
f 1246 1247 1343
f 1246 1343 1342
f 1198 1294 1295
f 1198 1295 1199
f 1199 1200 1248
f 1199 1248 1247
f 1295 1343 1344
f 1295 1344 1296
f 1247 1248 1344
f 1247 1344 1343
f 1199 1295 1296
f 1199 1296 1200
f 1200 1153 1201
f 1200 1201 1248
f 1296 1344 1297
f 1296 1297 1249
f 1248 1201 1297
f 1248 1297 1344
f 1200 1296 1249
f 1200 1249 1153
o 04___Zaptivni_prsten_·_koncept
v 41.15000 0.00000 3.00000
v 40.79796 5.37115 3.00000
v 39.74785 10.65040 3.00000
v 38.01764 15.74742 3.00000
v 35.63695 20.57500 3.00000
v 32.64649 25.05053 3.00000
v 29.09744 29.09744 3.00000
v 25.05053 32.64649 3.00000
v 20.57500 35.63695 3.00000
v 15.74742 38.01764 3.00000
v 10.65040 39.74785 3.00000
v 5.37115 40.79796 3.00000
v 0.00000 41.15000 3.00000
v -5.37115 40.79796 3.00000
v -10.65040 39.74785 3.00000
v -15.74742 38.01764 3.00000
v -20.57500 35.63695 3.00000
v -25.05053 32.64649 3.00000
v -29.09744 29.09744 3.00000
v -32.64649 25.05053 3.00000
v -35.63695 20.57500 3.00000
v -38.01764 15.74742 3.00000
v -39.74785 10.65040 3.00000
v -40.79796 5.37115 3.00000
v -41.15000 0.00000 3.00000
v -40.79796 -5.37115 3.00000
v -39.74785 -10.65040 3.00000
v -38.01764 -15.74742 3.00000
v -35.63695 -20.57500 3.00000
v -32.64649 -25.05053 3.00000
v -29.09744 -29.09744 3.00000
v -25.05053 -32.64649 3.00000
v -20.57500 -35.63695 3.00000
v -15.74742 -38.01764 3.00000
v -10.65040 -39.74785 3.00000
v -5.37115 -40.79796 3.00000
v -0.00000 -41.15000 3.00000
v 5.37115 -40.79796 3.00000
v 10.65040 -39.74785 3.00000
v 15.74742 -38.01764 3.00000
v 20.57500 -35.63695 3.00000
v 25.05053 -32.64649 3.00000
v 29.09744 -29.09744 3.00000
v 32.64649 -25.05053 3.00000
v 35.63695 -20.57500 3.00000
v 38.01764 -15.74742 3.00000
v 39.74785 -10.65040 3.00000
v 40.79796 -5.37115 3.00000
v 41.15000 0.00000 5.00000
v 40.79796 5.37115 5.00000
v 39.74785 10.65040 5.00000
v 38.01764 15.74742 5.00000
v 35.63695 20.57500 5.00000
v 32.64649 25.05053 5.00000
v 29.09744 29.09744 5.00000
v 25.05053 32.64649 5.00000
v 20.57500 35.63695 5.00000
v 15.74742 38.01764 5.00000
v 10.65040 39.74785 5.00000
v 5.37115 40.79796 5.00000
v 0.00000 41.15000 5.00000
v -5.37115 40.79796 5.00000
v -10.65040 39.74785 5.00000
v -15.74742 38.01764 5.00000
v -20.57500 35.63695 5.00000
v -25.05053 32.64649 5.00000
v -29.09744 29.09744 5.00000
v -32.64649 25.05053 5.00000
v -35.63695 20.57500 5.00000
v -38.01764 15.74742 5.00000
v -39.74785 10.65040 5.00000
v -40.79796 5.37115 5.00000
v -41.15000 0.00000 5.00000
v -40.79796 -5.37115 5.00000
v -39.74785 -10.65040 5.00000
v -38.01764 -15.74742 5.00000
v -35.63695 -20.57500 5.00000
v -32.64649 -25.05053 5.00000
v -29.09744 -29.09744 5.00000
v -25.05053 -32.64649 5.00000
v -20.57500 -35.63695 5.00000
v -15.74742 -38.01764 5.00000
v -10.65040 -39.74785 5.00000
v -5.37115 -40.79796 5.00000
v -0.00000 -41.15000 5.00000
v 5.37115 -40.79796 5.00000
v 10.65040 -39.74785 5.00000
v 15.74742 -38.01764 5.00000
v 20.57500 -35.63695 5.00000
v 25.05053 -32.64649 5.00000
v 29.09744 -29.09744 5.00000
v 32.64649 -25.05053 5.00000
v 35.63695 -20.57500 5.00000
v 38.01764 -15.74742 5.00000
v 39.74785 -10.65040 5.00000
v 40.79796 -5.37115 5.00000
v 39.10000 0.00000 3.00000
v 38.76549 5.10357 3.00000
v 37.76770 10.11982 3.00000
v 36.12369 14.96292 3.00000
v 33.86159 19.55000 3.00000
v 31.02012 23.80257 3.00000
v 27.64788 27.64788 3.00000
v 23.80257 31.02012 3.00000
v 19.55000 33.86159 3.00000
v 14.96292 36.12369 3.00000
v 10.11982 37.76770 3.00000
v 5.10357 38.76549 3.00000
v 0.00000 39.10000 3.00000
v -5.10357 38.76549 3.00000
v -10.11982 37.76770 3.00000
v -14.96292 36.12369 3.00000
v -19.55000 33.86159 3.00000
v -23.80257 31.02012 3.00000
v -27.64788 27.64788 3.00000
v -31.02012 23.80257 3.00000
v -33.86159 19.55000 3.00000
v -36.12369 14.96292 3.00000
v -37.76770 10.11982 3.00000
v -38.76549 5.10357 3.00000
v -39.10000 0.00000 3.00000
v -38.76549 -5.10357 3.00000
v -37.76770 -10.11982 3.00000
v -36.12369 -14.96292 3.00000
v -33.86159 -19.55000 3.00000
v -31.02012 -23.80257 3.00000
v -27.64788 -27.64788 3.00000
v -23.80257 -31.02012 3.00000
v -19.55000 -33.86159 3.00000
v -14.96292 -36.12369 3.00000
v -10.11982 -37.76770 3.00000
v -5.10357 -38.76549 3.00000
v -0.00000 -39.10000 3.00000
v 5.10357 -38.76549 3.00000
v 10.11982 -37.76770 3.00000
v 14.96292 -36.12369 3.00000
v 19.55000 -33.86159 3.00000
v 23.80257 -31.02012 3.00000
v 27.64788 -27.64788 3.00000
v 31.02012 -23.80257 3.00000
v 33.86159 -19.55000 3.00000
v 36.12369 -14.96292 3.00000
v 37.76770 -10.11982 3.00000
v 38.76549 -5.10357 3.00000
v 39.10000 0.00000 5.00000
v 38.76549 5.10357 5.00000
v 37.76770 10.11982 5.00000
v 36.12369 14.96292 5.00000
v 33.86159 19.55000 5.00000
v 31.02012 23.80257 5.00000
v 27.64788 27.64788 5.00000
v 23.80257 31.02012 5.00000
v 19.55000 33.86159 5.00000
v 14.96292 36.12369 5.00000
v 10.11982 37.76770 5.00000
v 5.10357 38.76549 5.00000
v 0.00000 39.10000 5.00000
v -5.10357 38.76549 5.00000
v -10.11982 37.76770 5.00000
v -14.96292 36.12369 5.00000
v -19.55000 33.86159 5.00000
v -23.80257 31.02012 5.00000
v -27.64788 27.64788 5.00000
v -31.02012 23.80257 5.00000
v -33.86159 19.55000 5.00000
v -36.12369 14.96292 5.00000
v -37.76770 10.11982 5.00000
v -38.76549 5.10357 5.00000
v -39.10000 0.00000 5.00000
v -38.76549 -5.10357 5.00000
v -37.76770 -10.11982 5.00000
v -36.12369 -14.96292 5.00000
v -33.86159 -19.55000 5.00000
v -31.02012 -23.80257 5.00000
v -27.64788 -27.64788 5.00000
v -23.80257 -31.02012 5.00000
v -19.55000 -33.86159 5.00000
v -14.96292 -36.12369 5.00000
v -10.11982 -37.76770 5.00000
v -5.10357 -38.76549 5.00000
v -0.00000 -39.10000 5.00000
v 5.10357 -38.76549 5.00000
v 10.11982 -37.76770 5.00000
v 14.96292 -36.12369 5.00000
v 19.55000 -33.86159 5.00000
v 23.80257 -31.02012 5.00000
v 27.64788 -27.64788 5.00000
v 31.02012 -23.80257 5.00000
v 33.86159 -19.55000 5.00000
v 36.12369 -14.96292 5.00000
v 37.76770 -10.11982 5.00000
v 38.76549 -5.10357 5.00000
f 1345 1346 1394
f 1345 1394 1393
f 1441 1489 1490
f 1441 1490 1442
f 1393 1394 1490
f 1393 1490 1489
f 1345 1441 1442
f 1345 1442 1346
f 1346 1347 1395
f 1346 1395 1394
f 1442 1490 1491
f 1442 1491 1443
f 1394 1395 1491
f 1394 1491 1490
f 1346 1442 1443
f 1346 1443 1347
f 1347 1348 1396
f 1347 1396 1395
f 1443 1491 1492
f 1443 1492 1444
f 1395 1396 1492
f 1395 1492 1491
f 1347 1443 1444
f 1347 1444 1348
f 1348 1349 1397
f 1348 1397 1396
f 1444 1492 1493
f 1444 1493 1445
f 1396 1397 1493
f 1396 1493 1492
f 1348 1444 1445
f 1348 1445 1349
f 1349 1350 1398
f 1349 1398 1397
f 1445 1493 1494
f 1445 1494 1446
f 1397 1398 1494
f 1397 1494 1493
f 1349 1445 1446
f 1349 1446 1350
f 1350 1351 1399
f 1350 1399 1398
f 1446 1494 1495
f 1446 1495 1447
f 1398 1399 1495
f 1398 1495 1494
f 1350 1446 1447
f 1350 1447 1351
f 1351 1352 1400
f 1351 1400 1399
f 1447 1495 1496
f 1447 1496 1448
f 1399 1400 1496
f 1399 1496 1495
f 1351 1447 1448
f 1351 1448 1352
f 1352 1353 1401
f 1352 1401 1400
f 1448 1496 1497
f 1448 1497 1449
f 1400 1401 1497
f 1400 1497 1496
f 1352 1448 1449
f 1352 1449 1353
f 1353 1354 1402
f 1353 1402 1401
f 1449 1497 1498
f 1449 1498 1450
f 1401 1402 1498
f 1401 1498 1497
f 1353 1449 1450
f 1353 1450 1354
f 1354 1355 1403
f 1354 1403 1402
f 1450 1498 1499
f 1450 1499 1451
f 1402 1403 1499
f 1402 1499 1498
f 1354 1450 1451
f 1354 1451 1355
f 1355 1356 1404
f 1355 1404 1403
f 1451 1499 1500
f 1451 1500 1452
f 1403 1404 1500
f 1403 1500 1499
f 1355 1451 1452
f 1355 1452 1356
f 1356 1357 1405
f 1356 1405 1404
f 1452 1500 1501
f 1452 1501 1453
f 1404 1405 1501
f 1404 1501 1500
f 1356 1452 1453
f 1356 1453 1357
f 1357 1358 1406
f 1357 1406 1405
f 1453 1501 1502
f 1453 1502 1454
f 1405 1406 1502
f 1405 1502 1501
f 1357 1453 1454
f 1357 1454 1358
f 1358 1359 1407
f 1358 1407 1406
f 1454 1502 1503
f 1454 1503 1455
f 1406 1407 1503
f 1406 1503 1502
f 1358 1454 1455
f 1358 1455 1359
f 1359 1360 1408
f 1359 1408 1407
f 1455 1503 1504
f 1455 1504 1456
f 1407 1408 1504
f 1407 1504 1503
f 1359 1455 1456
f 1359 1456 1360
f 1360 1361 1409
f 1360 1409 1408
f 1456 1504 1505
f 1456 1505 1457
f 1408 1409 1505
f 1408 1505 1504
f 1360 1456 1457
f 1360 1457 1361
f 1361 1362 1410
f 1361 1410 1409
f 1457 1505 1506
f 1457 1506 1458
f 1409 1410 1506
f 1409 1506 1505
f 1361 1457 1458
f 1361 1458 1362
f 1362 1363 1411
f 1362 1411 1410
f 1458 1506 1507
f 1458 1507 1459
f 1410 1411 1507
f 1410 1507 1506
f 1362 1458 1459
f 1362 1459 1363
f 1363 1364 1412
f 1363 1412 1411
f 1459 1507 1508
f 1459 1508 1460
f 1411 1412 1508
f 1411 1508 1507
f 1363 1459 1460
f 1363 1460 1364
f 1364 1365 1413
f 1364 1413 1412
f 1460 1508 1509
f 1460 1509 1461
f 1412 1413 1509
f 1412 1509 1508
f 1364 1460 1461
f 1364 1461 1365
f 1365 1366 1414
f 1365 1414 1413
f 1461 1509 1510
f 1461 1510 1462
f 1413 1414 1510
f 1413 1510 1509
f 1365 1461 1462
f 1365 1462 1366
f 1366 1367 1415
f 1366 1415 1414
f 1462 1510 1511
f 1462 1511 1463
f 1414 1415 1511
f 1414 1511 1510
f 1366 1462 1463
f 1366 1463 1367
f 1367 1368 1416
f 1367 1416 1415
f 1463 1511 1512
f 1463 1512 1464
f 1415 1416 1512
f 1415 1512 1511
f 1367 1463 1464
f 1367 1464 1368
f 1368 1369 1417
f 1368 1417 1416
f 1464 1512 1513
f 1464 1513 1465
f 1416 1417 1513
f 1416 1513 1512
f 1368 1464 1465
f 1368 1465 1369
f 1369 1370 1418
f 1369 1418 1417
f 1465 1513 1514
f 1465 1514 1466
f 1417 1418 1514
f 1417 1514 1513
f 1369 1465 1466
f 1369 1466 1370
f 1370 1371 1419
f 1370 1419 1418
f 1466 1514 1515
f 1466 1515 1467
f 1418 1419 1515
f 1418 1515 1514
f 1370 1466 1467
f 1370 1467 1371
f 1371 1372 1420
f 1371 1420 1419
f 1467 1515 1516
f 1467 1516 1468
f 1419 1420 1516
f 1419 1516 1515
f 1371 1467 1468
f 1371 1468 1372
f 1372 1373 1421
f 1372 1421 1420
f 1468 1516 1517
f 1468 1517 1469
f 1420 1421 1517
f 1420 1517 1516
f 1372 1468 1469
f 1372 1469 1373
f 1373 1374 1422
f 1373 1422 1421
f 1469 1517 1518
f 1469 1518 1470
f 1421 1422 1518
f 1421 1518 1517
f 1373 1469 1470
f 1373 1470 1374
f 1374 1375 1423
f 1374 1423 1422
f 1470 1518 1519
f 1470 1519 1471
f 1422 1423 1519
f 1422 1519 1518
f 1374 1470 1471
f 1374 1471 1375
f 1375 1376 1424
f 1375 1424 1423
f 1471 1519 1520
f 1471 1520 1472
f 1423 1424 1520
f 1423 1520 1519
f 1375 1471 1472
f 1375 1472 1376
f 1376 1377 1425
f 1376 1425 1424
f 1472 1520 1521
f 1472 1521 1473
f 1424 1425 1521
f 1424 1521 1520
f 1376 1472 1473
f 1376 1473 1377
f 1377 1378 1426
f 1377 1426 1425
f 1473 1521 1522
f 1473 1522 1474
f 1425 1426 1522
f 1425 1522 1521
f 1377 1473 1474
f 1377 1474 1378
f 1378 1379 1427
f 1378 1427 1426
f 1474 1522 1523
f 1474 1523 1475
f 1426 1427 1523
f 1426 1523 1522
f 1378 1474 1475
f 1378 1475 1379
f 1379 1380 1428
f 1379 1428 1427
f 1475 1523 1524
f 1475 1524 1476
f 1427 1428 1524
f 1427 1524 1523
f 1379 1475 1476
f 1379 1476 1380
f 1380 1381 1429
f 1380 1429 1428
f 1476 1524 1525
f 1476 1525 1477
f 1428 1429 1525
f 1428 1525 1524
f 1380 1476 1477
f 1380 1477 1381
f 1381 1382 1430
f 1381 1430 1429
f 1477 1525 1526
f 1477 1526 1478
f 1429 1430 1526
f 1429 1526 1525
f 1381 1477 1478
f 1381 1478 1382
f 1382 1383 1431
f 1382 1431 1430
f 1478 1526 1527
f 1478 1527 1479
f 1430 1431 1527
f 1430 1527 1526
f 1382 1478 1479
f 1382 1479 1383
f 1383 1384 1432
f 1383 1432 1431
f 1479 1527 1528
f 1479 1528 1480
f 1431 1432 1528
f 1431 1528 1527
f 1383 1479 1480
f 1383 1480 1384
f 1384 1385 1433
f 1384 1433 1432
f 1480 1528 1529
f 1480 1529 1481
f 1432 1433 1529
f 1432 1529 1528
f 1384 1480 1481
f 1384 1481 1385
f 1385 1386 1434
f 1385 1434 1433
f 1481 1529 1530
f 1481 1530 1482
f 1433 1434 1530
f 1433 1530 1529
f 1385 1481 1482
f 1385 1482 1386
f 1386 1387 1435
f 1386 1435 1434
f 1482 1530 1531
f 1482 1531 1483
f 1434 1435 1531
f 1434 1531 1530
f 1386 1482 1483
f 1386 1483 1387
f 1387 1388 1436
f 1387 1436 1435
f 1483 1531 1532
f 1483 1532 1484
f 1435 1436 1532
f 1435 1532 1531
f 1387 1483 1484
f 1387 1484 1388
f 1388 1389 1437
f 1388 1437 1436
f 1484 1532 1533
f 1484 1533 1485
f 1436 1437 1533
f 1436 1533 1532
f 1388 1484 1485
f 1388 1485 1389
f 1389 1390 1438
f 1389 1438 1437
f 1485 1533 1534
f 1485 1534 1486
f 1437 1438 1534
f 1437 1534 1533
f 1389 1485 1486
f 1389 1486 1390
f 1390 1391 1439
f 1390 1439 1438
f 1486 1534 1535
f 1486 1535 1487
f 1438 1439 1535
f 1438 1535 1534
f 1390 1486 1487
f 1390 1487 1391
f 1391 1392 1440
f 1391 1440 1439
f 1487 1535 1536
f 1487 1536 1488
f 1439 1440 1536
f 1439 1536 1535
f 1391 1487 1488
f 1391 1488 1392
f 1392 1345 1393
f 1392 1393 1440
f 1488 1536 1489
f 1488 1489 1441
f 1440 1393 1489
f 1440 1489 1536
f 1392 1488 1441
f 1392 1441 1345
o 04___Zaptivni_prsten_·_koncept
v 41.15000 0.00000 10.00000
v 40.79796 5.37115 10.00000
v 39.74785 10.65040 10.00000
v 38.01764 15.74742 10.00000
v 35.63695 20.57500 10.00000
v 32.64649 25.05053 10.00000
v 29.09744 29.09744 10.00000
v 25.05053 32.64649 10.00000
v 20.57500 35.63695 10.00000
v 15.74742 38.01764 10.00000
v 10.65040 39.74785 10.00000
v 5.37115 40.79796 10.00000
v 0.00000 41.15000 10.00000
v -5.37115 40.79796 10.00000
v -10.65040 39.74785 10.00000
v -15.74742 38.01764 10.00000
v -20.57500 35.63695 10.00000
v -25.05053 32.64649 10.00000
v -29.09744 29.09744 10.00000
v -32.64649 25.05053 10.00000
v -35.63695 20.57500 10.00000
v -38.01764 15.74742 10.00000
v -39.74785 10.65040 10.00000
v -40.79796 5.37115 10.00000
v -41.15000 0.00000 10.00000
v -40.79796 -5.37115 10.00000
v -39.74785 -10.65040 10.00000
v -38.01764 -15.74742 10.00000
v -35.63695 -20.57500 10.00000
v -32.64649 -25.05053 10.00000
v -29.09744 -29.09744 10.00000
v -25.05053 -32.64649 10.00000
v -20.57500 -35.63695 10.00000
v -15.74742 -38.01764 10.00000
v -10.65040 -39.74785 10.00000
v -5.37115 -40.79796 10.00000
v -0.00000 -41.15000 10.00000
v 5.37115 -40.79796 10.00000
v 10.65040 -39.74785 10.00000
v 15.74742 -38.01764 10.00000
v 20.57500 -35.63695 10.00000
v 25.05053 -32.64649 10.00000
v 29.09744 -29.09744 10.00000
v 32.64649 -25.05053 10.00000
v 35.63695 -20.57500 10.00000
v 38.01764 -15.74742 10.00000
v 39.74785 -10.65040 10.00000
v 40.79796 -5.37115 10.00000
v 41.15000 0.00000 12.00000
v 40.79796 5.37115 12.00000
v 39.74785 10.65040 12.00000
v 38.01764 15.74742 12.00000
v 35.63695 20.57500 12.00000
v 32.64649 25.05053 12.00000
v 29.09744 29.09744 12.00000
v 25.05053 32.64649 12.00000
v 20.57500 35.63695 12.00000
v 15.74742 38.01764 12.00000
v 10.65040 39.74785 12.00000
v 5.37115 40.79796 12.00000
v 0.00000 41.15000 12.00000
v -5.37115 40.79796 12.00000
v -10.65040 39.74785 12.00000
v -15.74742 38.01764 12.00000
v -20.57500 35.63695 12.00000
v -25.05053 32.64649 12.00000
v -29.09744 29.09744 12.00000
v -32.64649 25.05053 12.00000
v -35.63695 20.57500 12.00000
v -38.01764 15.74742 12.00000
v -39.74785 10.65040 12.00000
v -40.79796 5.37115 12.00000
v -41.15000 0.00000 12.00000
v -40.79796 -5.37115 12.00000
v -39.74785 -10.65040 12.00000
v -38.01764 -15.74742 12.00000
v -35.63695 -20.57500 12.00000
v -32.64649 -25.05053 12.00000
v -29.09744 -29.09744 12.00000
v -25.05053 -32.64649 12.00000
v -20.57500 -35.63695 12.00000
v -15.74742 -38.01764 12.00000
v -10.65040 -39.74785 12.00000
v -5.37115 -40.79796 12.00000
v -0.00000 -41.15000 12.00000
v 5.37115 -40.79796 12.00000
v 10.65040 -39.74785 12.00000
v 15.74742 -38.01764 12.00000
v 20.57500 -35.63695 12.00000
v 25.05053 -32.64649 12.00000
v 29.09744 -29.09744 12.00000
v 32.64649 -25.05053 12.00000
v 35.63695 -20.57500 12.00000
v 38.01764 -15.74742 12.00000
v 39.74785 -10.65040 12.00000
v 40.79796 -5.37115 12.00000
v 39.10000 0.00000 10.00000
v 38.76549 5.10357 10.00000
v 37.76770 10.11982 10.00000
v 36.12369 14.96292 10.00000
v 33.86159 19.55000 10.00000
v 31.02012 23.80257 10.00000
v 27.64788 27.64788 10.00000
v 23.80257 31.02012 10.00000
v 19.55000 33.86159 10.00000
v 14.96292 36.12369 10.00000
v 10.11982 37.76770 10.00000
v 5.10357 38.76549 10.00000
v 0.00000 39.10000 10.00000
v -5.10357 38.76549 10.00000
v -10.11982 37.76770 10.00000
v -14.96292 36.12369 10.00000
v -19.55000 33.86159 10.00000
v -23.80257 31.02012 10.00000
v -27.64788 27.64788 10.00000
v -31.02012 23.80257 10.00000
v -33.86159 19.55000 10.00000
v -36.12369 14.96292 10.00000
v -37.76770 10.11982 10.00000
v -38.76549 5.10357 10.00000
v -39.10000 0.00000 10.00000
v -38.76549 -5.10357 10.00000
v -37.76770 -10.11982 10.00000
v -36.12369 -14.96292 10.00000
v -33.86159 -19.55000 10.00000
v -31.02012 -23.80257 10.00000
v -27.64788 -27.64788 10.00000
v -23.80257 -31.02012 10.00000
v -19.55000 -33.86159 10.00000
v -14.96292 -36.12369 10.00000
v -10.11982 -37.76770 10.00000
v -5.10357 -38.76549 10.00000
v -0.00000 -39.10000 10.00000
v 5.10357 -38.76549 10.00000
v 10.11982 -37.76770 10.00000
v 14.96292 -36.12369 10.00000
v 19.55000 -33.86159 10.00000
v 23.80257 -31.02012 10.00000
v 27.64788 -27.64788 10.00000
v 31.02012 -23.80257 10.00000
v 33.86159 -19.55000 10.00000
v 36.12369 -14.96292 10.00000
v 37.76770 -10.11982 10.00000
v 38.76549 -5.10357 10.00000
v 39.10000 0.00000 12.00000
v 38.76549 5.10357 12.00000
v 37.76770 10.11982 12.00000
v 36.12369 14.96292 12.00000
v 33.86159 19.55000 12.00000
v 31.02012 23.80257 12.00000
v 27.64788 27.64788 12.00000
v 23.80257 31.02012 12.00000
v 19.55000 33.86159 12.00000
v 14.96292 36.12369 12.00000
v 10.11982 37.76770 12.00000
v 5.10357 38.76549 12.00000
v 0.00000 39.10000 12.00000
v -5.10357 38.76549 12.00000
v -10.11982 37.76770 12.00000
v -14.96292 36.12369 12.00000
v -19.55000 33.86159 12.00000
v -23.80257 31.02012 12.00000
v -27.64788 27.64788 12.00000
v -31.02012 23.80257 12.00000
v -33.86159 19.55000 12.00000
v -36.12369 14.96292 12.00000
v -37.76770 10.11982 12.00000
v -38.76549 5.10357 12.00000
v -39.10000 0.00000 12.00000
v -38.76549 -5.10357 12.00000
v -37.76770 -10.11982 12.00000
v -36.12369 -14.96292 12.00000
v -33.86159 -19.55000 12.00000
v -31.02012 -23.80257 12.00000
v -27.64788 -27.64788 12.00000
v -23.80257 -31.02012 12.00000
v -19.55000 -33.86159 12.00000
v -14.96292 -36.12369 12.00000
v -10.11982 -37.76770 12.00000
v -5.10357 -38.76549 12.00000
v -0.00000 -39.10000 12.00000
v 5.10357 -38.76549 12.00000
v 10.11982 -37.76770 12.00000
v 14.96292 -36.12369 12.00000
v 19.55000 -33.86159 12.00000
v 23.80257 -31.02012 12.00000
v 27.64788 -27.64788 12.00000
v 31.02012 -23.80257 12.00000
v 33.86159 -19.55000 12.00000
v 36.12369 -14.96292 12.00000
v 37.76770 -10.11982 12.00000
v 38.76549 -5.10357 12.00000
f 1537 1538 1586
f 1537 1586 1585
f 1633 1681 1682
f 1633 1682 1634
f 1585 1586 1682
f 1585 1682 1681
f 1537 1633 1634
f 1537 1634 1538
f 1538 1539 1587
f 1538 1587 1586
f 1634 1682 1683
f 1634 1683 1635
f 1586 1587 1683
f 1586 1683 1682
f 1538 1634 1635
f 1538 1635 1539
f 1539 1540 1588
f 1539 1588 1587
f 1635 1683 1684
f 1635 1684 1636
f 1587 1588 1684
f 1587 1684 1683
f 1539 1635 1636
f 1539 1636 1540
f 1540 1541 1589
f 1540 1589 1588
f 1636 1684 1685
f 1636 1685 1637
f 1588 1589 1685
f 1588 1685 1684
f 1540 1636 1637
f 1540 1637 1541
f 1541 1542 1590
f 1541 1590 1589
f 1637 1685 1686
f 1637 1686 1638
f 1589 1590 1686
f 1589 1686 1685
f 1541 1637 1638
f 1541 1638 1542
f 1542 1543 1591
f 1542 1591 1590
f 1638 1686 1687
f 1638 1687 1639
f 1590 1591 1687
f 1590 1687 1686
f 1542 1638 1639
f 1542 1639 1543
f 1543 1544 1592
f 1543 1592 1591
f 1639 1687 1688
f 1639 1688 1640
f 1591 1592 1688
f 1591 1688 1687
f 1543 1639 1640
f 1543 1640 1544
f 1544 1545 1593
f 1544 1593 1592
f 1640 1688 1689
f 1640 1689 1641
f 1592 1593 1689
f 1592 1689 1688
f 1544 1640 1641
f 1544 1641 1545
f 1545 1546 1594
f 1545 1594 1593
f 1641 1689 1690
f 1641 1690 1642
f 1593 1594 1690
f 1593 1690 1689
f 1545 1641 1642
f 1545 1642 1546
f 1546 1547 1595
f 1546 1595 1594
f 1642 1690 1691
f 1642 1691 1643
f 1594 1595 1691
f 1594 1691 1690
f 1546 1642 1643
f 1546 1643 1547
f 1547 1548 1596
f 1547 1596 1595
f 1643 1691 1692
f 1643 1692 1644
f 1595 1596 1692
f 1595 1692 1691
f 1547 1643 1644
f 1547 1644 1548
f 1548 1549 1597
f 1548 1597 1596
f 1644 1692 1693
f 1644 1693 1645
f 1596 1597 1693
f 1596 1693 1692
f 1548 1644 1645
f 1548 1645 1549
f 1549 1550 1598
f 1549 1598 1597
f 1645 1693 1694
f 1645 1694 1646
f 1597 1598 1694
f 1597 1694 1693
f 1549 1645 1646
f 1549 1646 1550
f 1550 1551 1599
f 1550 1599 1598
f 1646 1694 1695
f 1646 1695 1647
f 1598 1599 1695
f 1598 1695 1694
f 1550 1646 1647
f 1550 1647 1551
f 1551 1552 1600
f 1551 1600 1599
f 1647 1695 1696
f 1647 1696 1648
f 1599 1600 1696
f 1599 1696 1695
f 1551 1647 1648
f 1551 1648 1552
f 1552 1553 1601
f 1552 1601 1600
f 1648 1696 1697
f 1648 1697 1649
f 1600 1601 1697
f 1600 1697 1696
f 1552 1648 1649
f 1552 1649 1553
f 1553 1554 1602
f 1553 1602 1601
f 1649 1697 1698
f 1649 1698 1650
f 1601 1602 1698
f 1601 1698 1697
f 1553 1649 1650
f 1553 1650 1554
f 1554 1555 1603
f 1554 1603 1602
f 1650 1698 1699
f 1650 1699 1651
f 1602 1603 1699
f 1602 1699 1698
f 1554 1650 1651
f 1554 1651 1555
f 1555 1556 1604
f 1555 1604 1603
f 1651 1699 1700
f 1651 1700 1652
f 1603 1604 1700
f 1603 1700 1699
f 1555 1651 1652
f 1555 1652 1556
f 1556 1557 1605
f 1556 1605 1604
f 1652 1700 1701
f 1652 1701 1653
f 1604 1605 1701
f 1604 1701 1700
f 1556 1652 1653
f 1556 1653 1557
f 1557 1558 1606
f 1557 1606 1605
f 1653 1701 1702
f 1653 1702 1654
f 1605 1606 1702
f 1605 1702 1701
f 1557 1653 1654
f 1557 1654 1558
f 1558 1559 1607
f 1558 1607 1606
f 1654 1702 1703
f 1654 1703 1655
f 1606 1607 1703
f 1606 1703 1702
f 1558 1654 1655
f 1558 1655 1559
f 1559 1560 1608
f 1559 1608 1607
f 1655 1703 1704
f 1655 1704 1656
f 1607 1608 1704
f 1607 1704 1703
f 1559 1655 1656
f 1559 1656 1560
f 1560 1561 1609
f 1560 1609 1608
f 1656 1704 1705
f 1656 1705 1657
f 1608 1609 1705
f 1608 1705 1704
f 1560 1656 1657
f 1560 1657 1561
f 1561 1562 1610
f 1561 1610 1609
f 1657 1705 1706
f 1657 1706 1658
f 1609 1610 1706
f 1609 1706 1705
f 1561 1657 1658
f 1561 1658 1562
f 1562 1563 1611
f 1562 1611 1610
f 1658 1706 1707
f 1658 1707 1659
f 1610 1611 1707
f 1610 1707 1706
f 1562 1658 1659
f 1562 1659 1563
f 1563 1564 1612
f 1563 1612 1611
f 1659 1707 1708
f 1659 1708 1660
f 1611 1612 1708
f 1611 1708 1707
f 1563 1659 1660
f 1563 1660 1564
f 1564 1565 1613
f 1564 1613 1612
f 1660 1708 1709
f 1660 1709 1661
f 1612 1613 1709
f 1612 1709 1708
f 1564 1660 1661
f 1564 1661 1565
f 1565 1566 1614
f 1565 1614 1613
f 1661 1709 1710
f 1661 1710 1662
f 1613 1614 1710
f 1613 1710 1709
f 1565 1661 1662
f 1565 1662 1566
f 1566 1567 1615
f 1566 1615 1614
f 1662 1710 1711
f 1662 1711 1663
f 1614 1615 1711
f 1614 1711 1710
f 1566 1662 1663
f 1566 1663 1567
f 1567 1568 1616
f 1567 1616 1615
f 1663 1711 1712
f 1663 1712 1664
f 1615 1616 1712
f 1615 1712 1711
f 1567 1663 1664
f 1567 1664 1568
f 1568 1569 1617
f 1568 1617 1616
f 1664 1712 1713
f 1664 1713 1665
f 1616 1617 1713
f 1616 1713 1712
f 1568 1664 1665
f 1568 1665 1569
f 1569 1570 1618
f 1569 1618 1617
f 1665 1713 1714
f 1665 1714 1666
f 1617 1618 1714
f 1617 1714 1713
f 1569 1665 1666
f 1569 1666 1570
f 1570 1571 1619
f 1570 1619 1618
f 1666 1714 1715
f 1666 1715 1667
f 1618 1619 1715
f 1618 1715 1714
f 1570 1666 1667
f 1570 1667 1571
f 1571 1572 1620
f 1571 1620 1619
f 1667 1715 1716
f 1667 1716 1668
f 1619 1620 1716
f 1619 1716 1715
f 1571 1667 1668
f 1571 1668 1572
f 1572 1573 1621
f 1572 1621 1620
f 1668 1716 1717
f 1668 1717 1669
f 1620 1621 1717
f 1620 1717 1716
f 1572 1668 1669
f 1572 1669 1573
f 1573 1574 1622
f 1573 1622 1621
f 1669 1717 1718
f 1669 1718 1670
f 1621 1622 1718
f 1621 1718 1717
f 1573 1669 1670
f 1573 1670 1574
f 1574 1575 1623
f 1574 1623 1622
f 1670 1718 1719
f 1670 1719 1671
f 1622 1623 1719
f 1622 1719 1718
f 1574 1670 1671
f 1574 1671 1575
f 1575 1576 1624
f 1575 1624 1623
f 1671 1719 1720
f 1671 1720 1672
f 1623 1624 1720
f 1623 1720 1719
f 1575 1671 1672
f 1575 1672 1576
f 1576 1577 1625
f 1576 1625 1624
f 1672 1720 1721
f 1672 1721 1673
f 1624 1625 1721
f 1624 1721 1720
f 1576 1672 1673
f 1576 1673 1577
f 1577 1578 1626
f 1577 1626 1625
f 1673 1721 1722
f 1673 1722 1674
f 1625 1626 1722
f 1625 1722 1721
f 1577 1673 1674
f 1577 1674 1578
f 1578 1579 1627
f 1578 1627 1626
f 1674 1722 1723
f 1674 1723 1675
f 1626 1627 1723
f 1626 1723 1722
f 1578 1674 1675
f 1578 1675 1579
f 1579 1580 1628
f 1579 1628 1627
f 1675 1723 1724
f 1675 1724 1676
f 1627 1628 1724
f 1627 1724 1723
f 1579 1675 1676
f 1579 1676 1580
f 1580 1581 1629
f 1580 1629 1628
f 1676 1724 1725
f 1676 1725 1677
f 1628 1629 1725
f 1628 1725 1724
f 1580 1676 1677
f 1580 1677 1581
f 1581 1582 1630
f 1581 1630 1629
f 1677 1725 1726
f 1677 1726 1678
f 1629 1630 1726
f 1629 1726 1725
f 1581 1677 1678
f 1581 1678 1582
f 1582 1583 1631
f 1582 1631 1630
f 1678 1726 1727
f 1678 1727 1679
f 1630 1631 1727
f 1630 1727 1726
f 1582 1678 1679
f 1582 1679 1583
f 1583 1584 1632
f 1583 1632 1631
f 1679 1727 1728
f 1679 1728 1680
f 1631 1632 1728
f 1631 1728 1727
f 1583 1679 1680
f 1583 1680 1584
f 1584 1537 1585
f 1584 1585 1632
f 1680 1728 1681
f 1680 1681 1633
f 1632 1585 1681
f 1632 1681 1728
f 1584 1680 1633
f 1584 1633 1537
o 05___Kablovski_uvodnik_·_kućište
v 11.00000 0.00000 222.00000
v 5.50000 9.52628 222.00000
v -5.50000 9.52628 222.00000
v -11.00000 0.00000 222.00000
v -5.50000 -9.52628 222.00000
v 5.50000 -9.52628 222.00000
v 11.00000 0.00000 239.00000
v 5.50000 9.52628 239.00000
v -5.50000 9.52628 239.00000
v -11.00000 0.00000 239.00000
v -5.50000 -9.52628 239.00000
v 5.50000 -9.52628 239.00000
v 4.00000 0.00000 222.00000
v 2.00000 3.46410 222.00000
v -2.00000 3.46410 222.00000
v -4.00000 0.00000 222.00000
v -2.00000 -3.46410 222.00000
v 2.00000 -3.46410 222.00000
v 4.00000 0.00000 239.00000
v 2.00000 3.46410 239.00000
v -2.00000 3.46410 239.00000
v -4.00000 0.00000 239.00000
v -2.00000 -3.46410 239.00000
v 2.00000 -3.46410 239.00000
f 1729 1730 1736
f 1729 1736 1735
f 1741 1747 1748
f 1741 1748 1742
f 1735 1736 1748
f 1735 1748 1747
f 1729 1741 1742
f 1729 1742 1730
f 1730 1731 1737
f 1730 1737 1736
f 1742 1748 1749
f 1742 1749 1743
f 1736 1737 1749
f 1736 1749 1748
f 1730 1742 1743
f 1730 1743 1731
f 1731 1732 1738
f 1731 1738 1737
f 1743 1749 1750
f 1743 1750 1744
f 1737 1738 1750
f 1737 1750 1749
f 1731 1743 1744
f 1731 1744 1732
f 1732 1733 1739
f 1732 1739 1738
f 1744 1750 1751
f 1744 1751 1745
f 1738 1739 1751
f 1738 1751 1750
f 1732 1744 1745
f 1732 1745 1733
f 1733 1734 1740
f 1733 1740 1739
f 1745 1751 1752
f 1745 1752 1746
f 1739 1740 1752
f 1739 1752 1751
f 1733 1745 1746
f 1733 1746 1734
f 1734 1729 1735
f 1734 1735 1740
f 1746 1752 1747
f 1746 1747 1741
f 1740 1735 1747
f 1740 1747 1752
f 1734 1746 1741
f 1734 1741 1729
o 05___Uvodnik_·_stezna_kapa
v 9.00000 0.00000 239.00000
v 8.92300 1.17474 239.00000
v 8.69333 2.32937 239.00000
v 8.31492 3.44415 239.00000
v 7.79423 4.50000 239.00000
v 7.14018 5.47885 239.00000
v 6.36396 6.36396 239.00000
v 5.47885 7.14018 239.00000
v 4.50000 7.79423 239.00000
v 3.44415 8.31492 239.00000
v 2.32937 8.69333 239.00000
v 1.17474 8.92300 239.00000
v 0.00000 9.00000 239.00000
v -1.17474 8.92300 239.00000
v -2.32937 8.69333 239.00000
v -3.44415 8.31492 239.00000
v -4.50000 7.79423 239.00000
v -5.47885 7.14018 239.00000
v -6.36396 6.36396 239.00000
v -7.14018 5.47885 239.00000
v -7.79423 4.50000 239.00000
v -8.31492 3.44415 239.00000
v -8.69333 2.32937 239.00000
v -8.92300 1.17474 239.00000
v -9.00000 0.00000 239.00000
v -8.92300 -1.17474 239.00000
v -8.69333 -2.32937 239.00000
v -8.31492 -3.44415 239.00000
v -7.79423 -4.50000 239.00000
v -7.14018 -5.47885 239.00000
v -6.36396 -6.36396 239.00000
v -5.47885 -7.14018 239.00000
v -4.50000 -7.79423 239.00000
v -3.44415 -8.31492 239.00000
v -2.32937 -8.69333 239.00000
v -1.17474 -8.92300 239.00000
v -0.00000 -9.00000 239.00000
v 1.17474 -8.92300 239.00000
v 2.32937 -8.69333 239.00000
v 3.44415 -8.31492 239.00000
v 4.50000 -7.79423 239.00000
v 5.47885 -7.14018 239.00000
v 6.36396 -6.36396 239.00000
v 7.14018 -5.47885 239.00000
v 7.79423 -4.50000 239.00000
v 8.31492 -3.44415 239.00000
v 8.69333 -2.32937 239.00000
v 8.92300 -1.17474 239.00000
v 9.00000 0.00000 247.00000
v 8.92300 1.17474 247.00000
v 8.69333 2.32937 247.00000
v 8.31492 3.44415 247.00000
v 7.79423 4.50000 247.00000
v 7.14018 5.47885 247.00000
v 6.36396 6.36396 247.00000
v 5.47885 7.14018 247.00000
v 4.50000 7.79423 247.00000
v 3.44415 8.31492 247.00000
v 2.32937 8.69333 247.00000
v 1.17474 8.92300 247.00000
v 0.00000 9.00000 247.00000
v -1.17474 8.92300 247.00000
v -2.32937 8.69333 247.00000
v -3.44415 8.31492 247.00000
v -4.50000 7.79423 247.00000
v -5.47885 7.14018 247.00000
v -6.36396 6.36396 247.00000
v -7.14018 5.47885 247.00000
v -7.79423 4.50000 247.00000
v -8.31492 3.44415 247.00000
v -8.69333 2.32937 247.00000
v -8.92300 1.17474 247.00000
v -9.00000 0.00000 247.00000
v -8.92300 -1.17474 247.00000
v -8.69333 -2.32937 247.00000
v -8.31492 -3.44415 247.00000
v -7.79423 -4.50000 247.00000
v -7.14018 -5.47885 247.00000
v -6.36396 -6.36396 247.00000
v -5.47885 -7.14018 247.00000
v -4.50000 -7.79423 247.00000
v -3.44415 -8.31492 247.00000
v -2.32937 -8.69333 247.00000
v -1.17474 -8.92300 247.00000
v -0.00000 -9.00000 247.00000
v 1.17474 -8.92300 247.00000
v 2.32937 -8.69333 247.00000
v 3.44415 -8.31492 247.00000
v 4.50000 -7.79423 247.00000
v 5.47885 -7.14018 247.00000
v 6.36396 -6.36396 247.00000
v 7.14018 -5.47885 247.00000
v 7.79423 -4.50000 247.00000
v 8.31492 -3.44415 247.00000
v 8.69333 -2.32937 247.00000
v 8.92300 -1.17474 247.00000
v 4.00000 0.00000 239.00000
v 3.96578 0.52210 239.00000
v 3.86370 1.03528 239.00000
v 3.69552 1.53073 239.00000
v 3.46410 2.00000 239.00000
v 3.17341 2.43505 239.00000
v 2.82843 2.82843 239.00000
v 2.43505 3.17341 239.00000
v 2.00000 3.46410 239.00000
v 1.53073 3.69552 239.00000
v 1.03528 3.86370 239.00000
v 0.52210 3.96578 239.00000
v 0.00000 4.00000 239.00000
v -0.52210 3.96578 239.00000
v -1.03528 3.86370 239.00000
v -1.53073 3.69552 239.00000
v -2.00000 3.46410 239.00000
v -2.43505 3.17341 239.00000
v -2.82843 2.82843 239.00000
v -3.17341 2.43505 239.00000
v -3.46410 2.00000 239.00000
v -3.69552 1.53073 239.00000
v -3.86370 1.03528 239.00000
v -3.96578 0.52210 239.00000
v -4.00000 0.00000 239.00000
v -3.96578 -0.52210 239.00000
v -3.86370 -1.03528 239.00000
v -3.69552 -1.53073 239.00000
v -3.46410 -2.00000 239.00000
v -3.17341 -2.43505 239.00000
v -2.82843 -2.82843 239.00000
v -2.43505 -3.17341 239.00000
v -2.00000 -3.46410 239.00000
v -1.53073 -3.69552 239.00000
v -1.03528 -3.86370 239.00000
v -0.52210 -3.96578 239.00000
v -0.00000 -4.00000 239.00000
v 0.52210 -3.96578 239.00000
v 1.03528 -3.86370 239.00000
v 1.53073 -3.69552 239.00000
v 2.00000 -3.46410 239.00000
v 2.43505 -3.17341 239.00000
v 2.82843 -2.82843 239.00000
v 3.17341 -2.43505 239.00000
v 3.46410 -2.00000 239.00000
v 3.69552 -1.53073 239.00000
v 3.86370 -1.03528 239.00000
v 3.96578 -0.52210 239.00000
v 4.00000 0.00000 247.00000
v 3.96578 0.52210 247.00000
v 3.86370 1.03528 247.00000
v 3.69552 1.53073 247.00000
v 3.46410 2.00000 247.00000
v 3.17341 2.43505 247.00000
v 2.82843 2.82843 247.00000
v 2.43505 3.17341 247.00000
v 2.00000 3.46410 247.00000
v 1.53073 3.69552 247.00000
v 1.03528 3.86370 247.00000
v 0.52210 3.96578 247.00000
v 0.00000 4.00000 247.00000
v -0.52210 3.96578 247.00000
v -1.03528 3.86370 247.00000
v -1.53073 3.69552 247.00000
v -2.00000 3.46410 247.00000
v -2.43505 3.17341 247.00000
v -2.82843 2.82843 247.00000
v -3.17341 2.43505 247.00000
v -3.46410 2.00000 247.00000
v -3.69552 1.53073 247.00000
v -3.86370 1.03528 247.00000
v -3.96578 0.52210 247.00000
v -4.00000 0.00000 247.00000
v -3.96578 -0.52210 247.00000
v -3.86370 -1.03528 247.00000
v -3.69552 -1.53073 247.00000
v -3.46410 -2.00000 247.00000
v -3.17341 -2.43505 247.00000
v -2.82843 -2.82843 247.00000
v -2.43505 -3.17341 247.00000
v -2.00000 -3.46410 247.00000
v -1.53073 -3.69552 247.00000
v -1.03528 -3.86370 247.00000
v -0.52210 -3.96578 247.00000
v -0.00000 -4.00000 247.00000
v 0.52210 -3.96578 247.00000
v 1.03528 -3.86370 247.00000
v 1.53073 -3.69552 247.00000
v 2.00000 -3.46410 247.00000
v 2.43505 -3.17341 247.00000
v 2.82843 -2.82843 247.00000
v 3.17341 -2.43505 247.00000
v 3.46410 -2.00000 247.00000
v 3.69552 -1.53073 247.00000
v 3.86370 -1.03528 247.00000
v 3.96578 -0.52210 247.00000
f 1753 1754 1802
f 1753 1802 1801
f 1849 1897 1898
f 1849 1898 1850
f 1801 1802 1898
f 1801 1898 1897
f 1753 1849 1850
f 1753 1850 1754
f 1754 1755 1803
f 1754 1803 1802
f 1850 1898 1899
f 1850 1899 1851
f 1802 1803 1899
f 1802 1899 1898
f 1754 1850 1851
f 1754 1851 1755
f 1755 1756 1804
f 1755 1804 1803
f 1851 1899 1900
f 1851 1900 1852
f 1803 1804 1900
f 1803 1900 1899
f 1755 1851 1852
f 1755 1852 1756
f 1756 1757 1805
f 1756 1805 1804
f 1852 1900 1901
f 1852 1901 1853
f 1804 1805 1901
f 1804 1901 1900
f 1756 1852 1853
f 1756 1853 1757
f 1757 1758 1806
f 1757 1806 1805
f 1853 1901 1902
f 1853 1902 1854
f 1805 1806 1902
f 1805 1902 1901
f 1757 1853 1854
f 1757 1854 1758
f 1758 1759 1807
f 1758 1807 1806
f 1854 1902 1903
f 1854 1903 1855
f 1806 1807 1903
f 1806 1903 1902
f 1758 1854 1855
f 1758 1855 1759
f 1759 1760 1808
f 1759 1808 1807
f 1855 1903 1904
f 1855 1904 1856
f 1807 1808 1904
f 1807 1904 1903
f 1759 1855 1856
f 1759 1856 1760
f 1760 1761 1809
f 1760 1809 1808
f 1856 1904 1905
f 1856 1905 1857
f 1808 1809 1905
f 1808 1905 1904
f 1760 1856 1857
f 1760 1857 1761
f 1761 1762 1810
f 1761 1810 1809
f 1857 1905 1906
f 1857 1906 1858
f 1809 1810 1906
f 1809 1906 1905
f 1761 1857 1858
f 1761 1858 1762
f 1762 1763 1811
f 1762 1811 1810
f 1858 1906 1907
f 1858 1907 1859
f 1810 1811 1907
f 1810 1907 1906
f 1762 1858 1859
f 1762 1859 1763
f 1763 1764 1812
f 1763 1812 1811
f 1859 1907 1908
f 1859 1908 1860
f 1811 1812 1908
f 1811 1908 1907
f 1763 1859 1860
f 1763 1860 1764
f 1764 1765 1813
f 1764 1813 1812
f 1860 1908 1909
f 1860 1909 1861
f 1812 1813 1909
f 1812 1909 1908
f 1764 1860 1861
f 1764 1861 1765
f 1765 1766 1814
f 1765 1814 1813
f 1861 1909 1910
f 1861 1910 1862
f 1813 1814 1910
f 1813 1910 1909
f 1765 1861 1862
f 1765 1862 1766
f 1766 1767 1815
f 1766 1815 1814
f 1862 1910 1911
f 1862 1911 1863
f 1814 1815 1911
f 1814 1911 1910
f 1766 1862 1863
f 1766 1863 1767
f 1767 1768 1816
f 1767 1816 1815
f 1863 1911 1912
f 1863 1912 1864
f 1815 1816 1912
f 1815 1912 1911
f 1767 1863 1864
f 1767 1864 1768
f 1768 1769 1817
f 1768 1817 1816
f 1864 1912 1913
f 1864 1913 1865
f 1816 1817 1913
f 1816 1913 1912
f 1768 1864 1865
f 1768 1865 1769
f 1769 1770 1818
f 1769 1818 1817
f 1865 1913 1914
f 1865 1914 1866
f 1817 1818 1914
f 1817 1914 1913
f 1769 1865 1866
f 1769 1866 1770
f 1770 1771 1819
f 1770 1819 1818
f 1866 1914 1915
f 1866 1915 1867
f 1818 1819 1915
f 1818 1915 1914
f 1770 1866 1867
f 1770 1867 1771
f 1771 1772 1820
f 1771 1820 1819
f 1867 1915 1916
f 1867 1916 1868
f 1819 1820 1916
f 1819 1916 1915
f 1771 1867 1868
f 1771 1868 1772
f 1772 1773 1821
f 1772 1821 1820
f 1868 1916 1917
f 1868 1917 1869
f 1820 1821 1917
f 1820 1917 1916
f 1772 1868 1869
f 1772 1869 1773
f 1773 1774 1822
f 1773 1822 1821
f 1869 1917 1918
f 1869 1918 1870
f 1821 1822 1918
f 1821 1918 1917
f 1773 1869 1870
f 1773 1870 1774
f 1774 1775 1823
f 1774 1823 1822
f 1870 1918 1919
f 1870 1919 1871
f 1822 1823 1919
f 1822 1919 1918
f 1774 1870 1871
f 1774 1871 1775
f 1775 1776 1824
f 1775 1824 1823
f 1871 1919 1920
f 1871 1920 1872
f 1823 1824 1920
f 1823 1920 1919
f 1775 1871 1872
f 1775 1872 1776
f 1776 1777 1825
f 1776 1825 1824
f 1872 1920 1921
f 1872 1921 1873
f 1824 1825 1921
f 1824 1921 1920
f 1776 1872 1873
f 1776 1873 1777
f 1777 1778 1826
f 1777 1826 1825
f 1873 1921 1922
f 1873 1922 1874
f 1825 1826 1922
f 1825 1922 1921
f 1777 1873 1874
f 1777 1874 1778
f 1778 1779 1827
f 1778 1827 1826
f 1874 1922 1923
f 1874 1923 1875
f 1826 1827 1923
f 1826 1923 1922
f 1778 1874 1875
f 1778 1875 1779
f 1779 1780 1828
f 1779 1828 1827
f 1875 1923 1924
f 1875 1924 1876
f 1827 1828 1924
f 1827 1924 1923
f 1779 1875 1876
f 1779 1876 1780
f 1780 1781 1829
f 1780 1829 1828
f 1876 1924 1925
f 1876 1925 1877
f 1828 1829 1925
f 1828 1925 1924
f 1780 1876 1877
f 1780 1877 1781
f 1781 1782 1830
f 1781 1830 1829
f 1877 1925 1926
f 1877 1926 1878
f 1829 1830 1926
f 1829 1926 1925
f 1781 1877 1878
f 1781 1878 1782
f 1782 1783 1831
f 1782 1831 1830
f 1878 1926 1927
f 1878 1927 1879
f 1830 1831 1927
f 1830 1927 1926
f 1782 1878 1879
f 1782 1879 1783
f 1783 1784 1832
f 1783 1832 1831
f 1879 1927 1928
f 1879 1928 1880
f 1831 1832 1928
f 1831 1928 1927
f 1783 1879 1880
f 1783 1880 1784
f 1784 1785 1833
f 1784 1833 1832
f 1880 1928 1929
f 1880 1929 1881
f 1832 1833 1929
f 1832 1929 1928
f 1784 1880 1881
f 1784 1881 1785
f 1785 1786 1834
f 1785 1834 1833
f 1881 1929 1930
f 1881 1930 1882
f 1833 1834 1930
f 1833 1930 1929
f 1785 1881 1882
f 1785 1882 1786
f 1786 1787 1835
f 1786 1835 1834
f 1882 1930 1931
f 1882 1931 1883
f 1834 1835 1931
f 1834 1931 1930
f 1786 1882 1883
f 1786 1883 1787
f 1787 1788 1836
f 1787 1836 1835
f 1883 1931 1932
f 1883 1932 1884
f 1835 1836 1932
f 1835 1932 1931
f 1787 1883 1884
f 1787 1884 1788
f 1788 1789 1837
f 1788 1837 1836
f 1884 1932 1933
f 1884 1933 1885
f 1836 1837 1933
f 1836 1933 1932
f 1788 1884 1885
f 1788 1885 1789
f 1789 1790 1838
f 1789 1838 1837
f 1885 1933 1934
f 1885 1934 1886
f 1837 1838 1934
f 1837 1934 1933
f 1789 1885 1886
f 1789 1886 1790
f 1790 1791 1839
f 1790 1839 1838
f 1886 1934 1935
f 1886 1935 1887
f 1838 1839 1935
f 1838 1935 1934
f 1790 1886 1887
f 1790 1887 1791
f 1791 1792 1840
f 1791 1840 1839
f 1887 1935 1936
f 1887 1936 1888
f 1839 1840 1936
f 1839 1936 1935
f 1791 1887 1888
f 1791 1888 1792
f 1792 1793 1841
f 1792 1841 1840
f 1888 1936 1937
f 1888 1937 1889
f 1840 1841 1937
f 1840 1937 1936
f 1792 1888 1889
f 1792 1889 1793
f 1793 1794 1842
f 1793 1842 1841
f 1889 1937 1938
f 1889 1938 1890
f 1841 1842 1938
f 1841 1938 1937
f 1793 1889 1890
f 1793 1890 1794
f 1794 1795 1843
f 1794 1843 1842
f 1890 1938 1939
f 1890 1939 1891
f 1842 1843 1939
f 1842 1939 1938
f 1794 1890 1891
f 1794 1891 1795
f 1795 1796 1844
f 1795 1844 1843
f 1891 1939 1940
f 1891 1940 1892
f 1843 1844 1940
f 1843 1940 1939
f 1795 1891 1892
f 1795 1892 1796
f 1796 1797 1845
f 1796 1845 1844
f 1892 1940 1941
f 1892 1941 1893
f 1844 1845 1941
f 1844 1941 1940
f 1796 1892 1893
f 1796 1893 1797
f 1797 1798 1846
f 1797 1846 1845
f 1893 1941 1942
f 1893 1942 1894
f 1845 1846 1942
f 1845 1942 1941
f 1797 1893 1894
f 1797 1894 1798
f 1798 1799 1847
f 1798 1847 1846
f 1894 1942 1943
f 1894 1943 1895
f 1846 1847 1943
f 1846 1943 1942
f 1798 1894 1895
f 1798 1895 1799
f 1799 1800 1848
f 1799 1848 1847
f 1895 1943 1944
f 1895 1944 1896
f 1847 1848 1944
f 1847 1944 1943
f 1799 1895 1896
f 1799 1896 1800
f 1800 1753 1801
f 1800 1801 1848
f 1896 1944 1897
f 1896 1897 1849
f 1848 1801 1897
f 1848 1897 1944
f 1800 1896 1849
f 1800 1849 1753
o 05___Kabl_Ø8_·_nastavak_van_modela
v 4.00000 0.00000 247.00000
v 3.96578 0.52210 247.00000
v 3.86370 1.03528 247.00000
v 3.69552 1.53073 247.00000
v 3.46410 2.00000 247.00000
v 3.17341 2.43505 247.00000
v 2.82843 2.82843 247.00000
v 2.43505 3.17341 247.00000
v 2.00000 3.46410 247.00000
v 1.53073 3.69552 247.00000
v 1.03528 3.86370 247.00000
v 0.52210 3.96578 247.00000
v 0.00000 4.00000 247.00000
v -0.52210 3.96578 247.00000
v -1.03528 3.86370 247.00000
v -1.53073 3.69552 247.00000
v -2.00000 3.46410 247.00000
v -2.43505 3.17341 247.00000
v -2.82843 2.82843 247.00000
v -3.17341 2.43505 247.00000
v -3.46410 2.00000 247.00000
v -3.69552 1.53073 247.00000
v -3.86370 1.03528 247.00000
v -3.96578 0.52210 247.00000
v -4.00000 0.00000 247.00000
v -3.96578 -0.52210 247.00000
v -3.86370 -1.03528 247.00000
v -3.69552 -1.53073 247.00000
v -3.46410 -2.00000 247.00000
v -3.17341 -2.43505 247.00000
v -2.82843 -2.82843 247.00000
v -2.43505 -3.17341 247.00000
v -2.00000 -3.46410 247.00000
v -1.53073 -3.69552 247.00000
v -1.03528 -3.86370 247.00000
v -0.52210 -3.96578 247.00000
v -0.00000 -4.00000 247.00000
v 0.52210 -3.96578 247.00000
v 1.03528 -3.86370 247.00000
v 1.53073 -3.69552 247.00000
v 2.00000 -3.46410 247.00000
v 2.43505 -3.17341 247.00000
v 2.82843 -2.82843 247.00000
v 3.17341 -2.43505 247.00000
v 3.46410 -2.00000 247.00000
v 3.69552 -1.53073 247.00000
v 3.86370 -1.03528 247.00000
v 3.96578 -0.52210 247.00000
v 4.00000 0.00000 258.00000
v 3.96578 0.52210 258.00000
v 3.86370 1.03528 258.00000
v 3.69552 1.53073 258.00000
v 3.46410 2.00000 258.00000
v 3.17341 2.43505 258.00000
v 2.82843 2.82843 258.00000
v 2.43505 3.17341 258.00000
v 2.00000 3.46410 258.00000
v 1.53073 3.69552 258.00000
v 1.03528 3.86370 258.00000
v 0.52210 3.96578 258.00000
v 0.00000 4.00000 258.00000
v -0.52210 3.96578 258.00000
v -1.03528 3.86370 258.00000
v -1.53073 3.69552 258.00000
v -2.00000 3.46410 258.00000
v -2.43505 3.17341 258.00000
v -2.82843 2.82843 258.00000
v -3.17341 2.43505 258.00000
v -3.46410 2.00000 258.00000
v -3.69552 1.53073 258.00000
v -3.86370 1.03528 258.00000
v -3.96578 0.52210 258.00000
v -4.00000 0.00000 258.00000
v -3.96578 -0.52210 258.00000
v -3.86370 -1.03528 258.00000
v -3.69552 -1.53073 258.00000
v -3.46410 -2.00000 258.00000
v -3.17341 -2.43505 258.00000
v -2.82843 -2.82843 258.00000
v -2.43505 -3.17341 258.00000
v -2.00000 -3.46410 258.00000
v -1.53073 -3.69552 258.00000
v -1.03528 -3.86370 258.00000
v -0.52210 -3.96578 258.00000
v -0.00000 -4.00000 258.00000
v 0.52210 -3.96578 258.00000
v 1.03528 -3.86370 258.00000
v 1.53073 -3.69552 258.00000
v 2.00000 -3.46410 258.00000
v 2.43505 -3.17341 258.00000
v 2.82843 -2.82843 258.00000
v 3.17341 -2.43505 258.00000
v 3.46410 -2.00000 258.00000
v 3.69552 -1.53073 258.00000
v 3.86370 -1.03528 258.00000
v 3.96578 -0.52210 258.00000
v 0.00000 0.00000 247.00000
v 0.00000 0.00000 247.00000
v 0.00000 0.00000 247.00000
v 0.00000 0.00000 247.00000
v 0.00000 0.00000 247.00000
v 0.00000 0.00000 247.00000
v 0.00000 0.00000 247.00000
v 0.00000 0.00000 247.00000
v 0.00000 0.00000 247.00000
v 0.00000 0.00000 247.00000
v 0.00000 0.00000 247.00000
v 0.00000 0.00000 247.00000
v 0.00000 0.00000 247.00000
v 0.00000 0.00000 247.00000
v 0.00000 0.00000 247.00000
v 0.00000 0.00000 247.00000
v 0.00000 0.00000 247.00000
v 0.00000 0.00000 247.00000
v 0.00000 0.00000 247.00000
v 0.00000 0.00000 247.00000
v 0.00000 0.00000 247.00000
v 0.00000 0.00000 247.00000
v 0.00000 0.00000 247.00000
v 0.00000 0.00000 247.00000
v 0.00000 0.00000 247.00000
v 0.00000 0.00000 247.00000
v 0.00000 0.00000 247.00000
v 0.00000 0.00000 247.00000
v 0.00000 0.00000 247.00000
v 0.00000 0.00000 247.00000
v 0.00000 0.00000 247.00000
v 0.00000 0.00000 247.00000
v 0.00000 0.00000 247.00000
v 0.00000 0.00000 247.00000
v 0.00000 0.00000 247.00000
v 0.00000 0.00000 247.00000
v 0.00000 0.00000 247.00000
v 0.00000 0.00000 247.00000
v 0.00000 0.00000 247.00000
v 0.00000 0.00000 247.00000
v 0.00000 0.00000 247.00000
v 0.00000 0.00000 247.00000
v 0.00000 0.00000 247.00000
v 0.00000 0.00000 247.00000
v 0.00000 0.00000 247.00000
v 0.00000 0.00000 247.00000
v 0.00000 0.00000 247.00000
v 0.00000 0.00000 247.00000
v 0.00000 0.00000 258.00000
v 0.00000 0.00000 258.00000
v 0.00000 0.00000 258.00000
v 0.00000 0.00000 258.00000
v 0.00000 0.00000 258.00000
v 0.00000 0.00000 258.00000
v 0.00000 0.00000 258.00000
v 0.00000 0.00000 258.00000
v 0.00000 0.00000 258.00000
v 0.00000 0.00000 258.00000
v 0.00000 0.00000 258.00000
v 0.00000 0.00000 258.00000
v 0.00000 0.00000 258.00000
v 0.00000 0.00000 258.00000
v 0.00000 0.00000 258.00000
v 0.00000 0.00000 258.00000
v 0.00000 0.00000 258.00000
v 0.00000 0.00000 258.00000
v 0.00000 0.00000 258.00000
v 0.00000 0.00000 258.00000
v 0.00000 0.00000 258.00000
v 0.00000 0.00000 258.00000
v 0.00000 0.00000 258.00000
v 0.00000 0.00000 258.00000
v 0.00000 0.00000 258.00000
v 0.00000 0.00000 258.00000
v 0.00000 0.00000 258.00000
v 0.00000 0.00000 258.00000
v 0.00000 0.00000 258.00000
v 0.00000 0.00000 258.00000
v 0.00000 0.00000 258.00000
v 0.00000 0.00000 258.00000
v 0.00000 0.00000 258.00000
v 0.00000 0.00000 258.00000
v 0.00000 0.00000 258.00000
v 0.00000 0.00000 258.00000
v 0.00000 0.00000 258.00000
v 0.00000 0.00000 258.00000
v 0.00000 0.00000 258.00000
v 0.00000 0.00000 258.00000
v 0.00000 0.00000 258.00000
v 0.00000 0.00000 258.00000
v 0.00000 0.00000 258.00000
v 0.00000 0.00000 258.00000
v 0.00000 0.00000 258.00000
v 0.00000 0.00000 258.00000
v 0.00000 0.00000 258.00000
v 0.00000 0.00000 258.00000
f 1945 1946 1994
f 1945 1994 1993
f 2041 2089 2090
f 2041 2090 2042
f 1993 1994 2090
f 1993 2090 2089
f 1945 2041 2042
f 1945 2042 1946
f 1946 1947 1995
f 1946 1995 1994
f 2042 2090 2091
f 2042 2091 2043
f 1994 1995 2091
f 1994 2091 2090
f 1946 2042 2043
f 1946 2043 1947
f 1947 1948 1996
f 1947 1996 1995
f 2043 2091 2092
f 2043 2092 2044
f 1995 1996 2092
f 1995 2092 2091
f 1947 2043 2044
f 1947 2044 1948
f 1948 1949 1997
f 1948 1997 1996
f 2044 2092 2093
f 2044 2093 2045
f 1996 1997 2093
f 1996 2093 2092
f 1948 2044 2045
f 1948 2045 1949
f 1949 1950 1998
f 1949 1998 1997
f 2045 2093 2094
f 2045 2094 2046
f 1997 1998 2094
f 1997 2094 2093
f 1949 2045 2046
f 1949 2046 1950
f 1950 1951 1999
f 1950 1999 1998
f 2046 2094 2095
f 2046 2095 2047
f 1998 1999 2095
f 1998 2095 2094
f 1950 2046 2047
f 1950 2047 1951
f 1951 1952 2000
f 1951 2000 1999
f 2047 2095 2096
f 2047 2096 2048
f 1999 2000 2096
f 1999 2096 2095
f 1951 2047 2048
f 1951 2048 1952
f 1952 1953 2001
f 1952 2001 2000
f 2048 2096 2097
f 2048 2097 2049
f 2000 2001 2097
f 2000 2097 2096
f 1952 2048 2049
f 1952 2049 1953
f 1953 1954 2002
f 1953 2002 2001
f 2049 2097 2098
f 2049 2098 2050
f 2001 2002 2098
f 2001 2098 2097
f 1953 2049 2050
f 1953 2050 1954
f 1954 1955 2003
f 1954 2003 2002
f 2050 2098 2099
f 2050 2099 2051
f 2002 2003 2099
f 2002 2099 2098
f 1954 2050 2051
f 1954 2051 1955
f 1955 1956 2004
f 1955 2004 2003
f 2051 2099 2100
f 2051 2100 2052
f 2003 2004 2100
f 2003 2100 2099
f 1955 2051 2052
f 1955 2052 1956
f 1956 1957 2005
f 1956 2005 2004
f 2052 2100 2101
f 2052 2101 2053
f 2004 2005 2101
f 2004 2101 2100
f 1956 2052 2053
f 1956 2053 1957
f 1957 1958 2006
f 1957 2006 2005
f 2053 2101 2102
f 2053 2102 2054
f 2005 2006 2102
f 2005 2102 2101
f 1957 2053 2054
f 1957 2054 1958
f 1958 1959 2007
f 1958 2007 2006
f 2054 2102 2103
f 2054 2103 2055
f 2006 2007 2103
f 2006 2103 2102
f 1958 2054 2055
f 1958 2055 1959
f 1959 1960 2008
f 1959 2008 2007
f 2055 2103 2104
f 2055 2104 2056
f 2007 2008 2104
f 2007 2104 2103
f 1959 2055 2056
f 1959 2056 1960
f 1960 1961 2009
f 1960 2009 2008
f 2056 2104 2105
f 2056 2105 2057
f 2008 2009 2105
f 2008 2105 2104
f 1960 2056 2057
f 1960 2057 1961
f 1961 1962 2010
f 1961 2010 2009
f 2057 2105 2106
f 2057 2106 2058
f 2009 2010 2106
f 2009 2106 2105
f 1961 2057 2058
f 1961 2058 1962
f 1962 1963 2011
f 1962 2011 2010
f 2058 2106 2107
f 2058 2107 2059
f 2010 2011 2107
f 2010 2107 2106
f 1962 2058 2059
f 1962 2059 1963
f 1963 1964 2012
f 1963 2012 2011
f 2059 2107 2108
f 2059 2108 2060
f 2011 2012 2108
f 2011 2108 2107
f 1963 2059 2060
f 1963 2060 1964
f 1964 1965 2013
f 1964 2013 2012
f 2060 2108 2109
f 2060 2109 2061
f 2012 2013 2109
f 2012 2109 2108
f 1964 2060 2061
f 1964 2061 1965
f 1965 1966 2014
f 1965 2014 2013
f 2061 2109 2110
f 2061 2110 2062
f 2013 2014 2110
f 2013 2110 2109
f 1965 2061 2062
f 1965 2062 1966
f 1966 1967 2015
f 1966 2015 2014
f 2062 2110 2111
f 2062 2111 2063
f 2014 2015 2111
f 2014 2111 2110
f 1966 2062 2063
f 1966 2063 1967
f 1967 1968 2016
f 1967 2016 2015
f 2063 2111 2112
f 2063 2112 2064
f 2015 2016 2112
f 2015 2112 2111
f 1967 2063 2064
f 1967 2064 1968
f 1968 1969 2017
f 1968 2017 2016
f 2064 2112 2113
f 2064 2113 2065
f 2016 2017 2113
f 2016 2113 2112
f 1968 2064 2065
f 1968 2065 1969
f 1969 1970 2018
f 1969 2018 2017
f 2065 2113 2114
f 2065 2114 2066
f 2017 2018 2114
f 2017 2114 2113
f 1969 2065 2066
f 1969 2066 1970
f 1970 1971 2019
f 1970 2019 2018
f 2066 2114 2115
f 2066 2115 2067
f 2018 2019 2115
f 2018 2115 2114
f 1970 2066 2067
f 1970 2067 1971
f 1971 1972 2020
f 1971 2020 2019
f 2067 2115 2116
f 2067 2116 2068
f 2019 2020 2116
f 2019 2116 2115
f 1971 2067 2068
f 1971 2068 1972
f 1972 1973 2021
f 1972 2021 2020
f 2068 2116 2117
f 2068 2117 2069
f 2020 2021 2117
f 2020 2117 2116
f 1972 2068 2069
f 1972 2069 1973
f 1973 1974 2022
f 1973 2022 2021
f 2069 2117 2118
f 2069 2118 2070
f 2021 2022 2118
f 2021 2118 2117
f 1973 2069 2070
f 1973 2070 1974
f 1974 1975 2023
f 1974 2023 2022
f 2070 2118 2119
f 2070 2119 2071
f 2022 2023 2119
f 2022 2119 2118
f 1974 2070 2071
f 1974 2071 1975
f 1975 1976 2024
f 1975 2024 2023
f 2071 2119 2120
f 2071 2120 2072
f 2023 2024 2120
f 2023 2120 2119
f 1975 2071 2072
f 1975 2072 1976
f 1976 1977 2025
f 1976 2025 2024
f 2072 2120 2121
f 2072 2121 2073
f 2024 2025 2121
f 2024 2121 2120
f 1976 2072 2073
f 1976 2073 1977
f 1977 1978 2026
f 1977 2026 2025
f 2073 2121 2122
f 2073 2122 2074
f 2025 2026 2122
f 2025 2122 2121
f 1977 2073 2074
f 1977 2074 1978
f 1978 1979 2027
f 1978 2027 2026
f 2074 2122 2123
f 2074 2123 2075
f 2026 2027 2123
f 2026 2123 2122
f 1978 2074 2075
f 1978 2075 1979
f 1979 1980 2028
f 1979 2028 2027
f 2075 2123 2124
f 2075 2124 2076
f 2027 2028 2124
f 2027 2124 2123
f 1979 2075 2076
f 1979 2076 1980
f 1980 1981 2029
f 1980 2029 2028
f 2076 2124 2125
f 2076 2125 2077
f 2028 2029 2125
f 2028 2125 2124
f 1980 2076 2077
f 1980 2077 1981
f 1981 1982 2030
f 1981 2030 2029
f 2077 2125 2126
f 2077 2126 2078
f 2029 2030 2126
f 2029 2126 2125
f 1981 2077 2078
f 1981 2078 1982
f 1982 1983 2031
f 1982 2031 2030
f 2078 2126 2127
f 2078 2127 2079
f 2030 2031 2127
f 2030 2127 2126
f 1982 2078 2079
f 1982 2079 1983
f 1983 1984 2032
f 1983 2032 2031
f 2079 2127 2128
f 2079 2128 2080
f 2031 2032 2128
f 2031 2128 2127
f 1983 2079 2080
f 1983 2080 1984
f 1984 1985 2033
f 1984 2033 2032
f 2080 2128 2129
f 2080 2129 2081
f 2032 2033 2129
f 2032 2129 2128
f 1984 2080 2081
f 1984 2081 1985
f 1985 1986 2034
f 1985 2034 2033
f 2081 2129 2130
f 2081 2130 2082
f 2033 2034 2130
f 2033 2130 2129
f 1985 2081 2082
f 1985 2082 1986
f 1986 1987 2035
f 1986 2035 2034
f 2082 2130 2131
f 2082 2131 2083
f 2034 2035 2131
f 2034 2131 2130
f 1986 2082 2083
f 1986 2083 1987
f 1987 1988 2036
f 1987 2036 2035
f 2083 2131 2132
f 2083 2132 2084
f 2035 2036 2132
f 2035 2132 2131
f 1987 2083 2084
f 1987 2084 1988
f 1988 1989 2037
f 1988 2037 2036
f 2084 2132 2133
f 2084 2133 2085
f 2036 2037 2133
f 2036 2133 2132
f 1988 2084 2085
f 1988 2085 1989
f 1989 1990 2038
f 1989 2038 2037
f 2085 2133 2134
f 2085 2134 2086
f 2037 2038 2134
f 2037 2134 2133
f 1989 2085 2086
f 1989 2086 1990
f 1990 1991 2039
f 1990 2039 2038
f 2086 2134 2135
f 2086 2135 2087
f 2038 2039 2135
f 2038 2135 2134
f 1990 2086 2087
f 1990 2087 1991
f 1991 1992 2040
f 1991 2040 2039
f 2087 2135 2136
f 2087 2136 2088
f 2039 2040 2136
f 2039 2136 2135
f 1991 2087 2088
f 1991 2088 1992
f 1992 1945 1993
f 1992 1993 2040
f 2088 2136 2089
f 2088 2089 2041
f 2040 1993 2089
f 2040 2089 2136
f 1992 2088 2041
f 1992 2041 1945
o 06___Vezna_šipka_M4
v 37.35534 35.35534 -16.00000
v 37.08739 36.35534 -16.00000
v 36.35534 37.08739 -16.00000
v 35.35534 37.35534 -16.00000
v 34.35534 37.08739 -16.00000
v 33.62329 36.35534 -16.00000
v 33.35534 35.35534 -16.00000
v 33.62329 34.35534 -16.00000
v 34.35534 33.62329 -16.00000
v 35.35534 33.35534 -16.00000
v 36.35534 33.62329 -16.00000
v 37.08739 34.35534 -16.00000
v 37.35534 35.35534 226.00000
v 37.08739 36.35534 226.00000
v 36.35534 37.08739 226.00000
v 35.35534 37.35534 226.00000
v 34.35534 37.08739 226.00000
v 33.62329 36.35534 226.00000
v 33.35534 35.35534 226.00000
v 33.62329 34.35534 226.00000
v 34.35534 33.62329 226.00000
v 35.35534 33.35534 226.00000
v 36.35534 33.62329 226.00000
v 37.08739 34.35534 226.00000
v 35.35534 35.35534 -16.00000
v 35.35534 35.35534 -16.00000
v 35.35534 35.35534 -16.00000
v 35.35534 35.35534 -16.00000
v 35.35534 35.35534 -16.00000
v 35.35534 35.35534 -16.00000
v 35.35534 35.35534 -16.00000
v 35.35534 35.35534 -16.00000
v 35.35534 35.35534 -16.00000
v 35.35534 35.35534 -16.00000
v 35.35534 35.35534 -16.00000
v 35.35534 35.35534 -16.00000
v 35.35534 35.35534 226.00000
v 35.35534 35.35534 226.00000
v 35.35534 35.35534 226.00000
v 35.35534 35.35534 226.00000
v 35.35534 35.35534 226.00000
v 35.35534 35.35534 226.00000
v 35.35534 35.35534 226.00000
v 35.35534 35.35534 226.00000
v 35.35534 35.35534 226.00000
v 35.35534 35.35534 226.00000
v 35.35534 35.35534 226.00000
v 35.35534 35.35534 226.00000
f 2137 2138 2150
f 2137 2150 2149
f 2161 2173 2174
f 2161 2174 2162
f 2149 2150 2174
f 2149 2174 2173
f 2137 2161 2162
f 2137 2162 2138
f 2138 2139 2151
f 2138 2151 2150
f 2162 2174 2175
f 2162 2175 2163
f 2150 2151 2175
f 2150 2175 2174
f 2138 2162 2163
f 2138 2163 2139
f 2139 2140 2152
f 2139 2152 2151
f 2163 2175 2176
f 2163 2176 2164
f 2151 2152 2176
f 2151 2176 2175
f 2139 2163 2164
f 2139 2164 2140
f 2140 2141 2153
f 2140 2153 2152
f 2164 2176 2177
f 2164 2177 2165
f 2152 2153 2177
f 2152 2177 2176
f 2140 2164 2165
f 2140 2165 2141
f 2141 2142 2154
f 2141 2154 2153
f 2165 2177 2178
f 2165 2178 2166
f 2153 2154 2178
f 2153 2178 2177
f 2141 2165 2166
f 2141 2166 2142
f 2142 2143 2155
f 2142 2155 2154
f 2166 2178 2179
f 2166 2179 2167
f 2154 2155 2179
f 2154 2179 2178
f 2142 2166 2167
f 2142 2167 2143
f 2143 2144 2156
f 2143 2156 2155
f 2167 2179 2180
f 2167 2180 2168
f 2155 2156 2180
f 2155 2180 2179
f 2143 2167 2168
f 2143 2168 2144
f 2144 2145 2157
f 2144 2157 2156
f 2168 2180 2181
f 2168 2181 2169
f 2156 2157 2181
f 2156 2181 2180
f 2144 2168 2169
f 2144 2169 2145
f 2145 2146 2158
f 2145 2158 2157
f 2169 2181 2182
f 2169 2182 2170
f 2157 2158 2182
f 2157 2182 2181
f 2145 2169 2170
f 2145 2170 2146
f 2146 2147 2159
f 2146 2159 2158
f 2170 2182 2183
f 2170 2183 2171
f 2158 2159 2183
f 2158 2183 2182
f 2146 2170 2171
f 2146 2171 2147
f 2147 2148 2160
f 2147 2160 2159
f 2171 2183 2184
f 2171 2184 2172
f 2159 2160 2184
f 2159 2184 2183
f 2147 2171 2172
f 2147 2172 2148
f 2148 2137 2149
f 2148 2149 2160
f 2172 2184 2173
f 2172 2173 2161
f 2160 2149 2173
f 2160 2173 2184
f 2148 2172 2161
f 2148 2161 2137
o 06___Matica_M4_·_pojednostavljena
v 39.35534 35.35534 -18.00000
v 37.35534 38.81944 -18.00000
v 33.35534 38.81944 -18.00000
v 31.35534 35.35534 -18.00000
v 33.35534 31.89124 -18.00000
v 37.35534 31.89124 -18.00000
v 39.35534 35.35534 -14.00000
v 37.35534 38.81944 -14.00000
v 33.35534 38.81944 -14.00000
v 31.35534 35.35534 -14.00000
v 33.35534 31.89124 -14.00000
v 37.35534 31.89124 -14.00000
v 37.35534 35.35534 -18.00000
v 36.35534 37.08739 -18.00000
v 34.35534 37.08739 -18.00000
v 33.35534 35.35534 -18.00000
v 34.35534 33.62329 -18.00000
v 36.35534 33.62329 -18.00000
v 37.35534 35.35534 -14.00000
v 36.35534 37.08739 -14.00000
v 34.35534 37.08739 -14.00000
v 33.35534 35.35534 -14.00000
v 34.35534 33.62329 -14.00000
v 36.35534 33.62329 -14.00000
f 2185 2186 2192
f 2185 2192 2191
f 2197 2203 2204
f 2197 2204 2198
f 2191 2192 2204
f 2191 2204 2203
f 2185 2197 2198
f 2185 2198 2186
f 2186 2187 2193
f 2186 2193 2192
f 2198 2204 2205
f 2198 2205 2199
f 2192 2193 2205
f 2192 2205 2204
f 2186 2198 2199
f 2186 2199 2187
f 2187 2188 2194
f 2187 2194 2193
f 2199 2205 2206
f 2199 2206 2200
f 2193 2194 2206
f 2193 2206 2205
f 2187 2199 2200
f 2187 2200 2188
f 2188 2189 2195
f 2188 2195 2194
f 2200 2206 2207
f 2200 2207 2201
f 2194 2195 2207
f 2194 2207 2206
f 2188 2200 2201
f 2188 2201 2189
f 2189 2190 2196
f 2189 2196 2195
f 2201 2207 2208
f 2201 2208 2202
f 2195 2196 2208
f 2195 2208 2207
f 2189 2201 2202
f 2189 2202 2190
f 2190 2185 2191
f 2190 2191 2196
f 2202 2208 2203
f 2202 2203 2197
f 2196 2191 2203
f 2196 2203 2208
f 2190 2202 2197
f 2190 2197 2185
o 06___Matica_M4_·_pojednostavljena
v 39.35534 35.35534 222.00000
v 37.35534 38.81944 222.00000
v 33.35534 38.81944 222.00000
v 31.35534 35.35534 222.00000
v 33.35534 31.89124 222.00000
v 37.35534 31.89124 222.00000
v 39.35534 35.35534 226.00000
v 37.35534 38.81944 226.00000
v 33.35534 38.81944 226.00000
v 31.35534 35.35534 226.00000
v 33.35534 31.89124 226.00000
v 37.35534 31.89124 226.00000
v 37.35534 35.35534 222.00000
v 36.35534 37.08739 222.00000
v 34.35534 37.08739 222.00000
v 33.35534 35.35534 222.00000
v 34.35534 33.62329 222.00000
v 36.35534 33.62329 222.00000
v 37.35534 35.35534 226.00000
v 36.35534 37.08739 226.00000
v 34.35534 37.08739 226.00000
v 33.35534 35.35534 226.00000
v 34.35534 33.62329 226.00000
v 36.35534 33.62329 226.00000
f 2209 2210 2216
f 2209 2216 2215
f 2221 2227 2228
f 2221 2228 2222
f 2215 2216 2228
f 2215 2228 2227
f 2209 2221 2222
f 2209 2222 2210
f 2210 2211 2217
f 2210 2217 2216
f 2222 2228 2229
f 2222 2229 2223
f 2216 2217 2229
f 2216 2229 2228
f 2210 2222 2223
f 2210 2223 2211
f 2211 2212 2218
f 2211 2218 2217
f 2223 2229 2230
f 2223 2230 2224
f 2217 2218 2230
f 2217 2230 2229
f 2211 2223 2224
f 2211 2224 2212
f 2212 2213 2219
f 2212 2219 2218
f 2224 2230 2231
f 2224 2231 2225
f 2218 2219 2231
f 2218 2231 2230
f 2212 2224 2225
f 2212 2225 2213
f 2213 2214 2220
f 2213 2220 2219
f 2225 2231 2232
f 2225 2232 2226
f 2219 2220 2232
f 2219 2232 2231
f 2213 2225 2226
f 2213 2226 2214
f 2214 2209 2215
f 2214 2215 2220
f 2226 2232 2227
f 2226 2227 2221
f 2220 2215 2227
f 2220 2227 2232
f 2214 2226 2221
f 2214 2221 2209
o 06___Vezna_šipka_M4
v -33.35534 35.35534 -16.00000
v -33.62329 36.35534 -16.00000
v -34.35534 37.08739 -16.00000
v -35.35534 37.35534 -16.00000
v -36.35534 37.08739 -16.00000
v -37.08739 36.35534 -16.00000
v -37.35534 35.35534 -16.00000
v -37.08739 34.35534 -16.00000
v -36.35534 33.62329 -16.00000
v -35.35534 33.35534 -16.00000
v -34.35534 33.62329 -16.00000
v -33.62329 34.35534 -16.00000
v -33.35534 35.35534 226.00000
v -33.62329 36.35534 226.00000
v -34.35534 37.08739 226.00000
v -35.35534 37.35534 226.00000
v -36.35534 37.08739 226.00000
v -37.08739 36.35534 226.00000
v -37.35534 35.35534 226.00000
v -37.08739 34.35534 226.00000
v -36.35534 33.62329 226.00000
v -35.35534 33.35534 226.00000
v -34.35534 33.62329 226.00000
v -33.62329 34.35534 226.00000
v -35.35534 35.35534 -16.00000
v -35.35534 35.35534 -16.00000
v -35.35534 35.35534 -16.00000
v -35.35534 35.35534 -16.00000
v -35.35534 35.35534 -16.00000
v -35.35534 35.35534 -16.00000
v -35.35534 35.35534 -16.00000
v -35.35534 35.35534 -16.00000
v -35.35534 35.35534 -16.00000
v -35.35534 35.35534 -16.00000
v -35.35534 35.35534 -16.00000
v -35.35534 35.35534 -16.00000
v -35.35534 35.35534 226.00000
v -35.35534 35.35534 226.00000
v -35.35534 35.35534 226.00000
v -35.35534 35.35534 226.00000
v -35.35534 35.35534 226.00000
v -35.35534 35.35534 226.00000
v -35.35534 35.35534 226.00000
v -35.35534 35.35534 226.00000
v -35.35534 35.35534 226.00000
v -35.35534 35.35534 226.00000
v -35.35534 35.35534 226.00000
v -35.35534 35.35534 226.00000
f 2233 2234 2246
f 2233 2246 2245
f 2257 2269 2270
f 2257 2270 2258
f 2245 2246 2270
f 2245 2270 2269
f 2233 2257 2258
f 2233 2258 2234
f 2234 2235 2247
f 2234 2247 2246
f 2258 2270 2271
f 2258 2271 2259
f 2246 2247 2271
f 2246 2271 2270
f 2234 2258 2259
f 2234 2259 2235
f 2235 2236 2248
f 2235 2248 2247
f 2259 2271 2272
f 2259 2272 2260
f 2247 2248 2272
f 2247 2272 2271
f 2235 2259 2260
f 2235 2260 2236
f 2236 2237 2249
f 2236 2249 2248
f 2260 2272 2273
f 2260 2273 2261
f 2248 2249 2273
f 2248 2273 2272
f 2236 2260 2261
f 2236 2261 2237
f 2237 2238 2250
f 2237 2250 2249
f 2261 2273 2274
f 2261 2274 2262
f 2249 2250 2274
f 2249 2274 2273
f 2237 2261 2262
f 2237 2262 2238
f 2238 2239 2251
f 2238 2251 2250
f 2262 2274 2275
f 2262 2275 2263
f 2250 2251 2275
f 2250 2275 2274
f 2238 2262 2263
f 2238 2263 2239
f 2239 2240 2252
f 2239 2252 2251
f 2263 2275 2276
f 2263 2276 2264
f 2251 2252 2276
f 2251 2276 2275
f 2239 2263 2264
f 2239 2264 2240
f 2240 2241 2253
f 2240 2253 2252
f 2264 2276 2277
f 2264 2277 2265
f 2252 2253 2277
f 2252 2277 2276
f 2240 2264 2265
f 2240 2265 2241
f 2241 2242 2254
f 2241 2254 2253
f 2265 2277 2278
f 2265 2278 2266
f 2253 2254 2278
f 2253 2278 2277
f 2241 2265 2266
f 2241 2266 2242
f 2242 2243 2255
f 2242 2255 2254
f 2266 2278 2279
f 2266 2279 2267
f 2254 2255 2279
f 2254 2279 2278
f 2242 2266 2267
f 2242 2267 2243
f 2243 2244 2256
f 2243 2256 2255
f 2267 2279 2280
f 2267 2280 2268
f 2255 2256 2280
f 2255 2280 2279
f 2243 2267 2268
f 2243 2268 2244
f 2244 2233 2245
f 2244 2245 2256
f 2268 2280 2269
f 2268 2269 2257
f 2256 2245 2269
f 2256 2269 2280
f 2244 2268 2257
f 2244 2257 2233
o 06___Matica_M4_·_pojednostavljena
v -31.35534 35.35534 -18.00000
v -33.35534 38.81944 -18.00000
v -37.35534 38.81944 -18.00000
v -39.35534 35.35534 -18.00000
v -37.35534 31.89124 -18.00000
v -33.35534 31.89124 -18.00000
v -31.35534 35.35534 -14.00000
v -33.35534 38.81944 -14.00000
v -37.35534 38.81944 -14.00000
v -39.35534 35.35534 -14.00000
v -37.35534 31.89124 -14.00000
v -33.35534 31.89124 -14.00000
v -33.35534 35.35534 -18.00000
v -34.35534 37.08739 -18.00000
v -36.35534 37.08739 -18.00000
v -37.35534 35.35534 -18.00000
v -36.35534 33.62329 -18.00000
v -34.35534 33.62329 -18.00000
v -33.35534 35.35534 -14.00000
v -34.35534 37.08739 -14.00000
v -36.35534 37.08739 -14.00000
v -37.35534 35.35534 -14.00000
v -36.35534 33.62329 -14.00000
v -34.35534 33.62329 -14.00000
f 2281 2282 2288
f 2281 2288 2287
f 2293 2299 2300
f 2293 2300 2294
f 2287 2288 2300
f 2287 2300 2299
f 2281 2293 2294
f 2281 2294 2282
f 2282 2283 2289
f 2282 2289 2288
f 2294 2300 2301
f 2294 2301 2295
f 2288 2289 2301
f 2288 2301 2300
f 2282 2294 2295
f 2282 2295 2283
f 2283 2284 2290
f 2283 2290 2289
f 2295 2301 2302
f 2295 2302 2296
f 2289 2290 2302
f 2289 2302 2301
f 2283 2295 2296
f 2283 2296 2284
f 2284 2285 2291
f 2284 2291 2290
f 2296 2302 2303
f 2296 2303 2297
f 2290 2291 2303
f 2290 2303 2302
f 2284 2296 2297
f 2284 2297 2285
f 2285 2286 2292
f 2285 2292 2291
f 2297 2303 2304
f 2297 2304 2298
f 2291 2292 2304
f 2291 2304 2303
f 2285 2297 2298
f 2285 2298 2286
f 2286 2281 2287
f 2286 2287 2292
f 2298 2304 2299
f 2298 2299 2293
f 2292 2287 2299
f 2292 2299 2304
f 2286 2298 2293
f 2286 2293 2281
o 06___Matica_M4_·_pojednostavljena
v -31.35534 35.35534 222.00000
v -33.35534 38.81944 222.00000
v -37.35534 38.81944 222.00000
v -39.35534 35.35534 222.00000
v -37.35534 31.89124 222.00000
v -33.35534 31.89124 222.00000
v -31.35534 35.35534 226.00000
v -33.35534 38.81944 226.00000
v -37.35534 38.81944 226.00000
v -39.35534 35.35534 226.00000
v -37.35534 31.89124 226.00000
v -33.35534 31.89124 226.00000
v -33.35534 35.35534 222.00000
v -34.35534 37.08739 222.00000
v -36.35534 37.08739 222.00000
v -37.35534 35.35534 222.00000
v -36.35534 33.62329 222.00000
v -34.35534 33.62329 222.00000
v -33.35534 35.35534 226.00000
v -34.35534 37.08739 226.00000
v -36.35534 37.08739 226.00000
v -37.35534 35.35534 226.00000
v -36.35534 33.62329 226.00000
v -34.35534 33.62329 226.00000
f 2305 2306 2312
f 2305 2312 2311
f 2317 2323 2324
f 2317 2324 2318
f 2311 2312 2324
f 2311 2324 2323
f 2305 2317 2318
f 2305 2318 2306
f 2306 2307 2313
f 2306 2313 2312
f 2318 2324 2325
f 2318 2325 2319
f 2312 2313 2325
f 2312 2325 2324
f 2306 2318 2319
f 2306 2319 2307
f 2307 2308 2314
f 2307 2314 2313
f 2319 2325 2326
f 2319 2326 2320
f 2313 2314 2326
f 2313 2326 2325
f 2307 2319 2320
f 2307 2320 2308
f 2308 2309 2315
f 2308 2315 2314
f 2320 2326 2327
f 2320 2327 2321
f 2314 2315 2327
f 2314 2327 2326
f 2308 2320 2321
f 2308 2321 2309
f 2309 2310 2316
f 2309 2316 2315
f 2321 2327 2328
f 2321 2328 2322
f 2315 2316 2328
f 2315 2328 2327
f 2309 2321 2322
f 2309 2322 2310
f 2310 2305 2311
f 2310 2311 2316
f 2322 2328 2323
f 2322 2323 2317
f 2316 2311 2323
f 2316 2323 2328
f 2310 2322 2317
f 2310 2317 2305
o 06___Vezna_šipka_M4
v -33.35534 -35.35534 -16.00000
v -33.62329 -34.35534 -16.00000
v -34.35534 -33.62329 -16.00000
v -35.35534 -33.35534 -16.00000
v -36.35534 -33.62329 -16.00000
v -37.08739 -34.35534 -16.00000
v -37.35534 -35.35534 -16.00000
v -37.08739 -36.35534 -16.00000
v -36.35534 -37.08739 -16.00000
v -35.35534 -37.35534 -16.00000
v -34.35534 -37.08739 -16.00000
v -33.62329 -36.35534 -16.00000
v -33.35534 -35.35534 226.00000
v -33.62329 -34.35534 226.00000
v -34.35534 -33.62329 226.00000
v -35.35534 -33.35534 226.00000
v -36.35534 -33.62329 226.00000
v -37.08739 -34.35534 226.00000
v -37.35534 -35.35534 226.00000
v -37.08739 -36.35534 226.00000
v -36.35534 -37.08739 226.00000
v -35.35534 -37.35534 226.00000
v -34.35534 -37.08739 226.00000
v -33.62329 -36.35534 226.00000
v -35.35534 -35.35534 -16.00000
v -35.35534 -35.35534 -16.00000
v -35.35534 -35.35534 -16.00000
v -35.35534 -35.35534 -16.00000
v -35.35534 -35.35534 -16.00000
v -35.35534 -35.35534 -16.00000
v -35.35534 -35.35534 -16.00000
v -35.35534 -35.35534 -16.00000
v -35.35534 -35.35534 -16.00000
v -35.35534 -35.35534 -16.00000
v -35.35534 -35.35534 -16.00000
v -35.35534 -35.35534 -16.00000
v -35.35534 -35.35534 226.00000
v -35.35534 -35.35534 226.00000
v -35.35534 -35.35534 226.00000
v -35.35534 -35.35534 226.00000
v -35.35534 -35.35534 226.00000
v -35.35534 -35.35534 226.00000
v -35.35534 -35.35534 226.00000
v -35.35534 -35.35534 226.00000
v -35.35534 -35.35534 226.00000
v -35.35534 -35.35534 226.00000
v -35.35534 -35.35534 226.00000
v -35.35534 -35.35534 226.00000
f 2329 2330 2342
f 2329 2342 2341
f 2353 2365 2366
f 2353 2366 2354
f 2341 2342 2366
f 2341 2366 2365
f 2329 2353 2354
f 2329 2354 2330
f 2330 2331 2343
f 2330 2343 2342
f 2354 2366 2367
f 2354 2367 2355
f 2342 2343 2367
f 2342 2367 2366
f 2330 2354 2355
f 2330 2355 2331
f 2331 2332 2344
f 2331 2344 2343
f 2355 2367 2368
f 2355 2368 2356
f 2343 2344 2368
f 2343 2368 2367
f 2331 2355 2356
f 2331 2356 2332
f 2332 2333 2345
f 2332 2345 2344
f 2356 2368 2369
f 2356 2369 2357
f 2344 2345 2369
f 2344 2369 2368
f 2332 2356 2357
f 2332 2357 2333
f 2333 2334 2346
f 2333 2346 2345
f 2357 2369 2370
f 2357 2370 2358
f 2345 2346 2370
f 2345 2370 2369
f 2333 2357 2358
f 2333 2358 2334
f 2334 2335 2347
f 2334 2347 2346
f 2358 2370 2371
f 2358 2371 2359
f 2346 2347 2371
f 2346 2371 2370
f 2334 2358 2359
f 2334 2359 2335
f 2335 2336 2348
f 2335 2348 2347
f 2359 2371 2372
f 2359 2372 2360
f 2347 2348 2372
f 2347 2372 2371
f 2335 2359 2360
f 2335 2360 2336
f 2336 2337 2349
f 2336 2349 2348
f 2360 2372 2373
f 2360 2373 2361
f 2348 2349 2373
f 2348 2373 2372
f 2336 2360 2361
f 2336 2361 2337
f 2337 2338 2350
f 2337 2350 2349
f 2361 2373 2374
f 2361 2374 2362
f 2349 2350 2374
f 2349 2374 2373
f 2337 2361 2362
f 2337 2362 2338
f 2338 2339 2351
f 2338 2351 2350
f 2362 2374 2375
f 2362 2375 2363
f 2350 2351 2375
f 2350 2375 2374
f 2338 2362 2363
f 2338 2363 2339
f 2339 2340 2352
f 2339 2352 2351
f 2363 2375 2376
f 2363 2376 2364
f 2351 2352 2376
f 2351 2376 2375
f 2339 2363 2364
f 2339 2364 2340
f 2340 2329 2341
f 2340 2341 2352
f 2364 2376 2365
f 2364 2365 2353
f 2352 2341 2365
f 2352 2365 2376
f 2340 2364 2353
f 2340 2353 2329
o 06___Matica_M4_·_pojednostavljena
v -31.35534 -35.35534 -18.00000
v -33.35534 -31.89124 -18.00000
v -37.35534 -31.89124 -18.00000
v -39.35534 -35.35534 -18.00000
v -37.35534 -38.81944 -18.00000
v -33.35534 -38.81944 -18.00000
v -31.35534 -35.35534 -14.00000
v -33.35534 -31.89124 -14.00000
v -37.35534 -31.89124 -14.00000
v -39.35534 -35.35534 -14.00000
v -37.35534 -38.81944 -14.00000
v -33.35534 -38.81944 -14.00000
v -33.35534 -35.35534 -18.00000
v -34.35534 -33.62329 -18.00000
v -36.35534 -33.62329 -18.00000
v -37.35534 -35.35534 -18.00000
v -36.35534 -37.08739 -18.00000
v -34.35534 -37.08739 -18.00000
v -33.35534 -35.35534 -14.00000
v -34.35534 -33.62329 -14.00000
v -36.35534 -33.62329 -14.00000
v -37.35534 -35.35534 -14.00000
v -36.35534 -37.08739 -14.00000
v -34.35534 -37.08739 -14.00000
f 2377 2378 2384
f 2377 2384 2383
f 2389 2395 2396
f 2389 2396 2390
f 2383 2384 2396
f 2383 2396 2395
f 2377 2389 2390
f 2377 2390 2378
f 2378 2379 2385
f 2378 2385 2384
f 2390 2396 2397
f 2390 2397 2391
f 2384 2385 2397
f 2384 2397 2396
f 2378 2390 2391
f 2378 2391 2379
f 2379 2380 2386
f 2379 2386 2385
f 2391 2397 2398
f 2391 2398 2392
f 2385 2386 2398
f 2385 2398 2397
f 2379 2391 2392
f 2379 2392 2380
f 2380 2381 2387
f 2380 2387 2386
f 2392 2398 2399
f 2392 2399 2393
f 2386 2387 2399
f 2386 2399 2398
f 2380 2392 2393
f 2380 2393 2381
f 2381 2382 2388
f 2381 2388 2387
f 2393 2399 2400
f 2393 2400 2394
f 2387 2388 2400
f 2387 2400 2399
f 2381 2393 2394
f 2381 2394 2382
f 2382 2377 2383
f 2382 2383 2388
f 2394 2400 2395
f 2394 2395 2389
f 2388 2383 2395
f 2388 2395 2400
f 2382 2394 2389
f 2382 2389 2377
o 06___Matica_M4_·_pojednostavljena
v -31.35534 -35.35534 222.00000
v -33.35534 -31.89124 222.00000
v -37.35534 -31.89124 222.00000
v -39.35534 -35.35534 222.00000
v -37.35534 -38.81944 222.00000
v -33.35534 -38.81944 222.00000
v -31.35534 -35.35534 226.00000
v -33.35534 -31.89124 226.00000
v -37.35534 -31.89124 226.00000
v -39.35534 -35.35534 226.00000
v -37.35534 -38.81944 226.00000
v -33.35534 -38.81944 226.00000
v -33.35534 -35.35534 222.00000
v -34.35534 -33.62329 222.00000
v -36.35534 -33.62329 222.00000
v -37.35534 -35.35534 222.00000
v -36.35534 -37.08739 222.00000
v -34.35534 -37.08739 222.00000
v -33.35534 -35.35534 226.00000
v -34.35534 -33.62329 226.00000
v -36.35534 -33.62329 226.00000
v -37.35534 -35.35534 226.00000
v -36.35534 -37.08739 226.00000
v -34.35534 -37.08739 226.00000
f 2401 2402 2408
f 2401 2408 2407
f 2413 2419 2420
f 2413 2420 2414
f 2407 2408 2420
f 2407 2420 2419
f 2401 2413 2414
f 2401 2414 2402
f 2402 2403 2409
f 2402 2409 2408
f 2414 2420 2421
f 2414 2421 2415
f 2408 2409 2421
f 2408 2421 2420
f 2402 2414 2415
f 2402 2415 2403
f 2403 2404 2410
f 2403 2410 2409
f 2415 2421 2422
f 2415 2422 2416
f 2409 2410 2422
f 2409 2422 2421
f 2403 2415 2416
f 2403 2416 2404
f 2404 2405 2411
f 2404 2411 2410
f 2416 2422 2423
f 2416 2423 2417
f 2410 2411 2423
f 2410 2423 2422
f 2404 2416 2417
f 2404 2417 2405
f 2405 2406 2412
f 2405 2412 2411
f 2417 2423 2424
f 2417 2424 2418
f 2411 2412 2424
f 2411 2424 2423
f 2405 2417 2418
f 2405 2418 2406
f 2406 2401 2407
f 2406 2407 2412
f 2418 2424 2419
f 2418 2419 2413
f 2412 2407 2419
f 2412 2419 2424
f 2406 2418 2413
f 2406 2413 2401
o 06___Vezna_šipka_M4
v 37.35534 -35.35534 -16.00000
v 37.08739 -34.35534 -16.00000
v 36.35534 -33.62329 -16.00000
v 35.35534 -33.35534 -16.00000
v 34.35534 -33.62329 -16.00000
v 33.62329 -34.35534 -16.00000
v 33.35534 -35.35534 -16.00000
v 33.62329 -36.35534 -16.00000
v 34.35534 -37.08739 -16.00000
v 35.35534 -37.35534 -16.00000
v 36.35534 -37.08739 -16.00000
v 37.08739 -36.35534 -16.00000
v 37.35534 -35.35534 226.00000
v 37.08739 -34.35534 226.00000
v 36.35534 -33.62329 226.00000
v 35.35534 -33.35534 226.00000
v 34.35534 -33.62329 226.00000
v 33.62329 -34.35534 226.00000
v 33.35534 -35.35534 226.00000
v 33.62329 -36.35534 226.00000
v 34.35534 -37.08739 226.00000
v 35.35534 -37.35534 226.00000
v 36.35534 -37.08739 226.00000
v 37.08739 -36.35534 226.00000
v 35.35534 -35.35534 -16.00000
v 35.35534 -35.35534 -16.00000
v 35.35534 -35.35534 -16.00000
v 35.35534 -35.35534 -16.00000
v 35.35534 -35.35534 -16.00000
v 35.35534 -35.35534 -16.00000
v 35.35534 -35.35534 -16.00000
v 35.35534 -35.35534 -16.00000
v 35.35534 -35.35534 -16.00000
v 35.35534 -35.35534 -16.00000
v 35.35534 -35.35534 -16.00000
v 35.35534 -35.35534 -16.00000
v 35.35534 -35.35534 226.00000
v 35.35534 -35.35534 226.00000
v 35.35534 -35.35534 226.00000
v 35.35534 -35.35534 226.00000
v 35.35534 -35.35534 226.00000
v 35.35534 -35.35534 226.00000
v 35.35534 -35.35534 226.00000
v 35.35534 -35.35534 226.00000
v 35.35534 -35.35534 226.00000
v 35.35534 -35.35534 226.00000
v 35.35534 -35.35534 226.00000
v 35.35534 -35.35534 226.00000
f 2425 2426 2438
f 2425 2438 2437
f 2449 2461 2462
f 2449 2462 2450
f 2437 2438 2462
f 2437 2462 2461
f 2425 2449 2450
f 2425 2450 2426
f 2426 2427 2439
f 2426 2439 2438
f 2450 2462 2463
f 2450 2463 2451
f 2438 2439 2463
f 2438 2463 2462
f 2426 2450 2451
f 2426 2451 2427
f 2427 2428 2440
f 2427 2440 2439
f 2451 2463 2464
f 2451 2464 2452
f 2439 2440 2464
f 2439 2464 2463
f 2427 2451 2452
f 2427 2452 2428
f 2428 2429 2441
f 2428 2441 2440
f 2452 2464 2465
f 2452 2465 2453
f 2440 2441 2465
f 2440 2465 2464
f 2428 2452 2453
f 2428 2453 2429
f 2429 2430 2442
f 2429 2442 2441
f 2453 2465 2466
f 2453 2466 2454
f 2441 2442 2466
f 2441 2466 2465
f 2429 2453 2454
f 2429 2454 2430
f 2430 2431 2443
f 2430 2443 2442
f 2454 2466 2467
f 2454 2467 2455
f 2442 2443 2467
f 2442 2467 2466
f 2430 2454 2455
f 2430 2455 2431
f 2431 2432 2444
f 2431 2444 2443
f 2455 2467 2468
f 2455 2468 2456
f 2443 2444 2468
f 2443 2468 2467
f 2431 2455 2456
f 2431 2456 2432
f 2432 2433 2445
f 2432 2445 2444
f 2456 2468 2469
f 2456 2469 2457
f 2444 2445 2469
f 2444 2469 2468
f 2432 2456 2457
f 2432 2457 2433
f 2433 2434 2446
f 2433 2446 2445
f 2457 2469 2470
f 2457 2470 2458
f 2445 2446 2470
f 2445 2470 2469
f 2433 2457 2458
f 2433 2458 2434
f 2434 2435 2447
f 2434 2447 2446
f 2458 2470 2471
f 2458 2471 2459
f 2446 2447 2471
f 2446 2471 2470
f 2434 2458 2459
f 2434 2459 2435
f 2435 2436 2448
f 2435 2448 2447
f 2459 2471 2472
f 2459 2472 2460
f 2447 2448 2472
f 2447 2472 2471
f 2435 2459 2460
f 2435 2460 2436
f 2436 2425 2437
f 2436 2437 2448
f 2460 2472 2461
f 2460 2461 2449
f 2448 2437 2461
f 2448 2461 2472
f 2436 2460 2449
f 2436 2449 2425
o 06___Matica_M4_·_pojednostavljena
v 39.35534 -35.35534 -18.00000
v 37.35534 -31.89124 -18.00000
v 33.35534 -31.89124 -18.00000
v 31.35534 -35.35534 -18.00000
v 33.35534 -38.81944 -18.00000
v 37.35534 -38.81944 -18.00000
v 39.35534 -35.35534 -14.00000
v 37.35534 -31.89124 -14.00000
v 33.35534 -31.89124 -14.00000
v 31.35534 -35.35534 -14.00000
v 33.35534 -38.81944 -14.00000
v 37.35534 -38.81944 -14.00000
v 37.35534 -35.35534 -18.00000
v 36.35534 -33.62329 -18.00000
v 34.35534 -33.62329 -18.00000
v 33.35534 -35.35534 -18.00000
v 34.35534 -37.08739 -18.00000
v 36.35534 -37.08739 -18.00000
v 37.35534 -35.35534 -14.00000
v 36.35534 -33.62329 -14.00000
v 34.35534 -33.62329 -14.00000
v 33.35534 -35.35534 -14.00000
v 34.35534 -37.08739 -14.00000
v 36.35534 -37.08739 -14.00000
f 2473 2474 2480
f 2473 2480 2479
f 2485 2491 2492
f 2485 2492 2486
f 2479 2480 2492
f 2479 2492 2491
f 2473 2485 2486
f 2473 2486 2474
f 2474 2475 2481
f 2474 2481 2480
f 2486 2492 2493
f 2486 2493 2487
f 2480 2481 2493
f 2480 2493 2492
f 2474 2486 2487
f 2474 2487 2475
f 2475 2476 2482
f 2475 2482 2481
f 2487 2493 2494
f 2487 2494 2488
f 2481 2482 2494
f 2481 2494 2493
f 2475 2487 2488
f 2475 2488 2476
f 2476 2477 2483
f 2476 2483 2482
f 2488 2494 2495
f 2488 2495 2489
f 2482 2483 2495
f 2482 2495 2494
f 2476 2488 2489
f 2476 2489 2477
f 2477 2478 2484
f 2477 2484 2483
f 2489 2495 2496
f 2489 2496 2490
f 2483 2484 2496
f 2483 2496 2495
f 2477 2489 2490
f 2477 2490 2478
f 2478 2473 2479
f 2478 2479 2484
f 2490 2496 2491
f 2490 2491 2485
f 2484 2479 2491
f 2484 2491 2496
f 2478 2490 2485
f 2478 2485 2473
o 06___Matica_M4_·_pojednostavljena
v 39.35534 -35.35534 222.00000
v 37.35534 -31.89124 222.00000
v 33.35534 -31.89124 222.00000
v 31.35534 -35.35534 222.00000
v 33.35534 -38.81944 222.00000
v 37.35534 -38.81944 222.00000
v 39.35534 -35.35534 226.00000
v 37.35534 -31.89124 226.00000
v 33.35534 -31.89124 226.00000
v 31.35534 -35.35534 226.00000
v 33.35534 -38.81944 226.00000
v 37.35534 -38.81944 226.00000
v 37.35534 -35.35534 222.00000
v 36.35534 -33.62329 222.00000
v 34.35534 -33.62329 222.00000
v 33.35534 -35.35534 222.00000
v 34.35534 -37.08739 222.00000
v 36.35534 -37.08739 222.00000
v 37.35534 -35.35534 226.00000
v 36.35534 -33.62329 226.00000
v 34.35534 -33.62329 226.00000
v 33.35534 -35.35534 226.00000
v 34.35534 -37.08739 226.00000
v 36.35534 -37.08739 226.00000
f 2497 2498 2504
f 2497 2504 2503
f 2509 2515 2516
f 2509 2516 2510
f 2503 2504 2516
f 2503 2516 2515
f 2497 2509 2510
f 2497 2510 2498
f 2498 2499 2505
f 2498 2505 2504
f 2510 2516 2517
f 2510 2517 2511
f 2504 2505 2517
f 2504 2517 2516
f 2498 2510 2511
f 2498 2511 2499
f 2499 2500 2506
f 2499 2506 2505
f 2511 2517 2518
f 2511 2518 2512
f 2505 2506 2518
f 2505 2518 2517
f 2499 2511 2512
f 2499 2512 2500
f 2500 2501 2507
f 2500 2507 2506
f 2512 2518 2519
f 2512 2519 2513
f 2506 2507 2519
f 2506 2519 2518
f 2500 2512 2513
f 2500 2513 2501
f 2501 2502 2508
f 2501 2508 2507
f 2513 2519 2520
f 2513 2520 2514
f 2507 2508 2520
f 2507 2520 2519
f 2501 2513 2514
f 2501 2514 2502
f 2502 2497 2503
f 2502 2503 2508
f 2514 2520 2515
f 2514 2515 2509
f 2508 2503 2515
f 2508 2515 2520
f 2502 2514 2509
f 2502 2509 2497
o 07___Montažna_obujmica
v 49.00000 0.00000 42.00000
v 48.58080 6.39578 42.00000
v 47.33037 12.68213 42.00000
v 45.27010 18.75149 42.00000
v 42.43524 24.50000 42.00000
v 38.87431 29.82931 42.00000
v 34.64823 34.64823 42.00000
v 29.82931 38.87431 42.00000
v 24.50000 42.43524 42.00000
v 18.75149 45.27010 42.00000
v 12.68213 47.33037 42.00000
v 6.39578 48.58080 42.00000
v 0.00000 49.00000 42.00000
v -6.39578 48.58080 42.00000
v -12.68213 47.33037 42.00000
v -18.75149 45.27010 42.00000
v -24.50000 42.43524 42.00000
v -29.82931 38.87431 42.00000
v -34.64823 34.64823 42.00000
v -38.87431 29.82931 42.00000
v -42.43524 24.50000 42.00000
v -45.27010 18.75149 42.00000
v -47.33037 12.68213 42.00000
v -48.58080 6.39578 42.00000
v -49.00000 0.00000 42.00000
v -48.58080 -6.39578 42.00000
v -47.33037 -12.68213 42.00000
v -45.27010 -18.75149 42.00000
v -42.43524 -24.50000 42.00000
v -38.87431 -29.82931 42.00000
v -34.64823 -34.64823 42.00000
v -29.82931 -38.87431 42.00000
v -24.50000 -42.43524 42.00000
v -18.75149 -45.27010 42.00000
v -12.68213 -47.33037 42.00000
v -6.39578 -48.58080 42.00000
v -0.00000 -49.00000 42.00000
v 6.39578 -48.58080 42.00000
v 12.68213 -47.33037 42.00000
v 18.75149 -45.27010 42.00000
v 24.50000 -42.43524 42.00000
v 29.82931 -38.87431 42.00000
v 34.64823 -34.64823 42.00000
v 38.87431 -29.82931 42.00000
v 42.43524 -24.50000 42.00000
v 45.27010 -18.75149 42.00000
v 47.33037 -12.68213 42.00000
v 48.58080 -6.39578 42.00000
v 49.00000 0.00000 56.00000
v 48.58080 6.39578 56.00000
v 47.33037 12.68213 56.00000
v 45.27010 18.75149 56.00000
v 42.43524 24.50000 56.00000
v 38.87431 29.82931 56.00000
v 34.64823 34.64823 56.00000
v 29.82931 38.87431 56.00000
v 24.50000 42.43524 56.00000
v 18.75149 45.27010 56.00000
v 12.68213 47.33037 56.00000
v 6.39578 48.58080 56.00000
v 0.00000 49.00000 56.00000
v -6.39578 48.58080 56.00000
v -12.68213 47.33037 56.00000
v -18.75149 45.27010 56.00000
v -24.50000 42.43524 56.00000
v -29.82931 38.87431 56.00000
v -34.64823 34.64823 56.00000
v -38.87431 29.82931 56.00000
v -42.43524 24.50000 56.00000
v -45.27010 18.75149 56.00000
v -47.33037 12.68213 56.00000
v -48.58080 6.39578 56.00000
v -49.00000 0.00000 56.00000
v -48.58080 -6.39578 56.00000
v -47.33037 -12.68213 56.00000
v -45.27010 -18.75149 56.00000
v -42.43524 -24.50000 56.00000
v -38.87431 -29.82931 56.00000
v -34.64823 -34.64823 56.00000
v -29.82931 -38.87431 56.00000
v -24.50000 -42.43524 56.00000
v -18.75149 -45.27010 56.00000
v -12.68213 -47.33037 56.00000
v -6.39578 -48.58080 56.00000
v -0.00000 -49.00000 56.00000
v 6.39578 -48.58080 56.00000
v 12.68213 -47.33037 56.00000
v 18.75149 -45.27010 56.00000
v 24.50000 -42.43524 56.00000
v 29.82931 -38.87431 56.00000
v 34.64823 -34.64823 56.00000
v 38.87431 -29.82931 56.00000
v 42.43524 -24.50000 56.00000
v 45.27010 -18.75149 56.00000
v 47.33037 -12.68213 56.00000
v 48.58080 -6.39578 56.00000
v 45.00000 0.00000 42.00000
v 44.61502 5.87368 42.00000
v 43.46666 11.64686 42.00000
v 41.57458 17.22075 42.00000
v 38.97114 22.50000 42.00000
v 35.70090 27.39426 42.00000
v 31.81981 31.81981 42.00000
v 27.39426 35.70090 42.00000
v 22.50000 38.97114 42.00000
v 17.22075 41.57458 42.00000
v 11.64686 43.46666 42.00000
v 5.87368 44.61502 42.00000
v 0.00000 45.00000 42.00000
v -5.87368 44.61502 42.00000
v -11.64686 43.46666 42.00000
v -17.22075 41.57458 42.00000
v -22.50000 38.97114 42.00000
v -27.39426 35.70090 42.00000
v -31.81981 31.81981 42.00000
v -35.70090 27.39426 42.00000
v -38.97114 22.50000 42.00000
v -41.57458 17.22075 42.00000
v -43.46666 11.64686 42.00000
v -44.61502 5.87368 42.00000
v -45.00000 0.00000 42.00000
v -44.61502 -5.87368 42.00000
v -43.46666 -11.64686 42.00000
v -41.57458 -17.22075 42.00000
v -38.97114 -22.50000 42.00000
v -35.70090 -27.39426 42.00000
v -31.81981 -31.81981 42.00000
v -27.39426 -35.70090 42.00000
v -22.50000 -38.97114 42.00000
v -17.22075 -41.57458 42.00000
v -11.64686 -43.46666 42.00000
v -5.87368 -44.61502 42.00000
v -0.00000 -45.00000 42.00000
v 5.87368 -44.61502 42.00000
v 11.64686 -43.46666 42.00000
v 17.22075 -41.57458 42.00000
v 22.50000 -38.97114 42.00000
v 27.39426 -35.70090 42.00000
v 31.81981 -31.81981 42.00000
v 35.70090 -27.39426 42.00000
v 38.97114 -22.50000 42.00000
v 41.57458 -17.22075 42.00000
v 43.46666 -11.64686 42.00000
v 44.61502 -5.87368 42.00000
v 45.00000 0.00000 56.00000
v 44.61502 5.87368 56.00000
v 43.46666 11.64686 56.00000
v 41.57458 17.22075 56.00000
v 38.97114 22.50000 56.00000
v 35.70090 27.39426 56.00000
v 31.81981 31.81981 56.00000
v 27.39426 35.70090 56.00000
v 22.50000 38.97114 56.00000
v 17.22075 41.57458 56.00000
v 11.64686 43.46666 56.00000
v 5.87368 44.61502 56.00000
v 0.00000 45.00000 56.00000
v -5.87368 44.61502 56.00000
v -11.64686 43.46666 56.00000
v -17.22075 41.57458 56.00000
v -22.50000 38.97114 56.00000
v -27.39426 35.70090 56.00000
v -31.81981 31.81981 56.00000
v -35.70090 27.39426 56.00000
v -38.97114 22.50000 56.00000
v -41.57458 17.22075 56.00000
v -43.46666 11.64686 56.00000
v -44.61502 5.87368 56.00000
v -45.00000 0.00000 56.00000
v -44.61502 -5.87368 56.00000
v -43.46666 -11.64686 56.00000
v -41.57458 -17.22075 56.00000
v -38.97114 -22.50000 56.00000
v -35.70090 -27.39426 56.00000
v -31.81981 -31.81981 56.00000
v -27.39426 -35.70090 56.00000
v -22.50000 -38.97114 56.00000
v -17.22075 -41.57458 56.00000
v -11.64686 -43.46666 56.00000
v -5.87368 -44.61502 56.00000
v -0.00000 -45.00000 56.00000
v 5.87368 -44.61502 56.00000
v 11.64686 -43.46666 56.00000
v 17.22075 -41.57458 56.00000
v 22.50000 -38.97114 56.00000
v 27.39426 -35.70090 56.00000
v 31.81981 -31.81981 56.00000
v 35.70090 -27.39426 56.00000
v 38.97114 -22.50000 56.00000
v 41.57458 -17.22075 56.00000
v 43.46666 -11.64686 56.00000
v 44.61502 -5.87368 56.00000
f 2521 2522 2570
f 2521 2570 2569
f 2617 2665 2666
f 2617 2666 2618
f 2569 2570 2666
f 2569 2666 2665
f 2521 2617 2618
f 2521 2618 2522
f 2522 2523 2571
f 2522 2571 2570
f 2618 2666 2667
f 2618 2667 2619
f 2570 2571 2667
f 2570 2667 2666
f 2522 2618 2619
f 2522 2619 2523
f 2523 2524 2572
f 2523 2572 2571
f 2619 2667 2668
f 2619 2668 2620
f 2571 2572 2668
f 2571 2668 2667
f 2523 2619 2620
f 2523 2620 2524
f 2524 2525 2573
f 2524 2573 2572
f 2620 2668 2669
f 2620 2669 2621
f 2572 2573 2669
f 2572 2669 2668
f 2524 2620 2621
f 2524 2621 2525
f 2525 2526 2574
f 2525 2574 2573
f 2621 2669 2670
f 2621 2670 2622
f 2573 2574 2670
f 2573 2670 2669
f 2525 2621 2622
f 2525 2622 2526
f 2526 2527 2575
f 2526 2575 2574
f 2622 2670 2671
f 2622 2671 2623
f 2574 2575 2671
f 2574 2671 2670
f 2526 2622 2623
f 2526 2623 2527
f 2527 2528 2576
f 2527 2576 2575
f 2623 2671 2672
f 2623 2672 2624
f 2575 2576 2672
f 2575 2672 2671
f 2527 2623 2624
f 2527 2624 2528
f 2528 2529 2577
f 2528 2577 2576
f 2624 2672 2673
f 2624 2673 2625
f 2576 2577 2673
f 2576 2673 2672
f 2528 2624 2625
f 2528 2625 2529
f 2529 2530 2578
f 2529 2578 2577
f 2625 2673 2674
f 2625 2674 2626
f 2577 2578 2674
f 2577 2674 2673
f 2529 2625 2626
f 2529 2626 2530
f 2530 2531 2579
f 2530 2579 2578
f 2626 2674 2675
f 2626 2675 2627
f 2578 2579 2675
f 2578 2675 2674
f 2530 2626 2627
f 2530 2627 2531
f 2531 2532 2580
f 2531 2580 2579
f 2627 2675 2676
f 2627 2676 2628
f 2579 2580 2676
f 2579 2676 2675
f 2531 2627 2628
f 2531 2628 2532
f 2532 2533 2581
f 2532 2581 2580
f 2628 2676 2677
f 2628 2677 2629
f 2580 2581 2677
f 2580 2677 2676
f 2532 2628 2629
f 2532 2629 2533
f 2533 2534 2582
f 2533 2582 2581
f 2629 2677 2678
f 2629 2678 2630
f 2581 2582 2678
f 2581 2678 2677
f 2533 2629 2630
f 2533 2630 2534
f 2534 2535 2583
f 2534 2583 2582
f 2630 2678 2679
f 2630 2679 2631
f 2582 2583 2679
f 2582 2679 2678
f 2534 2630 2631
f 2534 2631 2535
f 2535 2536 2584
f 2535 2584 2583
f 2631 2679 2680
f 2631 2680 2632
f 2583 2584 2680
f 2583 2680 2679
f 2535 2631 2632
f 2535 2632 2536
f 2536 2537 2585
f 2536 2585 2584
f 2632 2680 2681
f 2632 2681 2633
f 2584 2585 2681
f 2584 2681 2680
f 2536 2632 2633
f 2536 2633 2537
f 2537 2538 2586
f 2537 2586 2585
f 2633 2681 2682
f 2633 2682 2634
f 2585 2586 2682
f 2585 2682 2681
f 2537 2633 2634
f 2537 2634 2538
f 2538 2539 2587
f 2538 2587 2586
f 2634 2682 2683
f 2634 2683 2635
f 2586 2587 2683
f 2586 2683 2682
f 2538 2634 2635
f 2538 2635 2539
f 2539 2540 2588
f 2539 2588 2587
f 2635 2683 2684
f 2635 2684 2636
f 2587 2588 2684
f 2587 2684 2683
f 2539 2635 2636
f 2539 2636 2540
f 2540 2541 2589
f 2540 2589 2588
f 2636 2684 2685
f 2636 2685 2637
f 2588 2589 2685
f 2588 2685 2684
f 2540 2636 2637
f 2540 2637 2541
f 2541 2542 2590
f 2541 2590 2589
f 2637 2685 2686
f 2637 2686 2638
f 2589 2590 2686
f 2589 2686 2685
f 2541 2637 2638
f 2541 2638 2542
f 2542 2543 2591
f 2542 2591 2590
f 2638 2686 2687
f 2638 2687 2639
f 2590 2591 2687
f 2590 2687 2686
f 2542 2638 2639
f 2542 2639 2543
f 2543 2544 2592
f 2543 2592 2591
f 2639 2687 2688
f 2639 2688 2640
f 2591 2592 2688
f 2591 2688 2687
f 2543 2639 2640
f 2543 2640 2544
f 2544 2545 2593
f 2544 2593 2592
f 2640 2688 2689
f 2640 2689 2641
f 2592 2593 2689
f 2592 2689 2688
f 2544 2640 2641
f 2544 2641 2545
f 2545 2546 2594
f 2545 2594 2593
f 2641 2689 2690
f 2641 2690 2642
f 2593 2594 2690
f 2593 2690 2689
f 2545 2641 2642
f 2545 2642 2546
f 2546 2547 2595
f 2546 2595 2594
f 2642 2690 2691
f 2642 2691 2643
f 2594 2595 2691
f 2594 2691 2690
f 2546 2642 2643
f 2546 2643 2547
f 2547 2548 2596
f 2547 2596 2595
f 2643 2691 2692
f 2643 2692 2644
f 2595 2596 2692
f 2595 2692 2691
f 2547 2643 2644
f 2547 2644 2548
f 2548 2549 2597
f 2548 2597 2596
f 2644 2692 2693
f 2644 2693 2645
f 2596 2597 2693
f 2596 2693 2692
f 2548 2644 2645
f 2548 2645 2549
f 2549 2550 2598
f 2549 2598 2597
f 2645 2693 2694
f 2645 2694 2646
f 2597 2598 2694
f 2597 2694 2693
f 2549 2645 2646
f 2549 2646 2550
f 2550 2551 2599
f 2550 2599 2598
f 2646 2694 2695
f 2646 2695 2647
f 2598 2599 2695
f 2598 2695 2694
f 2550 2646 2647
f 2550 2647 2551
f 2551 2552 2600
f 2551 2600 2599
f 2647 2695 2696
f 2647 2696 2648
f 2599 2600 2696
f 2599 2696 2695
f 2551 2647 2648
f 2551 2648 2552
f 2552 2553 2601
f 2552 2601 2600
f 2648 2696 2697
f 2648 2697 2649
f 2600 2601 2697
f 2600 2697 2696
f 2552 2648 2649
f 2552 2649 2553
f 2553 2554 2602
f 2553 2602 2601
f 2649 2697 2698
f 2649 2698 2650
f 2601 2602 2698
f 2601 2698 2697
f 2553 2649 2650
f 2553 2650 2554
f 2554 2555 2603
f 2554 2603 2602
f 2650 2698 2699
f 2650 2699 2651
f 2602 2603 2699
f 2602 2699 2698
f 2554 2650 2651
f 2554 2651 2555
f 2555 2556 2604
f 2555 2604 2603
f 2651 2699 2700
f 2651 2700 2652
f 2603 2604 2700
f 2603 2700 2699
f 2555 2651 2652
f 2555 2652 2556
f 2556 2557 2605
f 2556 2605 2604
f 2652 2700 2701
f 2652 2701 2653
f 2604 2605 2701
f 2604 2701 2700
f 2556 2652 2653
f 2556 2653 2557
f 2557 2558 2606
f 2557 2606 2605
f 2653 2701 2702
f 2653 2702 2654
f 2605 2606 2702
f 2605 2702 2701
f 2557 2653 2654
f 2557 2654 2558
f 2558 2559 2607
f 2558 2607 2606
f 2654 2702 2703
f 2654 2703 2655
f 2606 2607 2703
f 2606 2703 2702
f 2558 2654 2655
f 2558 2655 2559
f 2559 2560 2608
f 2559 2608 2607
f 2655 2703 2704
f 2655 2704 2656
f 2607 2608 2704
f 2607 2704 2703
f 2559 2655 2656
f 2559 2656 2560
f 2560 2561 2609
f 2560 2609 2608
f 2656 2704 2705
f 2656 2705 2657
f 2608 2609 2705
f 2608 2705 2704
f 2560 2656 2657
f 2560 2657 2561
f 2561 2562 2610
f 2561 2610 2609
f 2657 2705 2706
f 2657 2706 2658
f 2609 2610 2706
f 2609 2706 2705
f 2561 2657 2658
f 2561 2658 2562
f 2562 2563 2611
f 2562 2611 2610
f 2658 2706 2707
f 2658 2707 2659
f 2610 2611 2707
f 2610 2707 2706
f 2562 2658 2659
f 2562 2659 2563
f 2563 2564 2612
f 2563 2612 2611
f 2659 2707 2708
f 2659 2708 2660
f 2611 2612 2708
f 2611 2708 2707
f 2563 2659 2660
f 2563 2660 2564
f 2564 2565 2613
f 2564 2613 2612
f 2660 2708 2709
f 2660 2709 2661
f 2612 2613 2709
f 2612 2709 2708
f 2564 2660 2661
f 2564 2661 2565
f 2565 2566 2614
f 2565 2614 2613
f 2661 2709 2710
f 2661 2710 2662
f 2613 2614 2710
f 2613 2710 2709
f 2565 2661 2662
f 2565 2662 2566
f 2566 2567 2615
f 2566 2615 2614
f 2662 2710 2711
f 2662 2711 2663
f 2614 2615 2711
f 2614 2711 2710
f 2566 2662 2663
f 2566 2663 2567
f 2567 2568 2616
f 2567 2616 2615
f 2663 2711 2712
f 2663 2712 2664
f 2615 2616 2712
f 2615 2712 2711
f 2567 2663 2664
f 2567 2664 2568
f 2568 2521 2569
f 2568 2569 2616
f 2664 2712 2665
f 2664 2665 2617
f 2616 2569 2665
f 2616 2665 2712
f 2568 2664 2617
f 2568 2617 2521
o 07___Distancer_nosača
v -16.00000 43.00000 42.00000
v 16.00000 43.00000 42.00000
v 16.00000 60.00000 42.00000
v -16.00000 60.00000 42.00000
v -16.00000 43.00000 56.00000
v 16.00000 43.00000 56.00000
v 16.00000 60.00000 56.00000
v -16.00000 60.00000 56.00000
f 2713 2716 2715
f 2713 2715 2714
f 2717 2718 2719
f 2717 2719 2720
f 2713 2714 2718
f 2713 2718 2717
f 2714 2715 2719
f 2714 2719 2718
f 2715 2716 2720
f 2715 2720 2719
f 2716 2713 2717
f 2716 2717 2720
o 07___Montažna_obujmica
v 49.00000 0.00000 165.00000
v 48.58080 6.39578 165.00000
v 47.33037 12.68213 165.00000
v 45.27010 18.75149 165.00000
v 42.43524 24.50000 165.00000
v 38.87431 29.82931 165.00000
v 34.64823 34.64823 165.00000
v 29.82931 38.87431 165.00000
v 24.50000 42.43524 165.00000
v 18.75149 45.27010 165.00000
v 12.68213 47.33037 165.00000
v 6.39578 48.58080 165.00000
v 0.00000 49.00000 165.00000
v -6.39578 48.58080 165.00000
v -12.68213 47.33037 165.00000
v -18.75149 45.27010 165.00000
v -24.50000 42.43524 165.00000
v -29.82931 38.87431 165.00000
v -34.64823 34.64823 165.00000
v -38.87431 29.82931 165.00000
v -42.43524 24.50000 165.00000
v -45.27010 18.75149 165.00000
v -47.33037 12.68213 165.00000
v -48.58080 6.39578 165.00000
v -49.00000 0.00000 165.00000
v -48.58080 -6.39578 165.00000
v -47.33037 -12.68213 165.00000
v -45.27010 -18.75149 165.00000
v -42.43524 -24.50000 165.00000
v -38.87431 -29.82931 165.00000
v -34.64823 -34.64823 165.00000
v -29.82931 -38.87431 165.00000
v -24.50000 -42.43524 165.00000
v -18.75149 -45.27010 165.00000
v -12.68213 -47.33037 165.00000
v -6.39578 -48.58080 165.00000
v -0.00000 -49.00000 165.00000
v 6.39578 -48.58080 165.00000
v 12.68213 -47.33037 165.00000
v 18.75149 -45.27010 165.00000
v 24.50000 -42.43524 165.00000
v 29.82931 -38.87431 165.00000
v 34.64823 -34.64823 165.00000
v 38.87431 -29.82931 165.00000
v 42.43524 -24.50000 165.00000
v 45.27010 -18.75149 165.00000
v 47.33037 -12.68213 165.00000
v 48.58080 -6.39578 165.00000
v 49.00000 0.00000 179.00000
v 48.58080 6.39578 179.00000
v 47.33037 12.68213 179.00000
v 45.27010 18.75149 179.00000
v 42.43524 24.50000 179.00000
v 38.87431 29.82931 179.00000
v 34.64823 34.64823 179.00000
v 29.82931 38.87431 179.00000
v 24.50000 42.43524 179.00000
v 18.75149 45.27010 179.00000
v 12.68213 47.33037 179.00000
v 6.39578 48.58080 179.00000
v 0.00000 49.00000 179.00000
v -6.39578 48.58080 179.00000
v -12.68213 47.33037 179.00000
v -18.75149 45.27010 179.00000
v -24.50000 42.43524 179.00000
v -29.82931 38.87431 179.00000
v -34.64823 34.64823 179.00000
v -38.87431 29.82931 179.00000
v -42.43524 24.50000 179.00000
v -45.27010 18.75149 179.00000
v -47.33037 12.68213 179.00000
v -48.58080 6.39578 179.00000
v -49.00000 0.00000 179.00000
v -48.58080 -6.39578 179.00000
v -47.33037 -12.68213 179.00000
v -45.27010 -18.75149 179.00000
v -42.43524 -24.50000 179.00000
v -38.87431 -29.82931 179.00000
v -34.64823 -34.64823 179.00000
v -29.82931 -38.87431 179.00000
v -24.50000 -42.43524 179.00000
v -18.75149 -45.27010 179.00000
v -12.68213 -47.33037 179.00000
v -6.39578 -48.58080 179.00000
v -0.00000 -49.00000 179.00000
v 6.39578 -48.58080 179.00000
v 12.68213 -47.33037 179.00000
v 18.75149 -45.27010 179.00000
v 24.50000 -42.43524 179.00000
v 29.82931 -38.87431 179.00000
v 34.64823 -34.64823 179.00000
v 38.87431 -29.82931 179.00000
v 42.43524 -24.50000 179.00000
v 45.27010 -18.75149 179.00000
v 47.33037 -12.68213 179.00000
v 48.58080 -6.39578 179.00000
v 45.00000 0.00000 165.00000
v 44.61502 5.87368 165.00000
v 43.46666 11.64686 165.00000
v 41.57458 17.22075 165.00000
v 38.97114 22.50000 165.00000
v 35.70090 27.39426 165.00000
v 31.81981 31.81981 165.00000
v 27.39426 35.70090 165.00000
v 22.50000 38.97114 165.00000
v 17.22075 41.57458 165.00000
v 11.64686 43.46666 165.00000
v 5.87368 44.61502 165.00000
v 0.00000 45.00000 165.00000
v -5.87368 44.61502 165.00000
v -11.64686 43.46666 165.00000
v -17.22075 41.57458 165.00000
v -22.50000 38.97114 165.00000
v -27.39426 35.70090 165.00000
v -31.81981 31.81981 165.00000
v -35.70090 27.39426 165.00000
v -38.97114 22.50000 165.00000
v -41.57458 17.22075 165.00000
v -43.46666 11.64686 165.00000
v -44.61502 5.87368 165.00000
v -45.00000 0.00000 165.00000
v -44.61502 -5.87368 165.00000
v -43.46666 -11.64686 165.00000
v -41.57458 -17.22075 165.00000
v -38.97114 -22.50000 165.00000
v -35.70090 -27.39426 165.00000
v -31.81981 -31.81981 165.00000
v -27.39426 -35.70090 165.00000
v -22.50000 -38.97114 165.00000
v -17.22075 -41.57458 165.00000
v -11.64686 -43.46666 165.00000
v -5.87368 -44.61502 165.00000
v -0.00000 -45.00000 165.00000
v 5.87368 -44.61502 165.00000
v 11.64686 -43.46666 165.00000
v 17.22075 -41.57458 165.00000
v 22.50000 -38.97114 165.00000
v 27.39426 -35.70090 165.00000
v 31.81981 -31.81981 165.00000
v 35.70090 -27.39426 165.00000
v 38.97114 -22.50000 165.00000
v 41.57458 -17.22075 165.00000
v 43.46666 -11.64686 165.00000
v 44.61502 -5.87368 165.00000
v 45.00000 0.00000 179.00000
v 44.61502 5.87368 179.00000
v 43.46666 11.64686 179.00000
v 41.57458 17.22075 179.00000
v 38.97114 22.50000 179.00000
v 35.70090 27.39426 179.00000
v 31.81981 31.81981 179.00000
v 27.39426 35.70090 179.00000
v 22.50000 38.97114 179.00000
v 17.22075 41.57458 179.00000
v 11.64686 43.46666 179.00000
v 5.87368 44.61502 179.00000
v 0.00000 45.00000 179.00000
v -5.87368 44.61502 179.00000
v -11.64686 43.46666 179.00000
v -17.22075 41.57458 179.00000
v -22.50000 38.97114 179.00000
v -27.39426 35.70090 179.00000
v -31.81981 31.81981 179.00000
v -35.70090 27.39426 179.00000
v -38.97114 22.50000 179.00000
v -41.57458 17.22075 179.00000
v -43.46666 11.64686 179.00000
v -44.61502 5.87368 179.00000
v -45.00000 0.00000 179.00000
v -44.61502 -5.87368 179.00000
v -43.46666 -11.64686 179.00000
v -41.57458 -17.22075 179.00000
v -38.97114 -22.50000 179.00000
v -35.70090 -27.39426 179.00000
v -31.81981 -31.81981 179.00000
v -27.39426 -35.70090 179.00000
v -22.50000 -38.97114 179.00000
v -17.22075 -41.57458 179.00000
v -11.64686 -43.46666 179.00000
v -5.87368 -44.61502 179.00000
v -0.00000 -45.00000 179.00000
v 5.87368 -44.61502 179.00000
v 11.64686 -43.46666 179.00000
v 17.22075 -41.57458 179.00000
v 22.50000 -38.97114 179.00000
v 27.39426 -35.70090 179.00000
v 31.81981 -31.81981 179.00000
v 35.70090 -27.39426 179.00000
v 38.97114 -22.50000 179.00000
v 41.57458 -17.22075 179.00000
v 43.46666 -11.64686 179.00000
v 44.61502 -5.87368 179.00000
f 2721 2722 2770
f 2721 2770 2769
f 2817 2865 2866
f 2817 2866 2818
f 2769 2770 2866
f 2769 2866 2865
f 2721 2817 2818
f 2721 2818 2722
f 2722 2723 2771
f 2722 2771 2770
f 2818 2866 2867
f 2818 2867 2819
f 2770 2771 2867
f 2770 2867 2866
f 2722 2818 2819
f 2722 2819 2723
f 2723 2724 2772
f 2723 2772 2771
f 2819 2867 2868
f 2819 2868 2820
f 2771 2772 2868
f 2771 2868 2867
f 2723 2819 2820
f 2723 2820 2724
f 2724 2725 2773
f 2724 2773 2772
f 2820 2868 2869
f 2820 2869 2821
f 2772 2773 2869
f 2772 2869 2868
f 2724 2820 2821
f 2724 2821 2725
f 2725 2726 2774
f 2725 2774 2773
f 2821 2869 2870
f 2821 2870 2822
f 2773 2774 2870
f 2773 2870 2869
f 2725 2821 2822
f 2725 2822 2726
f 2726 2727 2775
f 2726 2775 2774
f 2822 2870 2871
f 2822 2871 2823
f 2774 2775 2871
f 2774 2871 2870
f 2726 2822 2823
f 2726 2823 2727
f 2727 2728 2776
f 2727 2776 2775
f 2823 2871 2872
f 2823 2872 2824
f 2775 2776 2872
f 2775 2872 2871
f 2727 2823 2824
f 2727 2824 2728
f 2728 2729 2777
f 2728 2777 2776
f 2824 2872 2873
f 2824 2873 2825
f 2776 2777 2873
f 2776 2873 2872
f 2728 2824 2825
f 2728 2825 2729
f 2729 2730 2778
f 2729 2778 2777
f 2825 2873 2874
f 2825 2874 2826
f 2777 2778 2874
f 2777 2874 2873
f 2729 2825 2826
f 2729 2826 2730
f 2730 2731 2779
f 2730 2779 2778
f 2826 2874 2875
f 2826 2875 2827
f 2778 2779 2875
f 2778 2875 2874
f 2730 2826 2827
f 2730 2827 2731
f 2731 2732 2780
f 2731 2780 2779
f 2827 2875 2876
f 2827 2876 2828
f 2779 2780 2876
f 2779 2876 2875
f 2731 2827 2828
f 2731 2828 2732
f 2732 2733 2781
f 2732 2781 2780
f 2828 2876 2877
f 2828 2877 2829
f 2780 2781 2877
f 2780 2877 2876
f 2732 2828 2829
f 2732 2829 2733
f 2733 2734 2782
f 2733 2782 2781
f 2829 2877 2878
f 2829 2878 2830
f 2781 2782 2878
f 2781 2878 2877
f 2733 2829 2830
f 2733 2830 2734
f 2734 2735 2783
f 2734 2783 2782
f 2830 2878 2879
f 2830 2879 2831
f 2782 2783 2879
f 2782 2879 2878
f 2734 2830 2831
f 2734 2831 2735
f 2735 2736 2784
f 2735 2784 2783
f 2831 2879 2880
f 2831 2880 2832
f 2783 2784 2880
f 2783 2880 2879
f 2735 2831 2832
f 2735 2832 2736
f 2736 2737 2785
f 2736 2785 2784
f 2832 2880 2881
f 2832 2881 2833
f 2784 2785 2881
f 2784 2881 2880
f 2736 2832 2833
f 2736 2833 2737
f 2737 2738 2786
f 2737 2786 2785
f 2833 2881 2882
f 2833 2882 2834
f 2785 2786 2882
f 2785 2882 2881
f 2737 2833 2834
f 2737 2834 2738
f 2738 2739 2787
f 2738 2787 2786
f 2834 2882 2883
f 2834 2883 2835
f 2786 2787 2883
f 2786 2883 2882
f 2738 2834 2835
f 2738 2835 2739
f 2739 2740 2788
f 2739 2788 2787
f 2835 2883 2884
f 2835 2884 2836
f 2787 2788 2884
f 2787 2884 2883
f 2739 2835 2836
f 2739 2836 2740
f 2740 2741 2789
f 2740 2789 2788
f 2836 2884 2885
f 2836 2885 2837
f 2788 2789 2885
f 2788 2885 2884
f 2740 2836 2837
f 2740 2837 2741
f 2741 2742 2790
f 2741 2790 2789
f 2837 2885 2886
f 2837 2886 2838
f 2789 2790 2886
f 2789 2886 2885
f 2741 2837 2838
f 2741 2838 2742
f 2742 2743 2791
f 2742 2791 2790
f 2838 2886 2887
f 2838 2887 2839
f 2790 2791 2887
f 2790 2887 2886
f 2742 2838 2839
f 2742 2839 2743
f 2743 2744 2792
f 2743 2792 2791
f 2839 2887 2888
f 2839 2888 2840
f 2791 2792 2888
f 2791 2888 2887
f 2743 2839 2840
f 2743 2840 2744
f 2744 2745 2793
f 2744 2793 2792
f 2840 2888 2889
f 2840 2889 2841
f 2792 2793 2889
f 2792 2889 2888
f 2744 2840 2841
f 2744 2841 2745
f 2745 2746 2794
f 2745 2794 2793
f 2841 2889 2890
f 2841 2890 2842
f 2793 2794 2890
f 2793 2890 2889
f 2745 2841 2842
f 2745 2842 2746
f 2746 2747 2795
f 2746 2795 2794
f 2842 2890 2891
f 2842 2891 2843
f 2794 2795 2891
f 2794 2891 2890
f 2746 2842 2843
f 2746 2843 2747
f 2747 2748 2796
f 2747 2796 2795
f 2843 2891 2892
f 2843 2892 2844
f 2795 2796 2892
f 2795 2892 2891
f 2747 2843 2844
f 2747 2844 2748
f 2748 2749 2797
f 2748 2797 2796
f 2844 2892 2893
f 2844 2893 2845
f 2796 2797 2893
f 2796 2893 2892
f 2748 2844 2845
f 2748 2845 2749
f 2749 2750 2798
f 2749 2798 2797
f 2845 2893 2894
f 2845 2894 2846
f 2797 2798 2894
f 2797 2894 2893
f 2749 2845 2846
f 2749 2846 2750
f 2750 2751 2799
f 2750 2799 2798
f 2846 2894 2895
f 2846 2895 2847
f 2798 2799 2895
f 2798 2895 2894
f 2750 2846 2847
f 2750 2847 2751
f 2751 2752 2800
f 2751 2800 2799
f 2847 2895 2896
f 2847 2896 2848
f 2799 2800 2896
f 2799 2896 2895
f 2751 2847 2848
f 2751 2848 2752
f 2752 2753 2801
f 2752 2801 2800
f 2848 2896 2897
f 2848 2897 2849
f 2800 2801 2897
f 2800 2897 2896
f 2752 2848 2849
f 2752 2849 2753
f 2753 2754 2802
f 2753 2802 2801
f 2849 2897 2898
f 2849 2898 2850
f 2801 2802 2898
f 2801 2898 2897
f 2753 2849 2850
f 2753 2850 2754
f 2754 2755 2803
f 2754 2803 2802
f 2850 2898 2899
f 2850 2899 2851
f 2802 2803 2899
f 2802 2899 2898
f 2754 2850 2851
f 2754 2851 2755
f 2755 2756 2804
f 2755 2804 2803
f 2851 2899 2900
f 2851 2900 2852
f 2803 2804 2900
f 2803 2900 2899
f 2755 2851 2852
f 2755 2852 2756
f 2756 2757 2805
f 2756 2805 2804
f 2852 2900 2901
f 2852 2901 2853
f 2804 2805 2901
f 2804 2901 2900
f 2756 2852 2853
f 2756 2853 2757
f 2757 2758 2806
f 2757 2806 2805
f 2853 2901 2902
f 2853 2902 2854
f 2805 2806 2902
f 2805 2902 2901
f 2757 2853 2854
f 2757 2854 2758
f 2758 2759 2807
f 2758 2807 2806
f 2854 2902 2903
f 2854 2903 2855
f 2806 2807 2903
f 2806 2903 2902
f 2758 2854 2855
f 2758 2855 2759
f 2759 2760 2808
f 2759 2808 2807
f 2855 2903 2904
f 2855 2904 2856
f 2807 2808 2904
f 2807 2904 2903
f 2759 2855 2856
f 2759 2856 2760
f 2760 2761 2809
f 2760 2809 2808
f 2856 2904 2905
f 2856 2905 2857
f 2808 2809 2905
f 2808 2905 2904
f 2760 2856 2857
f 2760 2857 2761
f 2761 2762 2810
f 2761 2810 2809
f 2857 2905 2906
f 2857 2906 2858
f 2809 2810 2906
f 2809 2906 2905
f 2761 2857 2858
f 2761 2858 2762
f 2762 2763 2811
f 2762 2811 2810
f 2858 2906 2907
f 2858 2907 2859
f 2810 2811 2907
f 2810 2907 2906
f 2762 2858 2859
f 2762 2859 2763
f 2763 2764 2812
f 2763 2812 2811
f 2859 2907 2908
f 2859 2908 2860
f 2811 2812 2908
f 2811 2908 2907
f 2763 2859 2860
f 2763 2860 2764
f 2764 2765 2813
f 2764 2813 2812
f 2860 2908 2909
f 2860 2909 2861
f 2812 2813 2909
f 2812 2909 2908
f 2764 2860 2861
f 2764 2861 2765
f 2765 2766 2814
f 2765 2814 2813
f 2861 2909 2910
f 2861 2910 2862
f 2813 2814 2910
f 2813 2910 2909
f 2765 2861 2862
f 2765 2862 2766
f 2766 2767 2815
f 2766 2815 2814
f 2862 2910 2911
f 2862 2911 2863
f 2814 2815 2911
f 2814 2911 2910
f 2766 2862 2863
f 2766 2863 2767
f 2767 2768 2816
f 2767 2816 2815
f 2863 2911 2912
f 2863 2912 2864
f 2815 2816 2912
f 2815 2912 2911
f 2767 2863 2864
f 2767 2864 2768
f 2768 2721 2769
f 2768 2769 2816
f 2864 2912 2865
f 2864 2865 2817
f 2816 2769 2865
f 2816 2865 2912
f 2768 2864 2817
f 2768 2817 2721
o 07___Distancer_nosača
v -16.00000 43.00000 165.00000
v 16.00000 43.00000 165.00000
v 16.00000 60.00000 165.00000
v -16.00000 60.00000 165.00000
v -16.00000 43.00000 179.00000
v 16.00000 43.00000 179.00000
v 16.00000 60.00000 179.00000
v -16.00000 60.00000 179.00000
f 2913 2916 2915
f 2913 2915 2914
f 2917 2918 2919
f 2917 2919 2920
f 2913 2914 2918
f 2913 2918 2917
f 2914 2915 2919
f 2914 2919 2918
f 2915 2916 2920
f 2915 2920 2919
f 2916 2913 2917
f 2916 2917 2920
o 07___Zadnji_nosač
v -24.00000 60.00000 32.00000
v 24.00000 60.00000 32.00000
v 24.00000 66.00000 32.00000
v -24.00000 66.00000 32.00000
v -24.00000 60.00000 192.00000
v 24.00000 60.00000 192.00000
v 24.00000 66.00000 192.00000
v -24.00000 66.00000 192.00000
f 2921 2924 2923
f 2921 2923 2922
f 2925 2926 2927
f 2925 2927 2928
f 2921 2922 2926
f 2921 2926 2925
f 2922 2923 2927
f 2922 2927 2926
f 2923 2924 2928
f 2923 2928 2927
f 2924 2921 2925
f 2924 2925 2928
o 08___Elektronska_ploča_·_48_×_150
v -24.00000 -1.00000 30.00000
v 24.00000 -1.00000 30.00000
v 24.00000 1.00000 30.00000
v -24.00000 1.00000 30.00000
v -24.00000 -1.00000 180.00000
v 24.00000 -1.00000 180.00000
v 24.00000 1.00000 180.00000
v -24.00000 1.00000 180.00000
f 2929 2932 2931
f 2929 2931 2930
f 2933 2934 2935
f 2933 2935 2936
f 2929 2930 2934
f 2929 2934 2933
f 2930 2931 2935
f 2930 2935 2934
f 2931 2932 2936
f 2931 2936 2935
f 2932 2929 2933
f 2932 2933 2936
o 08___Elektronika_·_rezervisan_prostor
v -16.00000 1.00000 40.00000
v 16.00000 1.00000 40.00000
v 16.00000 11.00000 40.00000
v -16.00000 11.00000 40.00000
v -16.00000 1.00000 62.00000
v 16.00000 1.00000 62.00000
v 16.00000 11.00000 62.00000
v -16.00000 11.00000 62.00000
f 2937 2940 2939
f 2937 2939 2938
f 2941 2942 2943
f 2941 2943 2944
f 2937 2938 2942
f 2937 2942 2941
f 2938 2939 2943
f 2938 2943 2942
f 2939 2940 2944
f 2939 2944 2943
f 2940 2937 2941
f 2940 2941 2944
o 08___Elektronika_·_rezervisan_prostor
v -16.00000 1.00000 85.00000
v 16.00000 1.00000 85.00000
v 16.00000 11.00000 85.00000
v -16.00000 11.00000 85.00000
v -16.00000 1.00000 107.00000
v 16.00000 1.00000 107.00000
v 16.00000 11.00000 107.00000
v -16.00000 11.00000 107.00000
f 2945 2948 2947
f 2945 2947 2946
f 2949 2950 2951
f 2949 2951 2952
f 2945 2946 2950
f 2945 2950 2949
f 2946 2947 2951
f 2946 2951 2950
f 2947 2948 2952
f 2947 2952 2951
f 2948 2945 2949
f 2948 2949 2952
o 08___Elektronika_·_rezervisan_prostor
v -16.00000 1.00000 134.00000
v 16.00000 1.00000 134.00000
v 16.00000 11.00000 134.00000
v -16.00000 11.00000 134.00000
v -16.00000 1.00000 156.00000
v 16.00000 1.00000 156.00000
v 16.00000 11.00000 156.00000
v -16.00000 11.00000 156.00000
f 2953 2956 2955
f 2953 2955 2954
f 2957 2958 2959
f 2957 2959 2960
f 2953 2954 2958
f 2953 2958 2957
f 2954 2955 2959
f 2954 2959 2958
f 2955 2956 2960
f 2955 2960 2959
f 2956 2953 2957
f 2956 2957 2960
o 08___Vođica_ploče
v -27.00000 -5.00000 22.00000
v -24.00000 -5.00000 22.00000
v -24.00000 5.00000 22.00000
v -27.00000 5.00000 22.00000
v -27.00000 -5.00000 186.00000
v -24.00000 -5.00000 186.00000
v -24.00000 5.00000 186.00000
v -27.00000 5.00000 186.00000
f 2961 2964 2963
f 2961 2963 2962
f 2965 2966 2967
f 2965 2967 2968
f 2961 2962 2966
f 2961 2966 2965
f 2962 2963 2967
f 2962 2967 2966
f 2963 2964 2968
f 2963 2968 2967
f 2964 2961 2965
f 2964 2965 2968
o 08___Vođica_ploče
v 24.00000 -5.00000 22.00000
v 27.00000 -5.00000 22.00000
v 27.00000 5.00000 22.00000
v 24.00000 5.00000 22.00000
v 24.00000 -5.00000 186.00000
v 27.00000 -5.00000 186.00000
v 27.00000 5.00000 186.00000
v 24.00000 5.00000 186.00000
f 2969 2972 2971
f 2969 2971 2970
f 2973 2974 2975
f 2973 2975 2976
f 2969 2970 2974
f 2969 2974 2973
f 2970 2971 2975
f 2970 2975 2974
f 2971 2972 2976
f 2971 2976 2975
f 2972 2969 2973
f 2972 2973 2976
o 09___Optički_kiseonik___prihvat
v -8.00000 -22.00000 -27.00000
v -15.00000 -9.87564 -27.00000
v -29.00000 -9.87564 -27.00000
v -36.00000 -22.00000 -27.00000
v -29.00000 -34.12436 -27.00000
v -15.00000 -34.12436 -27.00000
v -8.00000 -22.00000 -12.00000
v -15.00000 -9.87564 -12.00000
v -29.00000 -9.87564 -12.00000
v -36.00000 -22.00000 -12.00000
v -29.00000 -34.12436 -12.00000
v -15.00000 -34.12436 -12.00000
v -22.00000 -22.00000 -27.00000
v -22.00000 -22.00000 -27.00000
v -22.00000 -22.00000 -27.00000
v -22.00000 -22.00000 -27.00000
v -22.00000 -22.00000 -27.00000
v -22.00000 -22.00000 -27.00000
v -22.00000 -22.00000 -12.00000
v -22.00000 -22.00000 -12.00000
v -22.00000 -22.00000 -12.00000
v -22.00000 -22.00000 -12.00000
v -22.00000 -22.00000 -12.00000
v -22.00000 -22.00000 -12.00000
f 2977 2978 2984
f 2977 2984 2983
f 2989 2995 2996
f 2989 2996 2990
f 2983 2984 2996
f 2983 2996 2995
f 2977 2989 2990
f 2977 2990 2978
f 2978 2979 2985
f 2978 2985 2984
f 2990 2996 2997
f 2990 2997 2991
f 2984 2985 2997
f 2984 2997 2996
f 2978 2990 2991
f 2978 2991 2979
f 2979 2980 2986
f 2979 2986 2985
f 2991 2997 2998
f 2991 2998 2992
f 2985 2986 2998
f 2985 2998 2997
f 2979 2991 2992
f 2979 2992 2980
f 2980 2981 2987
f 2980 2987 2986
f 2992 2998 2999
f 2992 2999 2993
f 2986 2987 2999
f 2986 2999 2998
f 2980 2992 2993
f 2980 2993 2981
f 2981 2982 2988
f 2981 2988 2987
f 2993 2999 3000
f 2993 3000 2994
f 2987 2988 3000
f 2987 3000 2999
f 2981 2993 2994
f 2981 2994 2982
f 2982 2977 2983
f 2982 2983 2988
f 2994 3000 2995
f 2994 2995 2989
f 2988 2983 2995
f 2988 2995 3000
f 2982 2994 2989
f 2982 2989 2977
o 09___Optički_kiseonik
v -11.00000 -22.00000 -106.00000
v -11.09411 -20.56421 -106.00000
v -11.37482 -19.15299 -106.00000
v -11.83733 -17.79048 -106.00000
v -12.47372 -16.50000 -106.00000
v -13.27311 -15.30362 -106.00000
v -14.22183 -14.22183 -106.00000
v -15.30362 -13.27311 -106.00000
v -16.50000 -12.47372 -106.00000
v -17.79048 -11.83733 -106.00000
v -19.15299 -11.37482 -106.00000
v -20.56421 -11.09411 -106.00000
v -22.00000 -11.00000 -106.00000
v -23.43579 -11.09411 -106.00000
v -24.84701 -11.37482 -106.00000
v -26.20952 -11.83733 -106.00000
v -27.50000 -12.47372 -106.00000
v -28.69638 -13.27311 -106.00000
v -29.77817 -14.22183 -106.00000
v -30.72689 -15.30362 -106.00000
v -31.52628 -16.50000 -106.00000
v -32.16267 -17.79048 -106.00000
v -32.62518 -19.15299 -106.00000
v -32.90589 -20.56421 -106.00000
v -33.00000 -22.00000 -106.00000
v -32.90589 -23.43579 -106.00000
v -32.62518 -24.84701 -106.00000
v -32.16267 -26.20952 -106.00000
v -31.52628 -27.50000 -106.00000
v -30.72689 -28.69638 -106.00000
v -29.77817 -29.77817 -106.00000
v -28.69638 -30.72689 -106.00000
v -27.50000 -31.52628 -106.00000
v -26.20952 -32.16267 -106.00000
v -24.84701 -32.62518 -106.00000
v -23.43579 -32.90589 -106.00000
v -22.00000 -33.00000 -106.00000
v -20.56421 -32.90589 -106.00000
v -19.15299 -32.62518 -106.00000
v -17.79048 -32.16267 -106.00000
v -16.50000 -31.52628 -106.00000
v -15.30362 -30.72689 -106.00000
v -14.22183 -29.77817 -106.00000
v -13.27311 -28.69638 -106.00000
v -12.47372 -27.50000 -106.00000
v -11.83733 -26.20952 -106.00000
v -11.37482 -24.84701 -106.00000
v -11.09411 -23.43579 -106.00000
v -11.00000 -22.00000 -27.00000
v -11.09411 -20.56421 -27.00000
v -11.37482 -19.15299 -27.00000
v -11.83733 -17.79048 -27.00000
v -12.47372 -16.50000 -27.00000
v -13.27311 -15.30362 -27.00000
v -14.22183 -14.22183 -27.00000
v -15.30362 -13.27311 -27.00000
v -16.50000 -12.47372 -27.00000
v -17.79048 -11.83733 -27.00000
v -19.15299 -11.37482 -27.00000
v -20.56421 -11.09411 -27.00000
v -22.00000 -11.00000 -27.00000
v -23.43579 -11.09411 -27.00000
v -24.84701 -11.37482 -27.00000
v -26.20952 -11.83733 -27.00000
v -27.50000 -12.47372 -27.00000
v -28.69638 -13.27311 -27.00000
v -29.77817 -14.22183 -27.00000
v -30.72689 -15.30362 -27.00000
v -31.52628 -16.50000 -27.00000
v -32.16267 -17.79048 -27.00000
v -32.62518 -19.15299 -27.00000
v -32.90589 -20.56421 -27.00000
v -33.00000 -22.00000 -27.00000
v -32.90589 -23.43579 -27.00000
v -32.62518 -24.84701 -27.00000
v -32.16267 -26.20952 -27.00000
v -31.52628 -27.50000 -27.00000
v -30.72689 -28.69638 -27.00000
v -29.77817 -29.77817 -27.00000
v -28.69638 -30.72689 -27.00000
v -27.50000 -31.52628 -27.00000
v -26.20952 -32.16267 -27.00000
v -24.84701 -32.62518 -27.00000
v -23.43579 -32.90589 -27.00000
v -22.00000 -33.00000 -27.00000
v -20.56421 -32.90589 -27.00000
v -19.15299 -32.62518 -27.00000
v -17.79048 -32.16267 -27.00000
v -16.50000 -31.52628 -27.00000
v -15.30362 -30.72689 -27.00000
v -14.22183 -29.77817 -27.00000
v -13.27311 -28.69638 -27.00000
v -12.47372 -27.50000 -27.00000
v -11.83733 -26.20952 -27.00000
v -11.37482 -24.84701 -27.00000
v -11.09411 -23.43579 -27.00000
v -22.00000 -22.00000 -106.00000
v -22.00000 -22.00000 -106.00000
v -22.00000 -22.00000 -106.00000
v -22.00000 -22.00000 -106.00000
v -22.00000 -22.00000 -106.00000
v -22.00000 -22.00000 -106.00000
v -22.00000 -22.00000 -106.00000
v -22.00000 -22.00000 -106.00000
v -22.00000 -22.00000 -106.00000
v -22.00000 -22.00000 -106.00000
v -22.00000 -22.00000 -106.00000
v -22.00000 -22.00000 -106.00000
v -22.00000 -22.00000 -106.00000
v -22.00000 -22.00000 -106.00000
v -22.00000 -22.00000 -106.00000
v -22.00000 -22.00000 -106.00000
v -22.00000 -22.00000 -106.00000
v -22.00000 -22.00000 -106.00000
v -22.00000 -22.00000 -106.00000
v -22.00000 -22.00000 -106.00000
v -22.00000 -22.00000 -106.00000
v -22.00000 -22.00000 -106.00000
v -22.00000 -22.00000 -106.00000
v -22.00000 -22.00000 -106.00000
v -22.00000 -22.00000 -106.00000
v -22.00000 -22.00000 -106.00000
v -22.00000 -22.00000 -106.00000
v -22.00000 -22.00000 -106.00000
v -22.00000 -22.00000 -106.00000
v -22.00000 -22.00000 -106.00000
v -22.00000 -22.00000 -106.00000
v -22.00000 -22.00000 -106.00000
v -22.00000 -22.00000 -106.00000
v -22.00000 -22.00000 -106.00000
v -22.00000 -22.00000 -106.00000
v -22.00000 -22.00000 -106.00000
v -22.00000 -22.00000 -106.00000
v -22.00000 -22.00000 -106.00000
v -22.00000 -22.00000 -106.00000
v -22.00000 -22.00000 -106.00000
v -22.00000 -22.00000 -106.00000
v -22.00000 -22.00000 -106.00000
v -22.00000 -22.00000 -106.00000
v -22.00000 -22.00000 -106.00000
v -22.00000 -22.00000 -106.00000
v -22.00000 -22.00000 -106.00000
v -22.00000 -22.00000 -106.00000
v -22.00000 -22.00000 -106.00000
v -22.00000 -22.00000 -27.00000
v -22.00000 -22.00000 -27.00000
v -22.00000 -22.00000 -27.00000
v -22.00000 -22.00000 -27.00000
v -22.00000 -22.00000 -27.00000
v -22.00000 -22.00000 -27.00000
v -22.00000 -22.00000 -27.00000
v -22.00000 -22.00000 -27.00000
v -22.00000 -22.00000 -27.00000
v -22.00000 -22.00000 -27.00000
v -22.00000 -22.00000 -27.00000
v -22.00000 -22.00000 -27.00000
v -22.00000 -22.00000 -27.00000
v -22.00000 -22.00000 -27.00000
v -22.00000 -22.00000 -27.00000
v -22.00000 -22.00000 -27.00000
v -22.00000 -22.00000 -27.00000
v -22.00000 -22.00000 -27.00000
v -22.00000 -22.00000 -27.00000
v -22.00000 -22.00000 -27.00000
v -22.00000 -22.00000 -27.00000
v -22.00000 -22.00000 -27.00000
v -22.00000 -22.00000 -27.00000
v -22.00000 -22.00000 -27.00000
v -22.00000 -22.00000 -27.00000
v -22.00000 -22.00000 -27.00000
v -22.00000 -22.00000 -27.00000
v -22.00000 -22.00000 -27.00000
v -22.00000 -22.00000 -27.00000
v -22.00000 -22.00000 -27.00000
v -22.00000 -22.00000 -27.00000
v -22.00000 -22.00000 -27.00000
v -22.00000 -22.00000 -27.00000
v -22.00000 -22.00000 -27.00000
v -22.00000 -22.00000 -27.00000
v -22.00000 -22.00000 -27.00000
v -22.00000 -22.00000 -27.00000
v -22.00000 -22.00000 -27.00000
v -22.00000 -22.00000 -27.00000
v -22.00000 -22.00000 -27.00000
v -22.00000 -22.00000 -27.00000
v -22.00000 -22.00000 -27.00000
v -22.00000 -22.00000 -27.00000
v -22.00000 -22.00000 -27.00000
v -22.00000 -22.00000 -27.00000
v -22.00000 -22.00000 -27.00000
v -22.00000 -22.00000 -27.00000
v -22.00000 -22.00000 -27.00000
f 3001 3002 3050
f 3001 3050 3049
f 3097 3145 3146
f 3097 3146 3098
f 3049 3050 3146
f 3049 3146 3145
f 3001 3097 3098
f 3001 3098 3002
f 3002 3003 3051
f 3002 3051 3050
f 3098 3146 3147
f 3098 3147 3099
f 3050 3051 3147
f 3050 3147 3146
f 3002 3098 3099
f 3002 3099 3003
f 3003 3004 3052
f 3003 3052 3051
f 3099 3147 3148
f 3099 3148 3100
f 3051 3052 3148
f 3051 3148 3147
f 3003 3099 3100
f 3003 3100 3004
f 3004 3005 3053
f 3004 3053 3052
f 3100 3148 3149
f 3100 3149 3101
f 3052 3053 3149
f 3052 3149 3148
f 3004 3100 3101
f 3004 3101 3005
f 3005 3006 3054
f 3005 3054 3053
f 3101 3149 3150
f 3101 3150 3102
f 3053 3054 3150
f 3053 3150 3149
f 3005 3101 3102
f 3005 3102 3006
f 3006 3007 3055
f 3006 3055 3054
f 3102 3150 3151
f 3102 3151 3103
f 3054 3055 3151
f 3054 3151 3150
f 3006 3102 3103
f 3006 3103 3007
f 3007 3008 3056
f 3007 3056 3055
f 3103 3151 3152
f 3103 3152 3104
f 3055 3056 3152
f 3055 3152 3151
f 3007 3103 3104
f 3007 3104 3008
f 3008 3009 3057
f 3008 3057 3056
f 3104 3152 3153
f 3104 3153 3105
f 3056 3057 3153
f 3056 3153 3152
f 3008 3104 3105
f 3008 3105 3009
f 3009 3010 3058
f 3009 3058 3057
f 3105 3153 3154
f 3105 3154 3106
f 3057 3058 3154
f 3057 3154 3153
f 3009 3105 3106
f 3009 3106 3010
f 3010 3011 3059
f 3010 3059 3058
f 3106 3154 3155
f 3106 3155 3107
f 3058 3059 3155
f 3058 3155 3154
f 3010 3106 3107
f 3010 3107 3011
f 3011 3012 3060
f 3011 3060 3059
f 3107 3155 3156
f 3107 3156 3108
f 3059 3060 3156
f 3059 3156 3155
f 3011 3107 3108
f 3011 3108 3012
f 3012 3013 3061
f 3012 3061 3060
f 3108 3156 3157
f 3108 3157 3109
f 3060 3061 3157
f 3060 3157 3156
f 3012 3108 3109
f 3012 3109 3013
f 3013 3014 3062
f 3013 3062 3061
f 3109 3157 3158
f 3109 3158 3110
f 3061 3062 3158
f 3061 3158 3157
f 3013 3109 3110
f 3013 3110 3014
f 3014 3015 3063
f 3014 3063 3062
f 3110 3158 3159
f 3110 3159 3111
f 3062 3063 3159
f 3062 3159 3158
f 3014 3110 3111
f 3014 3111 3015
f 3015 3016 3064
f 3015 3064 3063
f 3111 3159 3160
f 3111 3160 3112
f 3063 3064 3160
f 3063 3160 3159
f 3015 3111 3112
f 3015 3112 3016
f 3016 3017 3065
f 3016 3065 3064
f 3112 3160 3161
f 3112 3161 3113
f 3064 3065 3161
f 3064 3161 3160
f 3016 3112 3113
f 3016 3113 3017
f 3017 3018 3066
f 3017 3066 3065
f 3113 3161 3162
f 3113 3162 3114
f 3065 3066 3162
f 3065 3162 3161
f 3017 3113 3114
f 3017 3114 3018
f 3018 3019 3067
f 3018 3067 3066
f 3114 3162 3163
f 3114 3163 3115
f 3066 3067 3163
f 3066 3163 3162
f 3018 3114 3115
f 3018 3115 3019
f 3019 3020 3068
f 3019 3068 3067
f 3115 3163 3164
f 3115 3164 3116
f 3067 3068 3164
f 3067 3164 3163
f 3019 3115 3116
f 3019 3116 3020
f 3020 3021 3069
f 3020 3069 3068
f 3116 3164 3165
f 3116 3165 3117
f 3068 3069 3165
f 3068 3165 3164
f 3020 3116 3117
f 3020 3117 3021
f 3021 3022 3070
f 3021 3070 3069
f 3117 3165 3166
f 3117 3166 3118
f 3069 3070 3166
f 3069 3166 3165
f 3021 3117 3118
f 3021 3118 3022
f 3022 3023 3071
f 3022 3071 3070
f 3118 3166 3167
f 3118 3167 3119
f 3070 3071 3167
f 3070 3167 3166
f 3022 3118 3119
f 3022 3119 3023
f 3023 3024 3072
f 3023 3072 3071
f 3119 3167 3168
f 3119 3168 3120
f 3071 3072 3168
f 3071 3168 3167
f 3023 3119 3120
f 3023 3120 3024
f 3024 3025 3073
f 3024 3073 3072
f 3120 3168 3169
f 3120 3169 3121
f 3072 3073 3169
f 3072 3169 3168
f 3024 3120 3121
f 3024 3121 3025
f 3025 3026 3074
f 3025 3074 3073
f 3121 3169 3170
f 3121 3170 3122
f 3073 3074 3170
f 3073 3170 3169
f 3025 3121 3122
f 3025 3122 3026
f 3026 3027 3075
f 3026 3075 3074
f 3122 3170 3171
f 3122 3171 3123
f 3074 3075 3171
f 3074 3171 3170
f 3026 3122 3123
f 3026 3123 3027
f 3027 3028 3076
f 3027 3076 3075
f 3123 3171 3172
f 3123 3172 3124
f 3075 3076 3172
f 3075 3172 3171
f 3027 3123 3124
f 3027 3124 3028
f 3028 3029 3077
f 3028 3077 3076
f 3124 3172 3173
f 3124 3173 3125
f 3076 3077 3173
f 3076 3173 3172
f 3028 3124 3125
f 3028 3125 3029
f 3029 3030 3078
f 3029 3078 3077
f 3125 3173 3174
f 3125 3174 3126
f 3077 3078 3174
f 3077 3174 3173
f 3029 3125 3126
f 3029 3126 3030
f 3030 3031 3079
f 3030 3079 3078
f 3126 3174 3175
f 3126 3175 3127
f 3078 3079 3175
f 3078 3175 3174
f 3030 3126 3127
f 3030 3127 3031
f 3031 3032 3080
f 3031 3080 3079
f 3127 3175 3176
f 3127 3176 3128
f 3079 3080 3176
f 3079 3176 3175
f 3031 3127 3128
f 3031 3128 3032
f 3032 3033 3081
f 3032 3081 3080
f 3128 3176 3177
f 3128 3177 3129
f 3080 3081 3177
f 3080 3177 3176
f 3032 3128 3129
f 3032 3129 3033
f 3033 3034 3082
f 3033 3082 3081
f 3129 3177 3178
f 3129 3178 3130
f 3081 3082 3178
f 3081 3178 3177
f 3033 3129 3130
f 3033 3130 3034
f 3034 3035 3083
f 3034 3083 3082
f 3130 3178 3179
f 3130 3179 3131
f 3082 3083 3179
f 3082 3179 3178
f 3034 3130 3131
f 3034 3131 3035
f 3035 3036 3084
f 3035 3084 3083
f 3131 3179 3180
f 3131 3180 3132
f 3083 3084 3180
f 3083 3180 3179
f 3035 3131 3132
f 3035 3132 3036
f 3036 3037 3085
f 3036 3085 3084
f 3132 3180 3181
f 3132 3181 3133
f 3084 3085 3181
f 3084 3181 3180
f 3036 3132 3133
f 3036 3133 3037
f 3037 3038 3086
f 3037 3086 3085
f 3133 3181 3182
f 3133 3182 3134
f 3085 3086 3182
f 3085 3182 3181
f 3037 3133 3134
f 3037 3134 3038
f 3038 3039 3087
f 3038 3087 3086
f 3134 3182 3183
f 3134 3183 3135
f 3086 3087 3183
f 3086 3183 3182
f 3038 3134 3135
f 3038 3135 3039
f 3039 3040 3088
f 3039 3088 3087
f 3135 3183 3184
f 3135 3184 3136
f 3087 3088 3184
f 3087 3184 3183
f 3039 3135 3136
f 3039 3136 3040
f 3040 3041 3089
f 3040 3089 3088
f 3136 3184 3185
f 3136 3185 3137
f 3088 3089 3185
f 3088 3185 3184
f 3040 3136 3137
f 3040 3137 3041
f 3041 3042 3090
f 3041 3090 3089
f 3137 3185 3186
f 3137 3186 3138
f 3089 3090 3186
f 3089 3186 3185
f 3041 3137 3138
f 3041 3138 3042
f 3042 3043 3091
f 3042 3091 3090
f 3138 3186 3187
f 3138 3187 3139
f 3090 3091 3187
f 3090 3187 3186
f 3042 3138 3139
f 3042 3139 3043
f 3043 3044 3092
f 3043 3092 3091
f 3139 3187 3188
f 3139 3188 3140
f 3091 3092 3188
f 3091 3188 3187
f 3043 3139 3140
f 3043 3140 3044
f 3044 3045 3093
f 3044 3093 3092
f 3140 3188 3189
f 3140 3189 3141
f 3092 3093 3189
f 3092 3189 3188
f 3044 3140 3141
f 3044 3141 3045
f 3045 3046 3094
f 3045 3094 3093
f 3141 3189 3190
f 3141 3190 3142
f 3093 3094 3190
f 3093 3190 3189
f 3045 3141 3142
f 3045 3142 3046
f 3046 3047 3095
f 3046 3095 3094
f 3142 3190 3191
f 3142 3191 3143
f 3094 3095 3191
f 3094 3191 3190
f 3046 3142 3143
f 3046 3143 3047
f 3047 3048 3096
f 3047 3096 3095
f 3143 3191 3192
f 3143 3192 3144
f 3095 3096 3192
f 3095 3192 3191
f 3047 3143 3144
f 3047 3144 3048
f 3048 3001 3049
f 3048 3049 3096
f 3144 3192 3145
f 3144 3145 3097
f 3096 3049 3145
f 3096 3145 3192
f 3048 3144 3097
f 3048 3097 3001
o 09___Optički_kiseonik___merna_površina
v -12.65000 -22.00000 -110.00000
v -12.72999 -20.77958 -110.00000
v -12.96859 -19.58004 -110.00000
v -13.36173 -18.42191 -110.00000
v -13.90266 -17.32500 -110.00000
v -14.58215 -16.30808 -110.00000
v -15.38855 -15.38855 -110.00000
v -16.30808 -14.58215 -110.00000
v -17.32500 -13.90266 -110.00000
v -18.42191 -13.36173 -110.00000
v -19.58004 -12.96859 -110.00000
v -20.77958 -12.72999 -110.00000
v -22.00000 -12.65000 -110.00000
v -23.22042 -12.72999 -110.00000
v -24.41996 -12.96859 -110.00000
v -25.57809 -13.36173 -110.00000
v -26.67500 -13.90266 -110.00000
v -27.69192 -14.58215 -110.00000
v -28.61145 -15.38855 -110.00000
v -29.41785 -16.30808 -110.00000
v -30.09734 -17.32500 -110.00000
v -30.63827 -18.42191 -110.00000
v -31.03141 -19.58004 -110.00000
v -31.27001 -20.77958 -110.00000
v -31.35000 -22.00000 -110.00000
v -31.27001 -23.22042 -110.00000
v -31.03141 -24.41996 -110.00000
v -30.63827 -25.57809 -110.00000
v -30.09734 -26.67500 -110.00000
v -29.41785 -27.69192 -110.00000
v -28.61145 -28.61145 -110.00000
v -27.69192 -29.41785 -110.00000
v -26.67500 -30.09734 -110.00000
v -25.57809 -30.63827 -110.00000
v -24.41996 -31.03141 -110.00000
v -23.22042 -31.27001 -110.00000
v -22.00000 -31.35000 -110.00000
v -20.77958 -31.27001 -110.00000
v -19.58004 -31.03141 -110.00000
v -18.42191 -30.63827 -110.00000
v -17.32500 -30.09734 -110.00000
v -16.30808 -29.41785 -110.00000
v -15.38855 -28.61145 -110.00000
v -14.58215 -27.69192 -110.00000
v -13.90266 -26.67500 -110.00000
v -13.36173 -25.57809 -110.00000
v -12.96859 -24.41996 -110.00000
v -12.72999 -23.22042 -110.00000
v -12.65000 -22.00000 -106.00000
v -12.72999 -20.77958 -106.00000
v -12.96859 -19.58004 -106.00000
v -13.36173 -18.42191 -106.00000
v -13.90266 -17.32500 -106.00000
v -14.58215 -16.30808 -106.00000
v -15.38855 -15.38855 -106.00000
v -16.30808 -14.58215 -106.00000
v -17.32500 -13.90266 -106.00000
v -18.42191 -13.36173 -106.00000
v -19.58004 -12.96859 -106.00000
v -20.77958 -12.72999 -106.00000
v -22.00000 -12.65000 -106.00000
v -23.22042 -12.72999 -106.00000
v -24.41996 -12.96859 -106.00000
v -25.57809 -13.36173 -106.00000
v -26.67500 -13.90266 -106.00000
v -27.69192 -14.58215 -106.00000
v -28.61145 -15.38855 -106.00000
v -29.41785 -16.30808 -106.00000
v -30.09734 -17.32500 -106.00000
v -30.63827 -18.42191 -106.00000
v -31.03141 -19.58004 -106.00000
v -31.27001 -20.77958 -106.00000
v -31.35000 -22.00000 -106.00000
v -31.27001 -23.22042 -106.00000
v -31.03141 -24.41996 -106.00000
v -30.63827 -25.57809 -106.00000
v -30.09734 -26.67500 -106.00000
v -29.41785 -27.69192 -106.00000
v -28.61145 -28.61145 -106.00000
v -27.69192 -29.41785 -106.00000
v -26.67500 -30.09734 -106.00000
v -25.57809 -30.63827 -106.00000
v -24.41996 -31.03141 -106.00000
v -23.22042 -31.27001 -106.00000
v -22.00000 -31.35000 -106.00000
v -20.77958 -31.27001 -106.00000
v -19.58004 -31.03141 -106.00000
v -18.42191 -30.63827 -106.00000
v -17.32500 -30.09734 -106.00000
v -16.30808 -29.41785 -106.00000
v -15.38855 -28.61145 -106.00000
v -14.58215 -27.69192 -106.00000
v -13.90266 -26.67500 -106.00000
v -13.36173 -25.57809 -106.00000
v -12.96859 -24.41996 -106.00000
v -12.72999 -23.22042 -106.00000
v -22.00000 -22.00000 -110.00000
v -22.00000 -22.00000 -110.00000
v -22.00000 -22.00000 -110.00000
v -22.00000 -22.00000 -110.00000
v -22.00000 -22.00000 -110.00000
v -22.00000 -22.00000 -110.00000
v -22.00000 -22.00000 -110.00000
v -22.00000 -22.00000 -110.00000
v -22.00000 -22.00000 -110.00000
v -22.00000 -22.00000 -110.00000
v -22.00000 -22.00000 -110.00000
v -22.00000 -22.00000 -110.00000
v -22.00000 -22.00000 -110.00000
v -22.00000 -22.00000 -110.00000
v -22.00000 -22.00000 -110.00000
v -22.00000 -22.00000 -110.00000
v -22.00000 -22.00000 -110.00000
v -22.00000 -22.00000 -110.00000
v -22.00000 -22.00000 -110.00000
v -22.00000 -22.00000 -110.00000
v -22.00000 -22.00000 -110.00000
v -22.00000 -22.00000 -110.00000
v -22.00000 -22.00000 -110.00000
v -22.00000 -22.00000 -110.00000
v -22.00000 -22.00000 -110.00000
v -22.00000 -22.00000 -110.00000
v -22.00000 -22.00000 -110.00000
v -22.00000 -22.00000 -110.00000
v -22.00000 -22.00000 -110.00000
v -22.00000 -22.00000 -110.00000
v -22.00000 -22.00000 -110.00000
v -22.00000 -22.00000 -110.00000
v -22.00000 -22.00000 -110.00000
v -22.00000 -22.00000 -110.00000
v -22.00000 -22.00000 -110.00000
v -22.00000 -22.00000 -110.00000
v -22.00000 -22.00000 -110.00000
v -22.00000 -22.00000 -110.00000
v -22.00000 -22.00000 -110.00000
v -22.00000 -22.00000 -110.00000
v -22.00000 -22.00000 -110.00000
v -22.00000 -22.00000 -110.00000
v -22.00000 -22.00000 -110.00000
v -22.00000 -22.00000 -110.00000
v -22.00000 -22.00000 -110.00000
v -22.00000 -22.00000 -110.00000
v -22.00000 -22.00000 -110.00000
v -22.00000 -22.00000 -110.00000
v -22.00000 -22.00000 -106.00000
v -22.00000 -22.00000 -106.00000
v -22.00000 -22.00000 -106.00000
v -22.00000 -22.00000 -106.00000
v -22.00000 -22.00000 -106.00000
v -22.00000 -22.00000 -106.00000
v -22.00000 -22.00000 -106.00000
v -22.00000 -22.00000 -106.00000
v -22.00000 -22.00000 -106.00000
v -22.00000 -22.00000 -106.00000
v -22.00000 -22.00000 -106.00000
v -22.00000 -22.00000 -106.00000
v -22.00000 -22.00000 -106.00000
v -22.00000 -22.00000 -106.00000
v -22.00000 -22.00000 -106.00000
v -22.00000 -22.00000 -106.00000
v -22.00000 -22.00000 -106.00000
v -22.00000 -22.00000 -106.00000
v -22.00000 -22.00000 -106.00000
v -22.00000 -22.00000 -106.00000
v -22.00000 -22.00000 -106.00000
v -22.00000 -22.00000 -106.00000
v -22.00000 -22.00000 -106.00000
v -22.00000 -22.00000 -106.00000
v -22.00000 -22.00000 -106.00000
v -22.00000 -22.00000 -106.00000
v -22.00000 -22.00000 -106.00000
v -22.00000 -22.00000 -106.00000
v -22.00000 -22.00000 -106.00000
v -22.00000 -22.00000 -106.00000
v -22.00000 -22.00000 -106.00000
v -22.00000 -22.00000 -106.00000
v -22.00000 -22.00000 -106.00000
v -22.00000 -22.00000 -106.00000
v -22.00000 -22.00000 -106.00000
v -22.00000 -22.00000 -106.00000
v -22.00000 -22.00000 -106.00000
v -22.00000 -22.00000 -106.00000
v -22.00000 -22.00000 -106.00000
v -22.00000 -22.00000 -106.00000
v -22.00000 -22.00000 -106.00000
v -22.00000 -22.00000 -106.00000
v -22.00000 -22.00000 -106.00000
v -22.00000 -22.00000 -106.00000
v -22.00000 -22.00000 -106.00000
v -22.00000 -22.00000 -106.00000
v -22.00000 -22.00000 -106.00000
v -22.00000 -22.00000 -106.00000
f 3193 3194 3242
f 3193 3242 3241
f 3289 3337 3338
f 3289 3338 3290
f 3241 3242 3338
f 3241 3338 3337
f 3193 3289 3290
f 3193 3290 3194
f 3194 3195 3243
f 3194 3243 3242
f 3290 3338 3339
f 3290 3339 3291
f 3242 3243 3339
f 3242 3339 3338
f 3194 3290 3291
f 3194 3291 3195
f 3195 3196 3244
f 3195 3244 3243
f 3291 3339 3340
f 3291 3340 3292
f 3243 3244 3340
f 3243 3340 3339
f 3195 3291 3292
f 3195 3292 3196
f 3196 3197 3245
f 3196 3245 3244
f 3292 3340 3341
f 3292 3341 3293
f 3244 3245 3341
f 3244 3341 3340
f 3196 3292 3293
f 3196 3293 3197
f 3197 3198 3246
f 3197 3246 3245
f 3293 3341 3342
f 3293 3342 3294
f 3245 3246 3342
f 3245 3342 3341
f 3197 3293 3294
f 3197 3294 3198
f 3198 3199 3247
f 3198 3247 3246
f 3294 3342 3343
f 3294 3343 3295
f 3246 3247 3343
f 3246 3343 3342
f 3198 3294 3295
f 3198 3295 3199
f 3199 3200 3248
f 3199 3248 3247
f 3295 3343 3344
f 3295 3344 3296
f 3247 3248 3344
f 3247 3344 3343
f 3199 3295 3296
f 3199 3296 3200
f 3200 3201 3249
f 3200 3249 3248
f 3296 3344 3345
f 3296 3345 3297
f 3248 3249 3345
f 3248 3345 3344
f 3200 3296 3297
f 3200 3297 3201
f 3201 3202 3250
f 3201 3250 3249
f 3297 3345 3346
f 3297 3346 3298
f 3249 3250 3346
f 3249 3346 3345
f 3201 3297 3298
f 3201 3298 3202
f 3202 3203 3251
f 3202 3251 3250
f 3298 3346 3347
f 3298 3347 3299
f 3250 3251 3347
f 3250 3347 3346
f 3202 3298 3299
f 3202 3299 3203
f 3203 3204 3252
f 3203 3252 3251
f 3299 3347 3348
f 3299 3348 3300
f 3251 3252 3348
f 3251 3348 3347
f 3203 3299 3300
f 3203 3300 3204
f 3204 3205 3253
f 3204 3253 3252
f 3300 3348 3349
f 3300 3349 3301
f 3252 3253 3349
f 3252 3349 3348
f 3204 3300 3301
f 3204 3301 3205
f 3205 3206 3254
f 3205 3254 3253
f 3301 3349 3350
f 3301 3350 3302
f 3253 3254 3350
f 3253 3350 3349
f 3205 3301 3302
f 3205 3302 3206
f 3206 3207 3255
f 3206 3255 3254
f 3302 3350 3351
f 3302 3351 3303
f 3254 3255 3351
f 3254 3351 3350
f 3206 3302 3303
f 3206 3303 3207
f 3207 3208 3256
f 3207 3256 3255
f 3303 3351 3352
f 3303 3352 3304
f 3255 3256 3352
f 3255 3352 3351
f 3207 3303 3304
f 3207 3304 3208
f 3208 3209 3257
f 3208 3257 3256
f 3304 3352 3353
f 3304 3353 3305
f 3256 3257 3353
f 3256 3353 3352
f 3208 3304 3305
f 3208 3305 3209
f 3209 3210 3258
f 3209 3258 3257
f 3305 3353 3354
f 3305 3354 3306
f 3257 3258 3354
f 3257 3354 3353
f 3209 3305 3306
f 3209 3306 3210
f 3210 3211 3259
f 3210 3259 3258
f 3306 3354 3355
f 3306 3355 3307
f 3258 3259 3355
f 3258 3355 3354
f 3210 3306 3307
f 3210 3307 3211
f 3211 3212 3260
f 3211 3260 3259
f 3307 3355 3356
f 3307 3356 3308
f 3259 3260 3356
f 3259 3356 3355
f 3211 3307 3308
f 3211 3308 3212
f 3212 3213 3261
f 3212 3261 3260
f 3308 3356 3357
f 3308 3357 3309
f 3260 3261 3357
f 3260 3357 3356
f 3212 3308 3309
f 3212 3309 3213
f 3213 3214 3262
f 3213 3262 3261
f 3309 3357 3358
f 3309 3358 3310
f 3261 3262 3358
f 3261 3358 3357
f 3213 3309 3310
f 3213 3310 3214
f 3214 3215 3263
f 3214 3263 3262
f 3310 3358 3359
f 3310 3359 3311
f 3262 3263 3359
f 3262 3359 3358
f 3214 3310 3311
f 3214 3311 3215
f 3215 3216 3264
f 3215 3264 3263
f 3311 3359 3360
f 3311 3360 3312
f 3263 3264 3360
f 3263 3360 3359
f 3215 3311 3312
f 3215 3312 3216
f 3216 3217 3265
f 3216 3265 3264
f 3312 3360 3361
f 3312 3361 3313
f 3264 3265 3361
f 3264 3361 3360
f 3216 3312 3313
f 3216 3313 3217
f 3217 3218 3266
f 3217 3266 3265
f 3313 3361 3362
f 3313 3362 3314
f 3265 3266 3362
f 3265 3362 3361
f 3217 3313 3314
f 3217 3314 3218
f 3218 3219 3267
f 3218 3267 3266
f 3314 3362 3363
f 3314 3363 3315
f 3266 3267 3363
f 3266 3363 3362
f 3218 3314 3315
f 3218 3315 3219
f 3219 3220 3268
f 3219 3268 3267
f 3315 3363 3364
f 3315 3364 3316
f 3267 3268 3364
f 3267 3364 3363
f 3219 3315 3316
f 3219 3316 3220
f 3220 3221 3269
f 3220 3269 3268
f 3316 3364 3365
f 3316 3365 3317
f 3268 3269 3365
f 3268 3365 3364
f 3220 3316 3317
f 3220 3317 3221
f 3221 3222 3270
f 3221 3270 3269
f 3317 3365 3366
f 3317 3366 3318
f 3269 3270 3366
f 3269 3366 3365
f 3221 3317 3318
f 3221 3318 3222
f 3222 3223 3271
f 3222 3271 3270
f 3318 3366 3367
f 3318 3367 3319
f 3270 3271 3367
f 3270 3367 3366
f 3222 3318 3319
f 3222 3319 3223
f 3223 3224 3272
f 3223 3272 3271
f 3319 3367 3368
f 3319 3368 3320
f 3271 3272 3368
f 3271 3368 3367
f 3223 3319 3320
f 3223 3320 3224
f 3224 3225 3273
f 3224 3273 3272
f 3320 3368 3369
f 3320 3369 3321
f 3272 3273 3369
f 3272 3369 3368
f 3224 3320 3321
f 3224 3321 3225
f 3225 3226 3274
f 3225 3274 3273
f 3321 3369 3370
f 3321 3370 3322
f 3273 3274 3370
f 3273 3370 3369
f 3225 3321 3322
f 3225 3322 3226
f 3226 3227 3275
f 3226 3275 3274
f 3322 3370 3371
f 3322 3371 3323
f 3274 3275 3371
f 3274 3371 3370
f 3226 3322 3323
f 3226 3323 3227
f 3227 3228 3276
f 3227 3276 3275
f 3323 3371 3372
f 3323 3372 3324
f 3275 3276 3372
f 3275 3372 3371
f 3227 3323 3324
f 3227 3324 3228
f 3228 3229 3277
f 3228 3277 3276
f 3324 3372 3373
f 3324 3373 3325
f 3276 3277 3373
f 3276 3373 3372
f 3228 3324 3325
f 3228 3325 3229
f 3229 3230 3278
f 3229 3278 3277
f 3325 3373 3374
f 3325 3374 3326
f 3277 3278 3374
f 3277 3374 3373
f 3229 3325 3326
f 3229 3326 3230
f 3230 3231 3279
f 3230 3279 3278
f 3326 3374 3375
f 3326 3375 3327
f 3278 3279 3375
f 3278 3375 3374
f 3230 3326 3327
f 3230 3327 3231
f 3231 3232 3280
f 3231 3280 3279
f 3327 3375 3376
f 3327 3376 3328
f 3279 3280 3376
f 3279 3376 3375
f 3231 3327 3328
f 3231 3328 3232
f 3232 3233 3281
f 3232 3281 3280
f 3328 3376 3377
f 3328 3377 3329
f 3280 3281 3377
f 3280 3377 3376
f 3232 3328 3329
f 3232 3329 3233
f 3233 3234 3282
f 3233 3282 3281
f 3329 3377 3378
f 3329 3378 3330
f 3281 3282 3378
f 3281 3378 3377
f 3233 3329 3330
f 3233 3330 3234
f 3234 3235 3283
f 3234 3283 3282
f 3330 3378 3379
f 3330 3379 3331
f 3282 3283 3379
f 3282 3379 3378
f 3234 3330 3331
f 3234 3331 3235
f 3235 3236 3284
f 3235 3284 3283
f 3331 3379 3380
f 3331 3380 3332
f 3283 3284 3380
f 3283 3380 3379
f 3235 3331 3332
f 3235 3332 3236
f 3236 3237 3285
f 3236 3285 3284
f 3332 3380 3381
f 3332 3381 3333
f 3284 3285 3381
f 3284 3381 3380
f 3236 3332 3333
f 3236 3333 3237
f 3237 3238 3286
f 3237 3286 3285
f 3333 3381 3382
f 3333 3382 3334
f 3285 3286 3382
f 3285 3382 3381
f 3237 3333 3334
f 3237 3334 3238
f 3238 3239 3287
f 3238 3287 3286
f 3334 3382 3383
f 3334 3383 3335
f 3286 3287 3383
f 3286 3383 3382
f 3238 3334 3335
f 3238 3335 3239
f 3239 3240 3288
f 3239 3288 3287
f 3335 3383 3384
f 3335 3384 3336
f 3287 3288 3384
f 3287 3384 3383
f 3239 3335 3336
f 3239 3336 3240
f 3240 3193 3241
f 3240 3241 3288
f 3336 3384 3337
f 3336 3337 3289
f 3288 3241 3337
f 3288 3337 3384
f 3240 3336 3289
f 3240 3289 3193
o 10___pH_elektroda___prihvat
v 32.00000 -22.00000 -27.00000
v 27.00000 -13.33975 -27.00000
v 17.00000 -13.33975 -27.00000
v 12.00000 -22.00000 -27.00000
v 17.00000 -30.66025 -27.00000
v 27.00000 -30.66025 -27.00000
v 32.00000 -22.00000 -12.00000
v 27.00000 -13.33975 -12.00000
v 17.00000 -13.33975 -12.00000
v 12.00000 -22.00000 -12.00000
v 17.00000 -30.66025 -12.00000
v 27.00000 -30.66025 -12.00000
v 22.00000 -22.00000 -27.00000
v 22.00000 -22.00000 -27.00000
v 22.00000 -22.00000 -27.00000
v 22.00000 -22.00000 -27.00000
v 22.00000 -22.00000 -27.00000
v 22.00000 -22.00000 -27.00000
v 22.00000 -22.00000 -12.00000
v 22.00000 -22.00000 -12.00000
v 22.00000 -22.00000 -12.00000
v 22.00000 -22.00000 -12.00000
v 22.00000 -22.00000 -12.00000
v 22.00000 -22.00000 -12.00000
f 3385 3386 3392
f 3385 3392 3391
f 3397 3403 3404
f 3397 3404 3398
f 3391 3392 3404
f 3391 3404 3403
f 3385 3397 3398
f 3385 3398 3386
f 3386 3387 3393
f 3386 3393 3392
f 3398 3404 3405
f 3398 3405 3399
f 3392 3393 3405
f 3392 3405 3404
f 3386 3398 3399
f 3386 3399 3387
f 3387 3388 3394
f 3387 3394 3393
f 3399 3405 3406
f 3399 3406 3400
f 3393 3394 3406
f 3393 3406 3405
f 3387 3399 3400
f 3387 3400 3388
f 3388 3389 3395
f 3388 3395 3394
f 3400 3406 3407
f 3400 3407 3401
f 3394 3395 3407
f 3394 3407 3406
f 3388 3400 3401
f 3388 3401 3389
f 3389 3390 3396
f 3389 3396 3395
f 3401 3407 3408
f 3401 3408 3402
f 3395 3396 3408
f 3395 3408 3407
f 3389 3401 3402
f 3389 3402 3390
f 3390 3385 3391
f 3390 3391 3396
f 3402 3408 3403
f 3402 3403 3397
f 3396 3391 3403
f 3396 3403 3408
f 3390 3402 3397
f 3390 3397 3385
o 10___pH_elektroda
v 29.00000 -22.00000 -112.00000
v 28.94011 -21.08632 -112.00000
v 28.76148 -20.18827 -112.00000
v 28.46716 -19.32122 -112.00000
v 28.06218 -18.50000 -112.00000
v 27.55347 -17.73867 -112.00000
v 26.94975 -17.05025 -112.00000
v 26.26133 -16.44653 -112.00000
v 25.50000 -15.93782 -112.00000
v 24.67878 -15.53284 -112.00000
v 23.81173 -15.23852 -112.00000
v 22.91368 -15.05989 -112.00000
v 22.00000 -15.00000 -112.00000
v 21.08632 -15.05989 -112.00000
v 20.18827 -15.23852 -112.00000
v 19.32122 -15.53284 -112.00000
v 18.50000 -15.93782 -112.00000
v 17.73867 -16.44653 -112.00000
v 17.05025 -17.05025 -112.00000
v 16.44653 -17.73867 -112.00000
v 15.93782 -18.50000 -112.00000
v 15.53284 -19.32122 -112.00000
v 15.23852 -20.18827 -112.00000
v 15.05989 -21.08632 -112.00000
v 15.00000 -22.00000 -112.00000
v 15.05989 -22.91368 -112.00000
v 15.23852 -23.81173 -112.00000
v 15.53284 -24.67878 -112.00000
v 15.93782 -25.50000 -112.00000
v 16.44653 -26.26133 -112.00000
v 17.05025 -26.94975 -112.00000
v 17.73867 -27.55347 -112.00000
v 18.50000 -28.06218 -112.00000
v 19.32122 -28.46716 -112.00000
v 20.18827 -28.76148 -112.00000
v 21.08632 -28.94011 -112.00000
v 22.00000 -29.00000 -112.00000
v 22.91368 -28.94011 -112.00000
v 23.81173 -28.76148 -112.00000
v 24.67878 -28.46716 -112.00000
v 25.50000 -28.06218 -112.00000
v 26.26133 -27.55347 -112.00000
v 26.94975 -26.94975 -112.00000
v 27.55347 -26.26133 -112.00000
v 28.06218 -25.50000 -112.00000
v 28.46716 -24.67878 -112.00000
v 28.76148 -23.81173 -112.00000
v 28.94011 -22.91368 -112.00000
v 29.00000 -22.00000 -27.00000
v 28.94011 -21.08632 -27.00000
v 28.76148 -20.18827 -27.00000
v 28.46716 -19.32122 -27.00000
v 28.06218 -18.50000 -27.00000
v 27.55347 -17.73867 -27.00000
v 26.94975 -17.05025 -27.00000
v 26.26133 -16.44653 -27.00000
v 25.50000 -15.93782 -27.00000
v 24.67878 -15.53284 -27.00000
v 23.81173 -15.23852 -27.00000
v 22.91368 -15.05989 -27.00000
v 22.00000 -15.00000 -27.00000
v 21.08632 -15.05989 -27.00000
v 20.18827 -15.23852 -27.00000
v 19.32122 -15.53284 -27.00000
v 18.50000 -15.93782 -27.00000
v 17.73867 -16.44653 -27.00000
v 17.05025 -17.05025 -27.00000
v 16.44653 -17.73867 -27.00000
v 15.93782 -18.50000 -27.00000
v 15.53284 -19.32122 -27.00000
v 15.23852 -20.18827 -27.00000
v 15.05989 -21.08632 -27.00000
v 15.00000 -22.00000 -27.00000
v 15.05989 -22.91368 -27.00000
v 15.23852 -23.81173 -27.00000
v 15.53284 -24.67878 -27.00000
v 15.93782 -25.50000 -27.00000
v 16.44653 -26.26133 -27.00000
v 17.05025 -26.94975 -27.00000
v 17.73867 -27.55347 -27.00000
v 18.50000 -28.06218 -27.00000
v 19.32122 -28.46716 -27.00000
v 20.18827 -28.76148 -27.00000
v 21.08632 -28.94011 -27.00000
v 22.00000 -29.00000 -27.00000
v 22.91368 -28.94011 -27.00000
v 23.81173 -28.76148 -27.00000
v 24.67878 -28.46716 -27.00000
v 25.50000 -28.06218 -27.00000
v 26.26133 -27.55347 -27.00000
v 26.94975 -26.94975 -27.00000
v 27.55347 -26.26133 -27.00000
v 28.06218 -25.50000 -27.00000
v 28.46716 -24.67878 -27.00000
v 28.76148 -23.81173 -27.00000
v 28.94011 -22.91368 -27.00000
v 22.00000 -22.00000 -112.00000
v 22.00000 -22.00000 -112.00000
v 22.00000 -22.00000 -112.00000
v 22.00000 -22.00000 -112.00000
v 22.00000 -22.00000 -112.00000
v 22.00000 -22.00000 -112.00000
v 22.00000 -22.00000 -112.00000
v 22.00000 -22.00000 -112.00000
v 22.00000 -22.00000 -112.00000
v 22.00000 -22.00000 -112.00000
v 22.00000 -22.00000 -112.00000
v 22.00000 -22.00000 -112.00000
v 22.00000 -22.00000 -112.00000
v 22.00000 -22.00000 -112.00000
v 22.00000 -22.00000 -112.00000
v 22.00000 -22.00000 -112.00000
v 22.00000 -22.00000 -112.00000
v 22.00000 -22.00000 -112.00000
v 22.00000 -22.00000 -112.00000
v 22.00000 -22.00000 -112.00000
v 22.00000 -22.00000 -112.00000
v 22.00000 -22.00000 -112.00000
v 22.00000 -22.00000 -112.00000
v 22.00000 -22.00000 -112.00000
v 22.00000 -22.00000 -112.00000
v 22.00000 -22.00000 -112.00000
v 22.00000 -22.00000 -112.00000
v 22.00000 -22.00000 -112.00000
v 22.00000 -22.00000 -112.00000
v 22.00000 -22.00000 -112.00000
v 22.00000 -22.00000 -112.00000
v 22.00000 -22.00000 -112.00000
v 22.00000 -22.00000 -112.00000
v 22.00000 -22.00000 -112.00000
v 22.00000 -22.00000 -112.00000
v 22.00000 -22.00000 -112.00000
v 22.00000 -22.00000 -112.00000
v 22.00000 -22.00000 -112.00000
v 22.00000 -22.00000 -112.00000
v 22.00000 -22.00000 -112.00000
v 22.00000 -22.00000 -112.00000
v 22.00000 -22.00000 -112.00000
v 22.00000 -22.00000 -112.00000
v 22.00000 -22.00000 -112.00000
v 22.00000 -22.00000 -112.00000
v 22.00000 -22.00000 -112.00000
v 22.00000 -22.00000 -112.00000
v 22.00000 -22.00000 -112.00000
v 22.00000 -22.00000 -27.00000
v 22.00000 -22.00000 -27.00000
v 22.00000 -22.00000 -27.00000
v 22.00000 -22.00000 -27.00000
v 22.00000 -22.00000 -27.00000
v 22.00000 -22.00000 -27.00000
v 22.00000 -22.00000 -27.00000
v 22.00000 -22.00000 -27.00000
v 22.00000 -22.00000 -27.00000
v 22.00000 -22.00000 -27.00000
v 22.00000 -22.00000 -27.00000
v 22.00000 -22.00000 -27.00000
v 22.00000 -22.00000 -27.00000
v 22.00000 -22.00000 -27.00000
v 22.00000 -22.00000 -27.00000
v 22.00000 -22.00000 -27.00000
v 22.00000 -22.00000 -27.00000
v 22.00000 -22.00000 -27.00000
v 22.00000 -22.00000 -27.00000
v 22.00000 -22.00000 -27.00000
v 22.00000 -22.00000 -27.00000
v 22.00000 -22.00000 -27.00000
v 22.00000 -22.00000 -27.00000
v 22.00000 -22.00000 -27.00000
v 22.00000 -22.00000 -27.00000
v 22.00000 -22.00000 -27.00000
v 22.00000 -22.00000 -27.00000
v 22.00000 -22.00000 -27.00000
v 22.00000 -22.00000 -27.00000
v 22.00000 -22.00000 -27.00000
v 22.00000 -22.00000 -27.00000
v 22.00000 -22.00000 -27.00000
v 22.00000 -22.00000 -27.00000
v 22.00000 -22.00000 -27.00000
v 22.00000 -22.00000 -27.00000
v 22.00000 -22.00000 -27.00000
v 22.00000 -22.00000 -27.00000
v 22.00000 -22.00000 -27.00000
v 22.00000 -22.00000 -27.00000
v 22.00000 -22.00000 -27.00000
v 22.00000 -22.00000 -27.00000
v 22.00000 -22.00000 -27.00000
v 22.00000 -22.00000 -27.00000
v 22.00000 -22.00000 -27.00000
v 22.00000 -22.00000 -27.00000
v 22.00000 -22.00000 -27.00000
v 22.00000 -22.00000 -27.00000
v 22.00000 -22.00000 -27.00000
f 3409 3410 3458
f 3409 3458 3457
f 3505 3553 3554
f 3505 3554 3506
f 3457 3458 3554
f 3457 3554 3553
f 3409 3505 3506
f 3409 3506 3410
f 3410 3411 3459
f 3410 3459 3458
f 3506 3554 3555
f 3506 3555 3507
f 3458 3459 3555
f 3458 3555 3554
f 3410 3506 3507
f 3410 3507 3411
f 3411 3412 3460
f 3411 3460 3459
f 3507 3555 3556
f 3507 3556 3508
f 3459 3460 3556
f 3459 3556 3555
f 3411 3507 3508
f 3411 3508 3412
f 3412 3413 3461
f 3412 3461 3460
f 3508 3556 3557
f 3508 3557 3509
f 3460 3461 3557
f 3460 3557 3556
f 3412 3508 3509
f 3412 3509 3413
f 3413 3414 3462
f 3413 3462 3461
f 3509 3557 3558
f 3509 3558 3510
f 3461 3462 3558
f 3461 3558 3557
f 3413 3509 3510
f 3413 3510 3414
f 3414 3415 3463
f 3414 3463 3462
f 3510 3558 3559
f 3510 3559 3511
f 3462 3463 3559
f 3462 3559 3558
f 3414 3510 3511
f 3414 3511 3415
f 3415 3416 3464
f 3415 3464 3463
f 3511 3559 3560
f 3511 3560 3512
f 3463 3464 3560
f 3463 3560 3559
f 3415 3511 3512
f 3415 3512 3416
f 3416 3417 3465
f 3416 3465 3464
f 3512 3560 3561
f 3512 3561 3513
f 3464 3465 3561
f 3464 3561 3560
f 3416 3512 3513
f 3416 3513 3417
f 3417 3418 3466
f 3417 3466 3465
f 3513 3561 3562
f 3513 3562 3514
f 3465 3466 3562
f 3465 3562 3561
f 3417 3513 3514
f 3417 3514 3418
f 3418 3419 3467
f 3418 3467 3466
f 3514 3562 3563
f 3514 3563 3515
f 3466 3467 3563
f 3466 3563 3562
f 3418 3514 3515
f 3418 3515 3419
f 3419 3420 3468
f 3419 3468 3467
f 3515 3563 3564
f 3515 3564 3516
f 3467 3468 3564
f 3467 3564 3563
f 3419 3515 3516
f 3419 3516 3420
f 3420 3421 3469
f 3420 3469 3468
f 3516 3564 3565
f 3516 3565 3517
f 3468 3469 3565
f 3468 3565 3564
f 3420 3516 3517
f 3420 3517 3421
f 3421 3422 3470
f 3421 3470 3469
f 3517 3565 3566
f 3517 3566 3518
f 3469 3470 3566
f 3469 3566 3565
f 3421 3517 3518
f 3421 3518 3422
f 3422 3423 3471
f 3422 3471 3470
f 3518 3566 3567
f 3518 3567 3519
f 3470 3471 3567
f 3470 3567 3566
f 3422 3518 3519
f 3422 3519 3423
f 3423 3424 3472
f 3423 3472 3471
f 3519 3567 3568
f 3519 3568 3520
f 3471 3472 3568
f 3471 3568 3567
f 3423 3519 3520
f 3423 3520 3424
f 3424 3425 3473
f 3424 3473 3472
f 3520 3568 3569
f 3520 3569 3521
f 3472 3473 3569
f 3472 3569 3568
f 3424 3520 3521
f 3424 3521 3425
f 3425 3426 3474
f 3425 3474 3473
f 3521 3569 3570
f 3521 3570 3522
f 3473 3474 3570
f 3473 3570 3569
f 3425 3521 3522
f 3425 3522 3426
f 3426 3427 3475
f 3426 3475 3474
f 3522 3570 3571
f 3522 3571 3523
f 3474 3475 3571
f 3474 3571 3570
f 3426 3522 3523
f 3426 3523 3427
f 3427 3428 3476
f 3427 3476 3475
f 3523 3571 3572
f 3523 3572 3524
f 3475 3476 3572
f 3475 3572 3571
f 3427 3523 3524
f 3427 3524 3428
f 3428 3429 3477
f 3428 3477 3476
f 3524 3572 3573
f 3524 3573 3525
f 3476 3477 3573
f 3476 3573 3572
f 3428 3524 3525
f 3428 3525 3429
f 3429 3430 3478
f 3429 3478 3477
f 3525 3573 3574
f 3525 3574 3526
f 3477 3478 3574
f 3477 3574 3573
f 3429 3525 3526
f 3429 3526 3430
f 3430 3431 3479
f 3430 3479 3478
f 3526 3574 3575
f 3526 3575 3527
f 3478 3479 3575
f 3478 3575 3574
f 3430 3526 3527
f 3430 3527 3431
f 3431 3432 3480
f 3431 3480 3479
f 3527 3575 3576
f 3527 3576 3528
f 3479 3480 3576
f 3479 3576 3575
f 3431 3527 3528
f 3431 3528 3432
f 3432 3433 3481
f 3432 3481 3480
f 3528 3576 3577
f 3528 3577 3529
f 3480 3481 3577
f 3480 3577 3576
f 3432 3528 3529
f 3432 3529 3433
f 3433 3434 3482
f 3433 3482 3481
f 3529 3577 3578
f 3529 3578 3530
f 3481 3482 3578
f 3481 3578 3577
f 3433 3529 3530
f 3433 3530 3434
f 3434 3435 3483
f 3434 3483 3482
f 3530 3578 3579
f 3530 3579 3531
f 3482 3483 3579
f 3482 3579 3578
f 3434 3530 3531
f 3434 3531 3435
f 3435 3436 3484
f 3435 3484 3483
f 3531 3579 3580
f 3531 3580 3532
f 3483 3484 3580
f 3483 3580 3579
f 3435 3531 3532
f 3435 3532 3436
f 3436 3437 3485
f 3436 3485 3484
f 3532 3580 3581
f 3532 3581 3533
f 3484 3485 3581
f 3484 3581 3580
f 3436 3532 3533
f 3436 3533 3437
f 3437 3438 3486
f 3437 3486 3485
f 3533 3581 3582
f 3533 3582 3534
f 3485 3486 3582
f 3485 3582 3581
f 3437 3533 3534
f 3437 3534 3438
f 3438 3439 3487
f 3438 3487 3486
f 3534 3582 3583
f 3534 3583 3535
f 3486 3487 3583
f 3486 3583 3582
f 3438 3534 3535
f 3438 3535 3439
f 3439 3440 3488
f 3439 3488 3487
f 3535 3583 3584
f 3535 3584 3536
f 3487 3488 3584
f 3487 3584 3583
f 3439 3535 3536
f 3439 3536 3440
f 3440 3441 3489
f 3440 3489 3488
f 3536 3584 3585
f 3536 3585 3537
f 3488 3489 3585
f 3488 3585 3584
f 3440 3536 3537
f 3440 3537 3441
f 3441 3442 3490
f 3441 3490 3489
f 3537 3585 3586
f 3537 3586 3538
f 3489 3490 3586
f 3489 3586 3585
f 3441 3537 3538
f 3441 3538 3442
f 3442 3443 3491
f 3442 3491 3490
f 3538 3586 3587
f 3538 3587 3539
f 3490 3491 3587
f 3490 3587 3586
f 3442 3538 3539
f 3442 3539 3443
f 3443 3444 3492
f 3443 3492 3491
f 3539 3587 3588
f 3539 3588 3540
f 3491 3492 3588
f 3491 3588 3587
f 3443 3539 3540
f 3443 3540 3444
f 3444 3445 3493
f 3444 3493 3492
f 3540 3588 3589
f 3540 3589 3541
f 3492 3493 3589
f 3492 3589 3588
f 3444 3540 3541
f 3444 3541 3445
f 3445 3446 3494
f 3445 3494 3493
f 3541 3589 3590
f 3541 3590 3542
f 3493 3494 3590
f 3493 3590 3589
f 3445 3541 3542
f 3445 3542 3446
f 3446 3447 3495
f 3446 3495 3494
f 3542 3590 3591
f 3542 3591 3543
f 3494 3495 3591
f 3494 3591 3590
f 3446 3542 3543
f 3446 3543 3447
f 3447 3448 3496
f 3447 3496 3495
f 3543 3591 3592
f 3543 3592 3544
f 3495 3496 3592
f 3495 3592 3591
f 3447 3543 3544
f 3447 3544 3448
f 3448 3449 3497
f 3448 3497 3496
f 3544 3592 3593
f 3544 3593 3545
f 3496 3497 3593
f 3496 3593 3592
f 3448 3544 3545
f 3448 3545 3449
f 3449 3450 3498
f 3449 3498 3497
f 3545 3593 3594
f 3545 3594 3546
f 3497 3498 3594
f 3497 3594 3593
f 3449 3545 3546
f 3449 3546 3450
f 3450 3451 3499
f 3450 3499 3498
f 3546 3594 3595
f 3546 3595 3547
f 3498 3499 3595
f 3498 3595 3594
f 3450 3546 3547
f 3450 3547 3451
f 3451 3452 3500
f 3451 3500 3499
f 3547 3595 3596
f 3547 3596 3548
f 3499 3500 3596
f 3499 3596 3595
f 3451 3547 3548
f 3451 3548 3452
f 3452 3453 3501
f 3452 3501 3500
f 3548 3596 3597
f 3548 3597 3549
f 3500 3501 3597
f 3500 3597 3596
f 3452 3548 3549
f 3452 3549 3453
f 3453 3454 3502
f 3453 3502 3501
f 3549 3597 3598
f 3549 3598 3550
f 3501 3502 3598
f 3501 3598 3597
f 3453 3549 3550
f 3453 3550 3454
f 3454 3455 3503
f 3454 3503 3502
f 3550 3598 3599
f 3550 3599 3551
f 3502 3503 3599
f 3502 3599 3598
f 3454 3550 3551
f 3454 3551 3455
f 3455 3456 3504
f 3455 3504 3503
f 3551 3599 3600
f 3551 3600 3552
f 3503 3504 3600
f 3503 3600 3599
f 3455 3551 3552
f 3455 3552 3456
f 3456 3409 3457
f 3456 3457 3504
f 3552 3600 3553
f 3552 3553 3505
f 3504 3457 3553
f 3504 3553 3600
f 3456 3552 3505
f 3456 3505 3409
o 10___pH_elektroda___merna_površina
v 27.95000 -22.00000 -116.00000
v 27.89910 -21.22337 -116.00000
v 27.74726 -20.46003 -116.00000
v 27.49708 -19.72303 -116.00000
v 27.15285 -19.02500 -116.00000
v 26.72045 -18.37787 -116.00000
v 26.20729 -17.79271 -116.00000
v 25.62213 -17.27955 -116.00000
v 24.97500 -16.84715 -116.00000
v 24.27697 -16.50292 -116.00000
v 23.53997 -16.25274 -116.00000
v 22.77663 -16.10090 -116.00000
v 22.00000 -16.05000 -116.00000
v 21.22337 -16.10090 -116.00000
v 20.46003 -16.25274 -116.00000
v 19.72303 -16.50292 -116.00000
v 19.02500 -16.84715 -116.00000
v 18.37787 -17.27955 -116.00000
v 17.79271 -17.79271 -116.00000
v 17.27955 -18.37787 -116.00000
v 16.84715 -19.02500 -116.00000
v 16.50292 -19.72303 -116.00000
v 16.25274 -20.46003 -116.00000
v 16.10090 -21.22337 -116.00000
v 16.05000 -22.00000 -116.00000
v 16.10090 -22.77663 -116.00000
v 16.25274 -23.53997 -116.00000
v 16.50292 -24.27697 -116.00000
v 16.84715 -24.97500 -116.00000
v 17.27955 -25.62213 -116.00000
v 17.79271 -26.20729 -116.00000
v 18.37787 -26.72045 -116.00000
v 19.02500 -27.15285 -116.00000
v 19.72303 -27.49708 -116.00000
v 20.46003 -27.74726 -116.00000
v 21.22337 -27.89910 -116.00000
v 22.00000 -27.95000 -116.00000
v 22.77663 -27.89910 -116.00000
v 23.53997 -27.74726 -116.00000
v 24.27697 -27.49708 -116.00000
v 24.97500 -27.15285 -116.00000
v 25.62213 -26.72045 -116.00000
v 26.20729 -26.20729 -116.00000
v 26.72045 -25.62213 -116.00000
v 27.15285 -24.97500 -116.00000
v 27.49708 -24.27697 -116.00000
v 27.74726 -23.53997 -116.00000
v 27.89910 -22.77663 -116.00000
v 27.95000 -22.00000 -112.00000
v 27.89910 -21.22337 -112.00000
v 27.74726 -20.46003 -112.00000
v 27.49708 -19.72303 -112.00000
v 27.15285 -19.02500 -112.00000
v 26.72045 -18.37787 -112.00000
v 26.20729 -17.79271 -112.00000
v 25.62213 -17.27955 -112.00000
v 24.97500 -16.84715 -112.00000
v 24.27697 -16.50292 -112.00000
v 23.53997 -16.25274 -112.00000
v 22.77663 -16.10090 -112.00000
v 22.00000 -16.05000 -112.00000
v 21.22337 -16.10090 -112.00000
v 20.46003 -16.25274 -112.00000
v 19.72303 -16.50292 -112.00000
v 19.02500 -16.84715 -112.00000
v 18.37787 -17.27955 -112.00000
v 17.79271 -17.79271 -112.00000
v 17.27955 -18.37787 -112.00000
v 16.84715 -19.02500 -112.00000
v 16.50292 -19.72303 -112.00000
v 16.25274 -20.46003 -112.00000
v 16.10090 -21.22337 -112.00000
v 16.05000 -22.00000 -112.00000
v 16.10090 -22.77663 -112.00000
v 16.25274 -23.53997 -112.00000
v 16.50292 -24.27697 -112.00000
v 16.84715 -24.97500 -112.00000
v 17.27955 -25.62213 -112.00000
v 17.79271 -26.20729 -112.00000
v 18.37787 -26.72045 -112.00000
v 19.02500 -27.15285 -112.00000
v 19.72303 -27.49708 -112.00000
v 20.46003 -27.74726 -112.00000
v 21.22337 -27.89910 -112.00000
v 22.00000 -27.95000 -112.00000
v 22.77663 -27.89910 -112.00000
v 23.53997 -27.74726 -112.00000
v 24.27697 -27.49708 -112.00000
v 24.97500 -27.15285 -112.00000
v 25.62213 -26.72045 -112.00000
v 26.20729 -26.20729 -112.00000
v 26.72045 -25.62213 -112.00000
v 27.15285 -24.97500 -112.00000
v 27.49708 -24.27697 -112.00000
v 27.74726 -23.53997 -112.00000
v 27.89910 -22.77663 -112.00000
v 22.00000 -22.00000 -116.00000
v 22.00000 -22.00000 -116.00000
v 22.00000 -22.00000 -116.00000
v 22.00000 -22.00000 -116.00000
v 22.00000 -22.00000 -116.00000
v 22.00000 -22.00000 -116.00000
v 22.00000 -22.00000 -116.00000
v 22.00000 -22.00000 -116.00000
v 22.00000 -22.00000 -116.00000
v 22.00000 -22.00000 -116.00000
v 22.00000 -22.00000 -116.00000
v 22.00000 -22.00000 -116.00000
v 22.00000 -22.00000 -116.00000
v 22.00000 -22.00000 -116.00000
v 22.00000 -22.00000 -116.00000
v 22.00000 -22.00000 -116.00000
v 22.00000 -22.00000 -116.00000
v 22.00000 -22.00000 -116.00000
v 22.00000 -22.00000 -116.00000
v 22.00000 -22.00000 -116.00000
v 22.00000 -22.00000 -116.00000
v 22.00000 -22.00000 -116.00000
v 22.00000 -22.00000 -116.00000
v 22.00000 -22.00000 -116.00000
v 22.00000 -22.00000 -116.00000
v 22.00000 -22.00000 -116.00000
v 22.00000 -22.00000 -116.00000
v 22.00000 -22.00000 -116.00000
v 22.00000 -22.00000 -116.00000
v 22.00000 -22.00000 -116.00000
v 22.00000 -22.00000 -116.00000
v 22.00000 -22.00000 -116.00000
v 22.00000 -22.00000 -116.00000
v 22.00000 -22.00000 -116.00000
v 22.00000 -22.00000 -116.00000
v 22.00000 -22.00000 -116.00000
v 22.00000 -22.00000 -116.00000
v 22.00000 -22.00000 -116.00000
v 22.00000 -22.00000 -116.00000
v 22.00000 -22.00000 -116.00000
v 22.00000 -22.00000 -116.00000
v 22.00000 -22.00000 -116.00000
v 22.00000 -22.00000 -116.00000
v 22.00000 -22.00000 -116.00000
v 22.00000 -22.00000 -116.00000
v 22.00000 -22.00000 -116.00000
v 22.00000 -22.00000 -116.00000
v 22.00000 -22.00000 -116.00000
v 22.00000 -22.00000 -112.00000
v 22.00000 -22.00000 -112.00000
v 22.00000 -22.00000 -112.00000
v 22.00000 -22.00000 -112.00000
v 22.00000 -22.00000 -112.00000
v 22.00000 -22.00000 -112.00000
v 22.00000 -22.00000 -112.00000
v 22.00000 -22.00000 -112.00000
v 22.00000 -22.00000 -112.00000
v 22.00000 -22.00000 -112.00000
v 22.00000 -22.00000 -112.00000
v 22.00000 -22.00000 -112.00000
v 22.00000 -22.00000 -112.00000
v 22.00000 -22.00000 -112.00000
v 22.00000 -22.00000 -112.00000
v 22.00000 -22.00000 -112.00000
v 22.00000 -22.00000 -112.00000
v 22.00000 -22.00000 -112.00000
v 22.00000 -22.00000 -112.00000
v 22.00000 -22.00000 -112.00000
v 22.00000 -22.00000 -112.00000
v 22.00000 -22.00000 -112.00000
v 22.00000 -22.00000 -112.00000
v 22.00000 -22.00000 -112.00000
v 22.00000 -22.00000 -112.00000
v 22.00000 -22.00000 -112.00000
v 22.00000 -22.00000 -112.00000
v 22.00000 -22.00000 -112.00000
v 22.00000 -22.00000 -112.00000
v 22.00000 -22.00000 -112.00000
v 22.00000 -22.00000 -112.00000
v 22.00000 -22.00000 -112.00000
v 22.00000 -22.00000 -112.00000
v 22.00000 -22.00000 -112.00000
v 22.00000 -22.00000 -112.00000
v 22.00000 -22.00000 -112.00000
v 22.00000 -22.00000 -112.00000
v 22.00000 -22.00000 -112.00000
v 22.00000 -22.00000 -112.00000
v 22.00000 -22.00000 -112.00000
v 22.00000 -22.00000 -112.00000
v 22.00000 -22.00000 -112.00000
v 22.00000 -22.00000 -112.00000
v 22.00000 -22.00000 -112.00000
v 22.00000 -22.00000 -112.00000
v 22.00000 -22.00000 -112.00000
v 22.00000 -22.00000 -112.00000
v 22.00000 -22.00000 -112.00000
f 3601 3602 3650
f 3601 3650 3649
f 3697 3745 3746
f 3697 3746 3698
f 3649 3650 3746
f 3649 3746 3745
f 3601 3697 3698
f 3601 3698 3602
f 3602 3603 3651
f 3602 3651 3650
f 3698 3746 3747
f 3698 3747 3699
f 3650 3651 3747
f 3650 3747 3746
f 3602 3698 3699
f 3602 3699 3603
f 3603 3604 3652
f 3603 3652 3651
f 3699 3747 3748
f 3699 3748 3700
f 3651 3652 3748
f 3651 3748 3747
f 3603 3699 3700
f 3603 3700 3604
f 3604 3605 3653
f 3604 3653 3652
f 3700 3748 3749
f 3700 3749 3701
f 3652 3653 3749
f 3652 3749 3748
f 3604 3700 3701
f 3604 3701 3605
f 3605 3606 3654
f 3605 3654 3653
f 3701 3749 3750
f 3701 3750 3702
f 3653 3654 3750
f 3653 3750 3749
f 3605 3701 3702
f 3605 3702 3606
f 3606 3607 3655
f 3606 3655 3654
f 3702 3750 3751
f 3702 3751 3703
f 3654 3655 3751
f 3654 3751 3750
f 3606 3702 3703
f 3606 3703 3607
f 3607 3608 3656
f 3607 3656 3655
f 3703 3751 3752
f 3703 3752 3704
f 3655 3656 3752
f 3655 3752 3751
f 3607 3703 3704
f 3607 3704 3608
f 3608 3609 3657
f 3608 3657 3656
f 3704 3752 3753
f 3704 3753 3705
f 3656 3657 3753
f 3656 3753 3752
f 3608 3704 3705
f 3608 3705 3609
f 3609 3610 3658
f 3609 3658 3657
f 3705 3753 3754
f 3705 3754 3706
f 3657 3658 3754
f 3657 3754 3753
f 3609 3705 3706
f 3609 3706 3610
f 3610 3611 3659
f 3610 3659 3658
f 3706 3754 3755
f 3706 3755 3707
f 3658 3659 3755
f 3658 3755 3754
f 3610 3706 3707
f 3610 3707 3611
f 3611 3612 3660
f 3611 3660 3659
f 3707 3755 3756
f 3707 3756 3708
f 3659 3660 3756
f 3659 3756 3755
f 3611 3707 3708
f 3611 3708 3612
f 3612 3613 3661
f 3612 3661 3660
f 3708 3756 3757
f 3708 3757 3709
f 3660 3661 3757
f 3660 3757 3756
f 3612 3708 3709
f 3612 3709 3613
f 3613 3614 3662
f 3613 3662 3661
f 3709 3757 3758
f 3709 3758 3710
f 3661 3662 3758
f 3661 3758 3757
f 3613 3709 3710
f 3613 3710 3614
f 3614 3615 3663
f 3614 3663 3662
f 3710 3758 3759
f 3710 3759 3711
f 3662 3663 3759
f 3662 3759 3758
f 3614 3710 3711
f 3614 3711 3615
f 3615 3616 3664
f 3615 3664 3663
f 3711 3759 3760
f 3711 3760 3712
f 3663 3664 3760
f 3663 3760 3759
f 3615 3711 3712
f 3615 3712 3616
f 3616 3617 3665
f 3616 3665 3664
f 3712 3760 3761
f 3712 3761 3713
f 3664 3665 3761
f 3664 3761 3760
f 3616 3712 3713
f 3616 3713 3617
f 3617 3618 3666
f 3617 3666 3665
f 3713 3761 3762
f 3713 3762 3714
f 3665 3666 3762
f 3665 3762 3761
f 3617 3713 3714
f 3617 3714 3618
f 3618 3619 3667
f 3618 3667 3666
f 3714 3762 3763
f 3714 3763 3715
f 3666 3667 3763
f 3666 3763 3762
f 3618 3714 3715
f 3618 3715 3619
f 3619 3620 3668
f 3619 3668 3667
f 3715 3763 3764
f 3715 3764 3716
f 3667 3668 3764
f 3667 3764 3763
f 3619 3715 3716
f 3619 3716 3620
f 3620 3621 3669
f 3620 3669 3668
f 3716 3764 3765
f 3716 3765 3717
f 3668 3669 3765
f 3668 3765 3764
f 3620 3716 3717
f 3620 3717 3621
f 3621 3622 3670
f 3621 3670 3669
f 3717 3765 3766
f 3717 3766 3718
f 3669 3670 3766
f 3669 3766 3765
f 3621 3717 3718
f 3621 3718 3622
f 3622 3623 3671
f 3622 3671 3670
f 3718 3766 3767
f 3718 3767 3719
f 3670 3671 3767
f 3670 3767 3766
f 3622 3718 3719
f 3622 3719 3623
f 3623 3624 3672
f 3623 3672 3671
f 3719 3767 3768
f 3719 3768 3720
f 3671 3672 3768
f 3671 3768 3767
f 3623 3719 3720
f 3623 3720 3624
f 3624 3625 3673
f 3624 3673 3672
f 3720 3768 3769
f 3720 3769 3721
f 3672 3673 3769
f 3672 3769 3768
f 3624 3720 3721
f 3624 3721 3625
f 3625 3626 3674
f 3625 3674 3673
f 3721 3769 3770
f 3721 3770 3722
f 3673 3674 3770
f 3673 3770 3769
f 3625 3721 3722
f 3625 3722 3626
f 3626 3627 3675
f 3626 3675 3674
f 3722 3770 3771
f 3722 3771 3723
f 3674 3675 3771
f 3674 3771 3770
f 3626 3722 3723
f 3626 3723 3627
f 3627 3628 3676
f 3627 3676 3675
f 3723 3771 3772
f 3723 3772 3724
f 3675 3676 3772
f 3675 3772 3771
f 3627 3723 3724
f 3627 3724 3628
f 3628 3629 3677
f 3628 3677 3676
f 3724 3772 3773
f 3724 3773 3725
f 3676 3677 3773
f 3676 3773 3772
f 3628 3724 3725
f 3628 3725 3629
f 3629 3630 3678
f 3629 3678 3677
f 3725 3773 3774
f 3725 3774 3726
f 3677 3678 3774
f 3677 3774 3773
f 3629 3725 3726
f 3629 3726 3630
f 3630 3631 3679
f 3630 3679 3678
f 3726 3774 3775
f 3726 3775 3727
f 3678 3679 3775
f 3678 3775 3774
f 3630 3726 3727
f 3630 3727 3631
f 3631 3632 3680
f 3631 3680 3679
f 3727 3775 3776
f 3727 3776 3728
f 3679 3680 3776
f 3679 3776 3775
f 3631 3727 3728
f 3631 3728 3632
f 3632 3633 3681
f 3632 3681 3680
f 3728 3776 3777
f 3728 3777 3729
f 3680 3681 3777
f 3680 3777 3776
f 3632 3728 3729
f 3632 3729 3633
f 3633 3634 3682
f 3633 3682 3681
f 3729 3777 3778
f 3729 3778 3730
f 3681 3682 3778
f 3681 3778 3777
f 3633 3729 3730
f 3633 3730 3634
f 3634 3635 3683
f 3634 3683 3682
f 3730 3778 3779
f 3730 3779 3731
f 3682 3683 3779
f 3682 3779 3778
f 3634 3730 3731
f 3634 3731 3635
f 3635 3636 3684
f 3635 3684 3683
f 3731 3779 3780
f 3731 3780 3732
f 3683 3684 3780
f 3683 3780 3779
f 3635 3731 3732
f 3635 3732 3636
f 3636 3637 3685
f 3636 3685 3684
f 3732 3780 3781
f 3732 3781 3733
f 3684 3685 3781
f 3684 3781 3780
f 3636 3732 3733
f 3636 3733 3637
f 3637 3638 3686
f 3637 3686 3685
f 3733 3781 3782
f 3733 3782 3734
f 3685 3686 3782
f 3685 3782 3781
f 3637 3733 3734
f 3637 3734 3638
f 3638 3639 3687
f 3638 3687 3686
f 3734 3782 3783
f 3734 3783 3735
f 3686 3687 3783
f 3686 3783 3782
f 3638 3734 3735
f 3638 3735 3639
f 3639 3640 3688
f 3639 3688 3687
f 3735 3783 3784
f 3735 3784 3736
f 3687 3688 3784
f 3687 3784 3783
f 3639 3735 3736
f 3639 3736 3640
f 3640 3641 3689
f 3640 3689 3688
f 3736 3784 3785
f 3736 3785 3737
f 3688 3689 3785
f 3688 3785 3784
f 3640 3736 3737
f 3640 3737 3641
f 3641 3642 3690
f 3641 3690 3689
f 3737 3785 3786
f 3737 3786 3738
f 3689 3690 3786
f 3689 3786 3785
f 3641 3737 3738
f 3641 3738 3642
f 3642 3643 3691
f 3642 3691 3690
f 3738 3786 3787
f 3738 3787 3739
f 3690 3691 3787
f 3690 3787 3786
f 3642 3738 3739
f 3642 3739 3643
f 3643 3644 3692
f 3643 3692 3691
f 3739 3787 3788
f 3739 3788 3740
f 3691 3692 3788
f 3691 3788 3787
f 3643 3739 3740
f 3643 3740 3644
f 3644 3645 3693
f 3644 3693 3692
f 3740 3788 3789
f 3740 3789 3741
f 3692 3693 3789
f 3692 3789 3788
f 3644 3740 3741
f 3644 3741 3645
f 3645 3646 3694
f 3645 3694 3693
f 3741 3789 3790
f 3741 3790 3742
f 3693 3694 3790
f 3693 3790 3789
f 3645 3741 3742
f 3645 3742 3646
f 3646 3647 3695
f 3646 3695 3694
f 3742 3790 3791
f 3742 3791 3743
f 3694 3695 3791
f 3694 3791 3790
f 3646 3742 3743
f 3646 3743 3647
f 3647 3648 3696
f 3647 3696 3695
f 3743 3791 3792
f 3743 3792 3744
f 3695 3696 3792
f 3695 3792 3791
f 3647 3743 3744
f 3647 3744 3648
f 3648 3601 3649
f 3648 3649 3696
f 3744 3792 3745
f 3744 3745 3697
f 3696 3649 3745
f 3696 3745 3792
f 3648 3744 3697
f 3648 3697 3601
o 11___Provodljivost___prihvat
v 35.00000 22.00000 -27.00000
v 28.50000 33.25833 -27.00000
v 15.50000 33.25833 -27.00000
v 9.00000 22.00000 -27.00000
v 15.50000 10.74167 -27.00000
v 28.50000 10.74167 -27.00000
v 35.00000 22.00000 -12.00000
v 28.50000 33.25833 -12.00000
v 15.50000 33.25833 -12.00000
v 9.00000 22.00000 -12.00000
v 15.50000 10.74167 -12.00000
v 28.50000 10.74167 -12.00000
v 22.00000 22.00000 -27.00000
v 22.00000 22.00000 -27.00000
v 22.00000 22.00000 -27.00000
v 22.00000 22.00000 -27.00000
v 22.00000 22.00000 -27.00000
v 22.00000 22.00000 -27.00000
v 22.00000 22.00000 -12.00000
v 22.00000 22.00000 -12.00000
v 22.00000 22.00000 -12.00000
v 22.00000 22.00000 -12.00000
v 22.00000 22.00000 -12.00000
v 22.00000 22.00000 -12.00000
f 3793 3794 3800
f 3793 3800 3799
f 3805 3811 3812
f 3805 3812 3806
f 3799 3800 3812
f 3799 3812 3811
f 3793 3805 3806
f 3793 3806 3794
f 3794 3795 3801
f 3794 3801 3800
f 3806 3812 3813
f 3806 3813 3807
f 3800 3801 3813
f 3800 3813 3812
f 3794 3806 3807
f 3794 3807 3795
f 3795 3796 3802
f 3795 3802 3801
f 3807 3813 3814
f 3807 3814 3808
f 3801 3802 3814
f 3801 3814 3813
f 3795 3807 3808
f 3795 3808 3796
f 3796 3797 3803
f 3796 3803 3802
f 3808 3814 3815
f 3808 3815 3809
f 3802 3803 3815
f 3802 3815 3814
f 3796 3808 3809
f 3796 3809 3797
f 3797 3798 3804
f 3797 3804 3803
f 3809 3815 3816
f 3809 3816 3810
f 3803 3804 3816
f 3803 3816 3815
f 3797 3809 3810
f 3797 3810 3798
f 3798 3793 3799
f 3798 3799 3804
f 3810 3816 3811
f 3810 3811 3805
f 3804 3799 3811
f 3804 3811 3816
f 3798 3810 3805
f 3798 3805 3793
o 11___Provodljivost
v 32.00000 22.00000 -96.00000
v 31.91445 23.30526 -96.00000
v 31.65926 24.58819 -96.00000
v 31.23880 25.82683 -96.00000
v 30.66025 27.00000 -96.00000
v 29.93353 28.08761 -96.00000
v 29.07107 29.07107 -96.00000
v 28.08761 29.93353 -96.00000
v 27.00000 30.66025 -96.00000
v 25.82683 31.23880 -96.00000
v 24.58819 31.65926 -96.00000
v 23.30526 31.91445 -96.00000
v 22.00000 32.00000 -96.00000
v 20.69474 31.91445 -96.00000
v 19.41181 31.65926 -96.00000
v 18.17317 31.23880 -96.00000
v 17.00000 30.66025 -96.00000
v 15.91239 29.93353 -96.00000
v 14.92893 29.07107 -96.00000
v 14.06647 28.08761 -96.00000
v 13.33975 27.00000 -96.00000
v 12.76120 25.82683 -96.00000
v 12.34074 24.58819 -96.00000
v 12.08555 23.30526 -96.00000
v 12.00000 22.00000 -96.00000
v 12.08555 20.69474 -96.00000
v 12.34074 19.41181 -96.00000
v 12.76120 18.17317 -96.00000
v 13.33975 17.00000 -96.00000
v 14.06647 15.91239 -96.00000
v 14.92893 14.92893 -96.00000
v 15.91239 14.06647 -96.00000
v 17.00000 13.33975 -96.00000
v 18.17317 12.76120 -96.00000
v 19.41181 12.34074 -96.00000
v 20.69474 12.08555 -96.00000
v 22.00000 12.00000 -96.00000
v 23.30526 12.08555 -96.00000
v 24.58819 12.34074 -96.00000
v 25.82683 12.76120 -96.00000
v 27.00000 13.33975 -96.00000
v 28.08761 14.06647 -96.00000
v 29.07107 14.92893 -96.00000
v 29.93353 15.91239 -96.00000
v 30.66025 17.00000 -96.00000
v 31.23880 18.17317 -96.00000
v 31.65926 19.41181 -96.00000
v 31.91445 20.69474 -96.00000
v 32.00000 22.00000 -27.00000
v 31.91445 23.30526 -27.00000
v 31.65926 24.58819 -27.00000
v 31.23880 25.82683 -27.00000
v 30.66025 27.00000 -27.00000
v 29.93353 28.08761 -27.00000
v 29.07107 29.07107 -27.00000
v 28.08761 29.93353 -27.00000
v 27.00000 30.66025 -27.00000
v 25.82683 31.23880 -27.00000
v 24.58819 31.65926 -27.00000
v 23.30526 31.91445 -27.00000
v 22.00000 32.00000 -27.00000
v 20.69474 31.91445 -27.00000
v 19.41181 31.65926 -27.00000
v 18.17317 31.23880 -27.00000
v 17.00000 30.66025 -27.00000
v 15.91239 29.93353 -27.00000
v 14.92893 29.07107 -27.00000
v 14.06647 28.08761 -27.00000
v 13.33975 27.00000 -27.00000
v 12.76120 25.82683 -27.00000
v 12.34074 24.58819 -27.00000
v 12.08555 23.30526 -27.00000
v 12.00000 22.00000 -27.00000
v 12.08555 20.69474 -27.00000
v 12.34074 19.41181 -27.00000
v 12.76120 18.17317 -27.00000
v 13.33975 17.00000 -27.00000
v 14.06647 15.91239 -27.00000
v 14.92893 14.92893 -27.00000
v 15.91239 14.06647 -27.00000
v 17.00000 13.33975 -27.00000
v 18.17317 12.76120 -27.00000
v 19.41181 12.34074 -27.00000
v 20.69474 12.08555 -27.00000
v 22.00000 12.00000 -27.00000
v 23.30526 12.08555 -27.00000
v 24.58819 12.34074 -27.00000
v 25.82683 12.76120 -27.00000
v 27.00000 13.33975 -27.00000
v 28.08761 14.06647 -27.00000
v 29.07107 14.92893 -27.00000
v 29.93353 15.91239 -27.00000
v 30.66025 17.00000 -27.00000
v 31.23880 18.17317 -27.00000
v 31.65926 19.41181 -27.00000
v 31.91445 20.69474 -27.00000
v 22.00000 22.00000 -96.00000
v 22.00000 22.00000 -96.00000
v 22.00000 22.00000 -96.00000
v 22.00000 22.00000 -96.00000
v 22.00000 22.00000 -96.00000
v 22.00000 22.00000 -96.00000
v 22.00000 22.00000 -96.00000
v 22.00000 22.00000 -96.00000
v 22.00000 22.00000 -96.00000
v 22.00000 22.00000 -96.00000
v 22.00000 22.00000 -96.00000
v 22.00000 22.00000 -96.00000
v 22.00000 22.00000 -96.00000
v 22.00000 22.00000 -96.00000
v 22.00000 22.00000 -96.00000
v 22.00000 22.00000 -96.00000
v 22.00000 22.00000 -96.00000
v 22.00000 22.00000 -96.00000
v 22.00000 22.00000 -96.00000
v 22.00000 22.00000 -96.00000
v 22.00000 22.00000 -96.00000
v 22.00000 22.00000 -96.00000
v 22.00000 22.00000 -96.00000
v 22.00000 22.00000 -96.00000
v 22.00000 22.00000 -96.00000
v 22.00000 22.00000 -96.00000
v 22.00000 22.00000 -96.00000
v 22.00000 22.00000 -96.00000
v 22.00000 22.00000 -96.00000
v 22.00000 22.00000 -96.00000
v 22.00000 22.00000 -96.00000
v 22.00000 22.00000 -96.00000
v 22.00000 22.00000 -96.00000
v 22.00000 22.00000 -96.00000
v 22.00000 22.00000 -96.00000
v 22.00000 22.00000 -96.00000
v 22.00000 22.00000 -96.00000
v 22.00000 22.00000 -96.00000
v 22.00000 22.00000 -96.00000
v 22.00000 22.00000 -96.00000
v 22.00000 22.00000 -96.00000
v 22.00000 22.00000 -96.00000
v 22.00000 22.00000 -96.00000
v 22.00000 22.00000 -96.00000
v 22.00000 22.00000 -96.00000
v 22.00000 22.00000 -96.00000
v 22.00000 22.00000 -96.00000
v 22.00000 22.00000 -96.00000
v 22.00000 22.00000 -27.00000
v 22.00000 22.00000 -27.00000
v 22.00000 22.00000 -27.00000
v 22.00000 22.00000 -27.00000
v 22.00000 22.00000 -27.00000
v 22.00000 22.00000 -27.00000
v 22.00000 22.00000 -27.00000
v 22.00000 22.00000 -27.00000
v 22.00000 22.00000 -27.00000
v 22.00000 22.00000 -27.00000
v 22.00000 22.00000 -27.00000
v 22.00000 22.00000 -27.00000
v 22.00000 22.00000 -27.00000
v 22.00000 22.00000 -27.00000
v 22.00000 22.00000 -27.00000
v 22.00000 22.00000 -27.00000
v 22.00000 22.00000 -27.00000
v 22.00000 22.00000 -27.00000
v 22.00000 22.00000 -27.00000
v 22.00000 22.00000 -27.00000
v 22.00000 22.00000 -27.00000
v 22.00000 22.00000 -27.00000
v 22.00000 22.00000 -27.00000
v 22.00000 22.00000 -27.00000
v 22.00000 22.00000 -27.00000
v 22.00000 22.00000 -27.00000
v 22.00000 22.00000 -27.00000
v 22.00000 22.00000 -27.00000
v 22.00000 22.00000 -27.00000
v 22.00000 22.00000 -27.00000
v 22.00000 22.00000 -27.00000
v 22.00000 22.00000 -27.00000
v 22.00000 22.00000 -27.00000
v 22.00000 22.00000 -27.00000
v 22.00000 22.00000 -27.00000
v 22.00000 22.00000 -27.00000
v 22.00000 22.00000 -27.00000
v 22.00000 22.00000 -27.00000
v 22.00000 22.00000 -27.00000
v 22.00000 22.00000 -27.00000
v 22.00000 22.00000 -27.00000
v 22.00000 22.00000 -27.00000
v 22.00000 22.00000 -27.00000
v 22.00000 22.00000 -27.00000
v 22.00000 22.00000 -27.00000
v 22.00000 22.00000 -27.00000
v 22.00000 22.00000 -27.00000
v 22.00000 22.00000 -27.00000
f 3817 3818 3866
f 3817 3866 3865
f 3913 3961 3962
f 3913 3962 3914
f 3865 3866 3962
f 3865 3962 3961
f 3817 3913 3914
f 3817 3914 3818
f 3818 3819 3867
f 3818 3867 3866
f 3914 3962 3963
f 3914 3963 3915
f 3866 3867 3963
f 3866 3963 3962
f 3818 3914 3915
f 3818 3915 3819
f 3819 3820 3868
f 3819 3868 3867
f 3915 3963 3964
f 3915 3964 3916
f 3867 3868 3964
f 3867 3964 3963
f 3819 3915 3916
f 3819 3916 3820
f 3820 3821 3869
f 3820 3869 3868
f 3916 3964 3965
f 3916 3965 3917
f 3868 3869 3965
f 3868 3965 3964
f 3820 3916 3917
f 3820 3917 3821
f 3821 3822 3870
f 3821 3870 3869
f 3917 3965 3966
f 3917 3966 3918
f 3869 3870 3966
f 3869 3966 3965
f 3821 3917 3918
f 3821 3918 3822
f 3822 3823 3871
f 3822 3871 3870
f 3918 3966 3967
f 3918 3967 3919
f 3870 3871 3967
f 3870 3967 3966
f 3822 3918 3919
f 3822 3919 3823
f 3823 3824 3872
f 3823 3872 3871
f 3919 3967 3968
f 3919 3968 3920
f 3871 3872 3968
f 3871 3968 3967
f 3823 3919 3920
f 3823 3920 3824
f 3824 3825 3873
f 3824 3873 3872
f 3920 3968 3969
f 3920 3969 3921
f 3872 3873 3969
f 3872 3969 3968
f 3824 3920 3921
f 3824 3921 3825
f 3825 3826 3874
f 3825 3874 3873
f 3921 3969 3970
f 3921 3970 3922
f 3873 3874 3970
f 3873 3970 3969
f 3825 3921 3922
f 3825 3922 3826
f 3826 3827 3875
f 3826 3875 3874
f 3922 3970 3971
f 3922 3971 3923
f 3874 3875 3971
f 3874 3971 3970
f 3826 3922 3923
f 3826 3923 3827
f 3827 3828 3876
f 3827 3876 3875
f 3923 3971 3972
f 3923 3972 3924
f 3875 3876 3972
f 3875 3972 3971
f 3827 3923 3924
f 3827 3924 3828
f 3828 3829 3877
f 3828 3877 3876
f 3924 3972 3973
f 3924 3973 3925
f 3876 3877 3973
f 3876 3973 3972
f 3828 3924 3925
f 3828 3925 3829
f 3829 3830 3878
f 3829 3878 3877
f 3925 3973 3974
f 3925 3974 3926
f 3877 3878 3974
f 3877 3974 3973
f 3829 3925 3926
f 3829 3926 3830
f 3830 3831 3879
f 3830 3879 3878
f 3926 3974 3975
f 3926 3975 3927
f 3878 3879 3975
f 3878 3975 3974
f 3830 3926 3927
f 3830 3927 3831
f 3831 3832 3880
f 3831 3880 3879
f 3927 3975 3976
f 3927 3976 3928
f 3879 3880 3976
f 3879 3976 3975
f 3831 3927 3928
f 3831 3928 3832
f 3832 3833 3881
f 3832 3881 3880
f 3928 3976 3977
f 3928 3977 3929
f 3880 3881 3977
f 3880 3977 3976
f 3832 3928 3929
f 3832 3929 3833
f 3833 3834 3882
f 3833 3882 3881
f 3929 3977 3978
f 3929 3978 3930
f 3881 3882 3978
f 3881 3978 3977
f 3833 3929 3930
f 3833 3930 3834
f 3834 3835 3883
f 3834 3883 3882
f 3930 3978 3979
f 3930 3979 3931
f 3882 3883 3979
f 3882 3979 3978
f 3834 3930 3931
f 3834 3931 3835
f 3835 3836 3884
f 3835 3884 3883
f 3931 3979 3980
f 3931 3980 3932
f 3883 3884 3980
f 3883 3980 3979
f 3835 3931 3932
f 3835 3932 3836
f 3836 3837 3885
f 3836 3885 3884
f 3932 3980 3981
f 3932 3981 3933
f 3884 3885 3981
f 3884 3981 3980
f 3836 3932 3933
f 3836 3933 3837
f 3837 3838 3886
f 3837 3886 3885
f 3933 3981 3982
f 3933 3982 3934
f 3885 3886 3982
f 3885 3982 3981
f 3837 3933 3934
f 3837 3934 3838
f 3838 3839 3887
f 3838 3887 3886
f 3934 3982 3983
f 3934 3983 3935
f 3886 3887 3983
f 3886 3983 3982
f 3838 3934 3935
f 3838 3935 3839
f 3839 3840 3888
f 3839 3888 3887
f 3935 3983 3984
f 3935 3984 3936
f 3887 3888 3984
f 3887 3984 3983
f 3839 3935 3936
f 3839 3936 3840
f 3840 3841 3889
f 3840 3889 3888
f 3936 3984 3985
f 3936 3985 3937
f 3888 3889 3985
f 3888 3985 3984
f 3840 3936 3937
f 3840 3937 3841
f 3841 3842 3890
f 3841 3890 3889
f 3937 3985 3986
f 3937 3986 3938
f 3889 3890 3986
f 3889 3986 3985
f 3841 3937 3938
f 3841 3938 3842
f 3842 3843 3891
f 3842 3891 3890
f 3938 3986 3987
f 3938 3987 3939
f 3890 3891 3987
f 3890 3987 3986
f 3842 3938 3939
f 3842 3939 3843
f 3843 3844 3892
f 3843 3892 3891
f 3939 3987 3988
f 3939 3988 3940
f 3891 3892 3988
f 3891 3988 3987
f 3843 3939 3940
f 3843 3940 3844
f 3844 3845 3893
f 3844 3893 3892
f 3940 3988 3989
f 3940 3989 3941
f 3892 3893 3989
f 3892 3989 3988
f 3844 3940 3941
f 3844 3941 3845
f 3845 3846 3894
f 3845 3894 3893
f 3941 3989 3990
f 3941 3990 3942
f 3893 3894 3990
f 3893 3990 3989
f 3845 3941 3942
f 3845 3942 3846
f 3846 3847 3895
f 3846 3895 3894
f 3942 3990 3991
f 3942 3991 3943
f 3894 3895 3991
f 3894 3991 3990
f 3846 3942 3943
f 3846 3943 3847
f 3847 3848 3896
f 3847 3896 3895
f 3943 3991 3992
f 3943 3992 3944
f 3895 3896 3992
f 3895 3992 3991
f 3847 3943 3944
f 3847 3944 3848
f 3848 3849 3897
f 3848 3897 3896
f 3944 3992 3993
f 3944 3993 3945
f 3896 3897 3993
f 3896 3993 3992
f 3848 3944 3945
f 3848 3945 3849
f 3849 3850 3898
f 3849 3898 3897
f 3945 3993 3994
f 3945 3994 3946
f 3897 3898 3994
f 3897 3994 3993
f 3849 3945 3946
f 3849 3946 3850
f 3850 3851 3899
f 3850 3899 3898
f 3946 3994 3995
f 3946 3995 3947
f 3898 3899 3995
f 3898 3995 3994
f 3850 3946 3947
f 3850 3947 3851
f 3851 3852 3900
f 3851 3900 3899
f 3947 3995 3996
f 3947 3996 3948
f 3899 3900 3996
f 3899 3996 3995
f 3851 3947 3948
f 3851 3948 3852
f 3852 3853 3901
f 3852 3901 3900
f 3948 3996 3997
f 3948 3997 3949
f 3900 3901 3997
f 3900 3997 3996
f 3852 3948 3949
f 3852 3949 3853
f 3853 3854 3902
f 3853 3902 3901
f 3949 3997 3998
f 3949 3998 3950
f 3901 3902 3998
f 3901 3998 3997
f 3853 3949 3950
f 3853 3950 3854
f 3854 3855 3903
f 3854 3903 3902
f 3950 3998 3999
f 3950 3999 3951
f 3902 3903 3999
f 3902 3999 3998
f 3854 3950 3951
f 3854 3951 3855
f 3855 3856 3904
f 3855 3904 3903
f 3951 3999 4000
f 3951 4000 3952
f 3903 3904 4000
f 3903 4000 3999
f 3855 3951 3952
f 3855 3952 3856
f 3856 3857 3905
f 3856 3905 3904
f 3952 4000 4001
f 3952 4001 3953
f 3904 3905 4001
f 3904 4001 4000
f 3856 3952 3953
f 3856 3953 3857
f 3857 3858 3906
f 3857 3906 3905
f 3953 4001 4002
f 3953 4002 3954
f 3905 3906 4002
f 3905 4002 4001
f 3857 3953 3954
f 3857 3954 3858
f 3858 3859 3907
f 3858 3907 3906
f 3954 4002 4003
f 3954 4003 3955
f 3906 3907 4003
f 3906 4003 4002
f 3858 3954 3955
f 3858 3955 3859
f 3859 3860 3908
f 3859 3908 3907
f 3955 4003 4004
f 3955 4004 3956
f 3907 3908 4004
f 3907 4004 4003
f 3859 3955 3956
f 3859 3956 3860
f 3860 3861 3909
f 3860 3909 3908
f 3956 4004 4005
f 3956 4005 3957
f 3908 3909 4005
f 3908 4005 4004
f 3860 3956 3957
f 3860 3957 3861
f 3861 3862 3910
f 3861 3910 3909
f 3957 4005 4006
f 3957 4006 3958
f 3909 3910 4006
f 3909 4006 4005
f 3861 3957 3958
f 3861 3958 3862
f 3862 3863 3911
f 3862 3911 3910
f 3958 4006 4007
f 3958 4007 3959
f 3910 3911 4007
f 3910 4007 4006
f 3862 3958 3959
f 3862 3959 3863
f 3863 3864 3912
f 3863 3912 3911
f 3959 4007 4008
f 3959 4008 3960
f 3911 3912 4008
f 3911 4008 4007
f 3863 3959 3960
f 3863 3960 3864
f 3864 3817 3865
f 3864 3865 3912
f 3960 4008 3961
f 3960 3961 3913
f 3912 3865 3961
f 3912 3961 4008
f 3864 3960 3913
f 3864 3913 3817
o 11___Provodljivost___merna_površina
v 30.50000 22.00000 -100.00000
v 30.42728 23.10947 -100.00000
v 30.21037 24.19996 -100.00000
v 29.85298 25.25281 -100.00000
v 29.36122 26.25000 -100.00000
v 28.74350 27.17447 -100.00000
v 28.01041 28.01041 -100.00000
v 27.17447 28.74350 -100.00000
v 26.25000 29.36122 -100.00000
v 25.25281 29.85298 -100.00000
v 24.19996 30.21037 -100.00000
v 23.10947 30.42728 -100.00000
v 22.00000 30.50000 -100.00000
v 20.89053 30.42728 -100.00000
v 19.80004 30.21037 -100.00000
v 18.74719 29.85298 -100.00000
v 17.75000 29.36122 -100.00000
v 16.82553 28.74350 -100.00000
v 15.98959 28.01041 -100.00000
v 15.25650 27.17447 -100.00000
v 14.63878 26.25000 -100.00000
v 14.14702 25.25281 -100.00000
v 13.78963 24.19996 -100.00000
v 13.57272 23.10947 -100.00000
v 13.50000 22.00000 -100.00000
v 13.57272 20.89053 -100.00000
v 13.78963 19.80004 -100.00000
v 14.14702 18.74719 -100.00000
v 14.63878 17.75000 -100.00000
v 15.25650 16.82553 -100.00000
v 15.98959 15.98959 -100.00000
v 16.82553 15.25650 -100.00000
v 17.75000 14.63878 -100.00000
v 18.74719 14.14702 -100.00000
v 19.80004 13.78963 -100.00000
v 20.89053 13.57272 -100.00000
v 22.00000 13.50000 -100.00000
v 23.10947 13.57272 -100.00000
v 24.19996 13.78963 -100.00000
v 25.25281 14.14702 -100.00000
v 26.25000 14.63878 -100.00000
v 27.17447 15.25650 -100.00000
v 28.01041 15.98959 -100.00000
v 28.74350 16.82553 -100.00000
v 29.36122 17.75000 -100.00000
v 29.85298 18.74719 -100.00000
v 30.21037 19.80004 -100.00000
v 30.42728 20.89053 -100.00000
v 30.50000 22.00000 -96.00000
v 30.42728 23.10947 -96.00000
v 30.21037 24.19996 -96.00000
v 29.85298 25.25281 -96.00000
v 29.36122 26.25000 -96.00000
v 28.74350 27.17447 -96.00000
v 28.01041 28.01041 -96.00000
v 27.17447 28.74350 -96.00000
v 26.25000 29.36122 -96.00000
v 25.25281 29.85298 -96.00000
v 24.19996 30.21037 -96.00000
v 23.10947 30.42728 -96.00000
v 22.00000 30.50000 -96.00000
v 20.89053 30.42728 -96.00000
v 19.80004 30.21037 -96.00000
v 18.74719 29.85298 -96.00000
v 17.75000 29.36122 -96.00000
v 16.82553 28.74350 -96.00000
v 15.98959 28.01041 -96.00000
v 15.25650 27.17447 -96.00000
v 14.63878 26.25000 -96.00000
v 14.14702 25.25281 -96.00000
v 13.78963 24.19996 -96.00000
v 13.57272 23.10947 -96.00000
v 13.50000 22.00000 -96.00000
v 13.57272 20.89053 -96.00000
v 13.78963 19.80004 -96.00000
v 14.14702 18.74719 -96.00000
v 14.63878 17.75000 -96.00000
v 15.25650 16.82553 -96.00000
v 15.98959 15.98959 -96.00000
v 16.82553 15.25650 -96.00000
v 17.75000 14.63878 -96.00000
v 18.74719 14.14702 -96.00000
v 19.80004 13.78963 -96.00000
v 20.89053 13.57272 -96.00000
v 22.00000 13.50000 -96.00000
v 23.10947 13.57272 -96.00000
v 24.19996 13.78963 -96.00000
v 25.25281 14.14702 -96.00000
v 26.25000 14.63878 -96.00000
v 27.17447 15.25650 -96.00000
v 28.01041 15.98959 -96.00000
v 28.74350 16.82553 -96.00000
v 29.36122 17.75000 -96.00000
v 29.85298 18.74719 -96.00000
v 30.21037 19.80004 -96.00000
v 30.42728 20.89053 -96.00000
v 22.00000 22.00000 -100.00000
v 22.00000 22.00000 -100.00000
v 22.00000 22.00000 -100.00000
v 22.00000 22.00000 -100.00000
v 22.00000 22.00000 -100.00000
v 22.00000 22.00000 -100.00000
v 22.00000 22.00000 -100.00000
v 22.00000 22.00000 -100.00000
v 22.00000 22.00000 -100.00000
v 22.00000 22.00000 -100.00000
v 22.00000 22.00000 -100.00000
v 22.00000 22.00000 -100.00000
v 22.00000 22.00000 -100.00000
v 22.00000 22.00000 -100.00000
v 22.00000 22.00000 -100.00000
v 22.00000 22.00000 -100.00000
v 22.00000 22.00000 -100.00000
v 22.00000 22.00000 -100.00000
v 22.00000 22.00000 -100.00000
v 22.00000 22.00000 -100.00000
v 22.00000 22.00000 -100.00000
v 22.00000 22.00000 -100.00000
v 22.00000 22.00000 -100.00000
v 22.00000 22.00000 -100.00000
v 22.00000 22.00000 -100.00000
v 22.00000 22.00000 -100.00000
v 22.00000 22.00000 -100.00000
v 22.00000 22.00000 -100.00000
v 22.00000 22.00000 -100.00000
v 22.00000 22.00000 -100.00000
v 22.00000 22.00000 -100.00000
v 22.00000 22.00000 -100.00000
v 22.00000 22.00000 -100.00000
v 22.00000 22.00000 -100.00000
v 22.00000 22.00000 -100.00000
v 22.00000 22.00000 -100.00000
v 22.00000 22.00000 -100.00000
v 22.00000 22.00000 -100.00000
v 22.00000 22.00000 -100.00000
v 22.00000 22.00000 -100.00000
v 22.00000 22.00000 -100.00000
v 22.00000 22.00000 -100.00000
v 22.00000 22.00000 -100.00000
v 22.00000 22.00000 -100.00000
v 22.00000 22.00000 -100.00000
v 22.00000 22.00000 -100.00000
v 22.00000 22.00000 -100.00000
v 22.00000 22.00000 -100.00000
v 22.00000 22.00000 -96.00000
v 22.00000 22.00000 -96.00000
v 22.00000 22.00000 -96.00000
v 22.00000 22.00000 -96.00000
v 22.00000 22.00000 -96.00000
v 22.00000 22.00000 -96.00000
v 22.00000 22.00000 -96.00000
v 22.00000 22.00000 -96.00000
v 22.00000 22.00000 -96.00000
v 22.00000 22.00000 -96.00000
v 22.00000 22.00000 -96.00000
v 22.00000 22.00000 -96.00000
v 22.00000 22.00000 -96.00000
v 22.00000 22.00000 -96.00000
v 22.00000 22.00000 -96.00000
v 22.00000 22.00000 -96.00000
v 22.00000 22.00000 -96.00000
v 22.00000 22.00000 -96.00000
v 22.00000 22.00000 -96.00000
v 22.00000 22.00000 -96.00000
v 22.00000 22.00000 -96.00000
v 22.00000 22.00000 -96.00000
v 22.00000 22.00000 -96.00000
v 22.00000 22.00000 -96.00000
v 22.00000 22.00000 -96.00000
v 22.00000 22.00000 -96.00000
v 22.00000 22.00000 -96.00000
v 22.00000 22.00000 -96.00000
v 22.00000 22.00000 -96.00000
v 22.00000 22.00000 -96.00000
v 22.00000 22.00000 -96.00000
v 22.00000 22.00000 -96.00000
v 22.00000 22.00000 -96.00000
v 22.00000 22.00000 -96.00000
v 22.00000 22.00000 -96.00000
v 22.00000 22.00000 -96.00000
v 22.00000 22.00000 -96.00000
v 22.00000 22.00000 -96.00000
v 22.00000 22.00000 -96.00000
v 22.00000 22.00000 -96.00000
v 22.00000 22.00000 -96.00000
v 22.00000 22.00000 -96.00000
v 22.00000 22.00000 -96.00000
v 22.00000 22.00000 -96.00000
v 22.00000 22.00000 -96.00000
v 22.00000 22.00000 -96.00000
v 22.00000 22.00000 -96.00000
v 22.00000 22.00000 -96.00000
f 4009 4010 4058
f 4009 4058 4057
f 4105 4153 4154
f 4105 4154 4106
f 4057 4058 4154
f 4057 4154 4153
f 4009 4105 4106
f 4009 4106 4010
f 4010 4011 4059
f 4010 4059 4058
f 4106 4154 4155
f 4106 4155 4107
f 4058 4059 4155
f 4058 4155 4154
f 4010 4106 4107
f 4010 4107 4011
f 4011 4012 4060
f 4011 4060 4059
f 4107 4155 4156
f 4107 4156 4108
f 4059 4060 4156
f 4059 4156 4155
f 4011 4107 4108
f 4011 4108 4012
f 4012 4013 4061
f 4012 4061 4060
f 4108 4156 4157
f 4108 4157 4109
f 4060 4061 4157
f 4060 4157 4156
f 4012 4108 4109
f 4012 4109 4013
f 4013 4014 4062
f 4013 4062 4061
f 4109 4157 4158
f 4109 4158 4110
f 4061 4062 4158
f 4061 4158 4157
f 4013 4109 4110
f 4013 4110 4014
f 4014 4015 4063
f 4014 4063 4062
f 4110 4158 4159
f 4110 4159 4111
f 4062 4063 4159
f 4062 4159 4158
f 4014 4110 4111
f 4014 4111 4015
f 4015 4016 4064
f 4015 4064 4063
f 4111 4159 4160
f 4111 4160 4112
f 4063 4064 4160
f 4063 4160 4159
f 4015 4111 4112
f 4015 4112 4016
f 4016 4017 4065
f 4016 4065 4064
f 4112 4160 4161
f 4112 4161 4113
f 4064 4065 4161
f 4064 4161 4160
f 4016 4112 4113
f 4016 4113 4017
f 4017 4018 4066
f 4017 4066 4065
f 4113 4161 4162
f 4113 4162 4114
f 4065 4066 4162
f 4065 4162 4161
f 4017 4113 4114
f 4017 4114 4018
f 4018 4019 4067
f 4018 4067 4066
f 4114 4162 4163
f 4114 4163 4115
f 4066 4067 4163
f 4066 4163 4162
f 4018 4114 4115
f 4018 4115 4019
f 4019 4020 4068
f 4019 4068 4067
f 4115 4163 4164
f 4115 4164 4116
f 4067 4068 4164
f 4067 4164 4163
f 4019 4115 4116
f 4019 4116 4020
f 4020 4021 4069
f 4020 4069 4068
f 4116 4164 4165
f 4116 4165 4117
f 4068 4069 4165
f 4068 4165 4164
f 4020 4116 4117
f 4020 4117 4021
f 4021 4022 4070
f 4021 4070 4069
f 4117 4165 4166
f 4117 4166 4118
f 4069 4070 4166
f 4069 4166 4165
f 4021 4117 4118
f 4021 4118 4022
f 4022 4023 4071
f 4022 4071 4070
f 4118 4166 4167
f 4118 4167 4119
f 4070 4071 4167
f 4070 4167 4166
f 4022 4118 4119
f 4022 4119 4023
f 4023 4024 4072
f 4023 4072 4071
f 4119 4167 4168
f 4119 4168 4120
f 4071 4072 4168
f 4071 4168 4167
f 4023 4119 4120
f 4023 4120 4024
f 4024 4025 4073
f 4024 4073 4072
f 4120 4168 4169
f 4120 4169 4121
f 4072 4073 4169
f 4072 4169 4168
f 4024 4120 4121
f 4024 4121 4025
f 4025 4026 4074
f 4025 4074 4073
f 4121 4169 4170
f 4121 4170 4122
f 4073 4074 4170
f 4073 4170 4169
f 4025 4121 4122
f 4025 4122 4026
f 4026 4027 4075
f 4026 4075 4074
f 4122 4170 4171
f 4122 4171 4123
f 4074 4075 4171
f 4074 4171 4170
f 4026 4122 4123
f 4026 4123 4027
f 4027 4028 4076
f 4027 4076 4075
f 4123 4171 4172
f 4123 4172 4124
f 4075 4076 4172
f 4075 4172 4171
f 4027 4123 4124
f 4027 4124 4028
f 4028 4029 4077
f 4028 4077 4076
f 4124 4172 4173
f 4124 4173 4125
f 4076 4077 4173
f 4076 4173 4172
f 4028 4124 4125
f 4028 4125 4029
f 4029 4030 4078
f 4029 4078 4077
f 4125 4173 4174
f 4125 4174 4126
f 4077 4078 4174
f 4077 4174 4173
f 4029 4125 4126
f 4029 4126 4030
f 4030 4031 4079
f 4030 4079 4078
f 4126 4174 4175
f 4126 4175 4127
f 4078 4079 4175
f 4078 4175 4174
f 4030 4126 4127
f 4030 4127 4031
f 4031 4032 4080
f 4031 4080 4079
f 4127 4175 4176
f 4127 4176 4128
f 4079 4080 4176
f 4079 4176 4175
f 4031 4127 4128
f 4031 4128 4032
f 4032 4033 4081
f 4032 4081 4080
f 4128 4176 4177
f 4128 4177 4129
f 4080 4081 4177
f 4080 4177 4176
f 4032 4128 4129
f 4032 4129 4033
f 4033 4034 4082
f 4033 4082 4081
f 4129 4177 4178
f 4129 4178 4130
f 4081 4082 4178
f 4081 4178 4177
f 4033 4129 4130
f 4033 4130 4034
f 4034 4035 4083
f 4034 4083 4082
f 4130 4178 4179
f 4130 4179 4131
f 4082 4083 4179
f 4082 4179 4178
f 4034 4130 4131
f 4034 4131 4035
f 4035 4036 4084
f 4035 4084 4083
f 4131 4179 4180
f 4131 4180 4132
f 4083 4084 4180
f 4083 4180 4179
f 4035 4131 4132
f 4035 4132 4036
f 4036 4037 4085
f 4036 4085 4084
f 4132 4180 4181
f 4132 4181 4133
f 4084 4085 4181
f 4084 4181 4180
f 4036 4132 4133
f 4036 4133 4037
f 4037 4038 4086
f 4037 4086 4085
f 4133 4181 4182
f 4133 4182 4134
f 4085 4086 4182
f 4085 4182 4181
f 4037 4133 4134
f 4037 4134 4038
f 4038 4039 4087
f 4038 4087 4086
f 4134 4182 4183
f 4134 4183 4135
f 4086 4087 4183
f 4086 4183 4182
f 4038 4134 4135
f 4038 4135 4039
f 4039 4040 4088
f 4039 4088 4087
f 4135 4183 4184
f 4135 4184 4136
f 4087 4088 4184
f 4087 4184 4183
f 4039 4135 4136
f 4039 4136 4040
f 4040 4041 4089
f 4040 4089 4088
f 4136 4184 4185
f 4136 4185 4137
f 4088 4089 4185
f 4088 4185 4184
f 4040 4136 4137
f 4040 4137 4041
f 4041 4042 4090
f 4041 4090 4089
f 4137 4185 4186
f 4137 4186 4138
f 4089 4090 4186
f 4089 4186 4185
f 4041 4137 4138
f 4041 4138 4042
f 4042 4043 4091
f 4042 4091 4090
f 4138 4186 4187
f 4138 4187 4139
f 4090 4091 4187
f 4090 4187 4186
f 4042 4138 4139
f 4042 4139 4043
f 4043 4044 4092
f 4043 4092 4091
f 4139 4187 4188
f 4139 4188 4140
f 4091 4092 4188
f 4091 4188 4187
f 4043 4139 4140
f 4043 4140 4044
f 4044 4045 4093
f 4044 4093 4092
f 4140 4188 4189
f 4140 4189 4141
f 4092 4093 4189
f 4092 4189 4188
f 4044 4140 4141
f 4044 4141 4045
f 4045 4046 4094
f 4045 4094 4093
f 4141 4189 4190
f 4141 4190 4142
f 4093 4094 4190
f 4093 4190 4189
f 4045 4141 4142
f 4045 4142 4046
f 4046 4047 4095
f 4046 4095 4094
f 4142 4190 4191
f 4142 4191 4143
f 4094 4095 4191
f 4094 4191 4190
f 4046 4142 4143
f 4046 4143 4047
f 4047 4048 4096
f 4047 4096 4095
f 4143 4191 4192
f 4143 4192 4144
f 4095 4096 4192
f 4095 4192 4191
f 4047 4143 4144
f 4047 4144 4048
f 4048 4049 4097
f 4048 4097 4096
f 4144 4192 4193
f 4144 4193 4145
f 4096 4097 4193
f 4096 4193 4192
f 4048 4144 4145
f 4048 4145 4049
f 4049 4050 4098
f 4049 4098 4097
f 4145 4193 4194
f 4145 4194 4146
f 4097 4098 4194
f 4097 4194 4193
f 4049 4145 4146
f 4049 4146 4050
f 4050 4051 4099
f 4050 4099 4098
f 4146 4194 4195
f 4146 4195 4147
f 4098 4099 4195
f 4098 4195 4194
f 4050 4146 4147
f 4050 4147 4051
f 4051 4052 4100
f 4051 4100 4099
f 4147 4195 4196
f 4147 4196 4148
f 4099 4100 4196
f 4099 4196 4195
f 4051 4147 4148
f 4051 4148 4052
f 4052 4053 4101
f 4052 4101 4100
f 4148 4196 4197
f 4148 4197 4149
f 4100 4101 4197
f 4100 4197 4196
f 4052 4148 4149
f 4052 4149 4053
f 4053 4054 4102
f 4053 4102 4101
f 4149 4197 4198
f 4149 4198 4150
f 4101 4102 4198
f 4101 4198 4197
f 4053 4149 4150
f 4053 4150 4054
f 4054 4055 4103
f 4054 4103 4102
f 4150 4198 4199
f 4150 4199 4151
f 4102 4103 4199
f 4102 4199 4198
f 4054 4150 4151
f 4054 4151 4055
f 4055 4056 4104
f 4055 4104 4103
f 4151 4199 4200
f 4151 4200 4152
f 4103 4104 4200
f 4103 4200 4199
f 4055 4151 4152
f 4055 4152 4056
f 4056 4009 4057
f 4056 4057 4104
f 4152 4200 4153
f 4152 4153 4105
f 4104 4057 4153
f 4104 4153 4200
f 4056 4152 4105
f 4056 4105 4009
o 12___Temperatura___prihvat
v -14.00000 22.00000 -27.00000
v -18.00000 28.92820 -27.00000
v -26.00000 28.92820 -27.00000
v -30.00000 22.00000 -27.00000
v -26.00000 15.07180 -27.00000
v -18.00000 15.07180 -27.00000
v -14.00000 22.00000 -12.00000
v -18.00000 28.92820 -12.00000
v -26.00000 28.92820 -12.00000
v -30.00000 22.00000 -12.00000
v -26.00000 15.07180 -12.00000
v -18.00000 15.07180 -12.00000
v -22.00000 22.00000 -27.00000
v -22.00000 22.00000 -27.00000
v -22.00000 22.00000 -27.00000
v -22.00000 22.00000 -27.00000
v -22.00000 22.00000 -27.00000
v -22.00000 22.00000 -27.00000
v -22.00000 22.00000 -12.00000
v -22.00000 22.00000 -12.00000
v -22.00000 22.00000 -12.00000
v -22.00000 22.00000 -12.00000
v -22.00000 22.00000 -12.00000
v -22.00000 22.00000 -12.00000
f 4201 4202 4208
f 4201 4208 4207
f 4213 4219 4220
f 4213 4220 4214
f 4207 4208 4220
f 4207 4220 4219
f 4201 4213 4214
f 4201 4214 4202
f 4202 4203 4209
f 4202 4209 4208
f 4214 4220 4221
f 4214 4221 4215
f 4208 4209 4221
f 4208 4221 4220
f 4202 4214 4215
f 4202 4215 4203
f 4203 4204 4210
f 4203 4210 4209
f 4215 4221 4222
f 4215 4222 4216
f 4209 4210 4222
f 4209 4222 4221
f 4203 4215 4216
f 4203 4216 4204
f 4204 4205 4211
f 4204 4211 4210
f 4216 4222 4223
f 4216 4223 4217
f 4210 4211 4223
f 4210 4223 4222
f 4204 4216 4217
f 4204 4217 4205
f 4205 4206 4212
f 4205 4212 4211
f 4217 4223 4224
f 4217 4224 4218
f 4211 4212 4224
f 4211 4224 4223
f 4205 4217 4218
f 4205 4218 4206
f 4206 4201 4207
f 4206 4207 4212
f 4218 4224 4219
f 4218 4219 4213
f 4212 4207 4219
f 4212 4219 4224
f 4206 4218 4213
f 4206 4213 4201
o 12___Temperatura
v -17.00000 22.00000 -88.00000
v -17.04278 22.65263 -88.00000
v -17.17037 23.29410 -88.00000
v -17.38060 23.91342 -88.00000
v -17.66987 24.50000 -88.00000
v -18.03323 25.04381 -88.00000
v -18.46447 25.53553 -88.00000
v -18.95619 25.96677 -88.00000
v -19.50000 26.33013 -88.00000
v -20.08658 26.61940 -88.00000
v -20.70590 26.82963 -88.00000
v -21.34737 26.95722 -88.00000
v -22.00000 27.00000 -88.00000
v -22.65263 26.95722 -88.00000
v -23.29410 26.82963 -88.00000
v -23.91342 26.61940 -88.00000
v -24.50000 26.33013 -88.00000
v -25.04381 25.96677 -88.00000
v -25.53553 25.53553 -88.00000
v -25.96677 25.04381 -88.00000
v -26.33013 24.50000 -88.00000
v -26.61940 23.91342 -88.00000
v -26.82963 23.29410 -88.00000
v -26.95722 22.65263 -88.00000
v -27.00000 22.00000 -88.00000
v -26.95722 21.34737 -88.00000
v -26.82963 20.70590 -88.00000
v -26.61940 20.08658 -88.00000
v -26.33013 19.50000 -88.00000
v -25.96677 18.95619 -88.00000
v -25.53553 18.46447 -88.00000
v -25.04381 18.03323 -88.00000
v -24.50000 17.66987 -88.00000
v -23.91342 17.38060 -88.00000
v -23.29410 17.17037 -88.00000
v -22.65263 17.04278 -88.00000
v -22.00000 17.00000 -88.00000
v -21.34737 17.04278 -88.00000
v -20.70590 17.17037 -88.00000
v -20.08658 17.38060 -88.00000
v -19.50000 17.66987 -88.00000
v -18.95619 18.03323 -88.00000
v -18.46447 18.46447 -88.00000
v -18.03323 18.95619 -88.00000
v -17.66987 19.50000 -88.00000
v -17.38060 20.08658 -88.00000
v -17.17037 20.70590 -88.00000
v -17.04278 21.34737 -88.00000
v -17.00000 22.00000 -27.00000
v -17.04278 22.65263 -27.00000
v -17.17037 23.29410 -27.00000
v -17.38060 23.91342 -27.00000
v -17.66987 24.50000 -27.00000
v -18.03323 25.04381 -27.00000
v -18.46447 25.53553 -27.00000
v -18.95619 25.96677 -27.00000
v -19.50000 26.33013 -27.00000
v -20.08658 26.61940 -27.00000
v -20.70590 26.82963 -27.00000
v -21.34737 26.95722 -27.00000
v -22.00000 27.00000 -27.00000
v -22.65263 26.95722 -27.00000
v -23.29410 26.82963 -27.00000
v -23.91342 26.61940 -27.00000
v -24.50000 26.33013 -27.00000
v -25.04381 25.96677 -27.00000
v -25.53553 25.53553 -27.00000
v -25.96677 25.04381 -27.00000
v -26.33013 24.50000 -27.00000
v -26.61940 23.91342 -27.00000
v -26.82963 23.29410 -27.00000
v -26.95722 22.65263 -27.00000
v -27.00000 22.00000 -27.00000
v -26.95722 21.34737 -27.00000
v -26.82963 20.70590 -27.00000
v -26.61940 20.08658 -27.00000
v -26.33013 19.50000 -27.00000
v -25.96677 18.95619 -27.00000
v -25.53553 18.46447 -27.00000
v -25.04381 18.03323 -27.00000
v -24.50000 17.66987 -27.00000
v -23.91342 17.38060 -27.00000
v -23.29410 17.17037 -27.00000
v -22.65263 17.04278 -27.00000
v -22.00000 17.00000 -27.00000
v -21.34737 17.04278 -27.00000
v -20.70590 17.17037 -27.00000
v -20.08658 17.38060 -27.00000
v -19.50000 17.66987 -27.00000
v -18.95619 18.03323 -27.00000
v -18.46447 18.46447 -27.00000
v -18.03323 18.95619 -27.00000
v -17.66987 19.50000 -27.00000
v -17.38060 20.08658 -27.00000
v -17.17037 20.70590 -27.00000
v -17.04278 21.34737 -27.00000
v -22.00000 22.00000 -88.00000
v -22.00000 22.00000 -88.00000
v -22.00000 22.00000 -88.00000
v -22.00000 22.00000 -88.00000
v -22.00000 22.00000 -88.00000
v -22.00000 22.00000 -88.00000
v -22.00000 22.00000 -88.00000
v -22.00000 22.00000 -88.00000
v -22.00000 22.00000 -88.00000
v -22.00000 22.00000 -88.00000
v -22.00000 22.00000 -88.00000
v -22.00000 22.00000 -88.00000
v -22.00000 22.00000 -88.00000
v -22.00000 22.00000 -88.00000
v -22.00000 22.00000 -88.00000
v -22.00000 22.00000 -88.00000
v -22.00000 22.00000 -88.00000
v -22.00000 22.00000 -88.00000
v -22.00000 22.00000 -88.00000
v -22.00000 22.00000 -88.00000
v -22.00000 22.00000 -88.00000
v -22.00000 22.00000 -88.00000
v -22.00000 22.00000 -88.00000
v -22.00000 22.00000 -88.00000
v -22.00000 22.00000 -88.00000
v -22.00000 22.00000 -88.00000
v -22.00000 22.00000 -88.00000
v -22.00000 22.00000 -88.00000
v -22.00000 22.00000 -88.00000
v -22.00000 22.00000 -88.00000
v -22.00000 22.00000 -88.00000
v -22.00000 22.00000 -88.00000
v -22.00000 22.00000 -88.00000
v -22.00000 22.00000 -88.00000
v -22.00000 22.00000 -88.00000
v -22.00000 22.00000 -88.00000
v -22.00000 22.00000 -88.00000
v -22.00000 22.00000 -88.00000
v -22.00000 22.00000 -88.00000
v -22.00000 22.00000 -88.00000
v -22.00000 22.00000 -88.00000
v -22.00000 22.00000 -88.00000
v -22.00000 22.00000 -88.00000
v -22.00000 22.00000 -88.00000
v -22.00000 22.00000 -88.00000
v -22.00000 22.00000 -88.00000
v -22.00000 22.00000 -88.00000
v -22.00000 22.00000 -88.00000
v -22.00000 22.00000 -27.00000
v -22.00000 22.00000 -27.00000
v -22.00000 22.00000 -27.00000
v -22.00000 22.00000 -27.00000
v -22.00000 22.00000 -27.00000
v -22.00000 22.00000 -27.00000
v -22.00000 22.00000 -27.00000
v -22.00000 22.00000 -27.00000
v -22.00000 22.00000 -27.00000
v -22.00000 22.00000 -27.00000
v -22.00000 22.00000 -27.00000
v -22.00000 22.00000 -27.00000
v -22.00000 22.00000 -27.00000
v -22.00000 22.00000 -27.00000
v -22.00000 22.00000 -27.00000
v -22.00000 22.00000 -27.00000
v -22.00000 22.00000 -27.00000
v -22.00000 22.00000 -27.00000
v -22.00000 22.00000 -27.00000
v -22.00000 22.00000 -27.00000
v -22.00000 22.00000 -27.00000
v -22.00000 22.00000 -27.00000
v -22.00000 22.00000 -27.00000
v -22.00000 22.00000 -27.00000
v -22.00000 22.00000 -27.00000
v -22.00000 22.00000 -27.00000
v -22.00000 22.00000 -27.00000
v -22.00000 22.00000 -27.00000
v -22.00000 22.00000 -27.00000
v -22.00000 22.00000 -27.00000
v -22.00000 22.00000 -27.00000
v -22.00000 22.00000 -27.00000
v -22.00000 22.00000 -27.00000
v -22.00000 22.00000 -27.00000
v -22.00000 22.00000 -27.00000
v -22.00000 22.00000 -27.00000
v -22.00000 22.00000 -27.00000
v -22.00000 22.00000 -27.00000
v -22.00000 22.00000 -27.00000
v -22.00000 22.00000 -27.00000
v -22.00000 22.00000 -27.00000
v -22.00000 22.00000 -27.00000
v -22.00000 22.00000 -27.00000
v -22.00000 22.00000 -27.00000
v -22.00000 22.00000 -27.00000
v -22.00000 22.00000 -27.00000
v -22.00000 22.00000 -27.00000
v -22.00000 22.00000 -27.00000
f 4225 4226 4274
f 4225 4274 4273
f 4321 4369 4370
f 4321 4370 4322
f 4273 4274 4370
f 4273 4370 4369
f 4225 4321 4322
f 4225 4322 4226
f 4226 4227 4275
f 4226 4275 4274
f 4322 4370 4371
f 4322 4371 4323
f 4274 4275 4371
f 4274 4371 4370
f 4226 4322 4323
f 4226 4323 4227
f 4227 4228 4276
f 4227 4276 4275
f 4323 4371 4372
f 4323 4372 4324
f 4275 4276 4372
f 4275 4372 4371
f 4227 4323 4324
f 4227 4324 4228
f 4228 4229 4277
f 4228 4277 4276
f 4324 4372 4373
f 4324 4373 4325
f 4276 4277 4373
f 4276 4373 4372
f 4228 4324 4325
f 4228 4325 4229
f 4229 4230 4278
f 4229 4278 4277
f 4325 4373 4374
f 4325 4374 4326
f 4277 4278 4374
f 4277 4374 4373
f 4229 4325 4326
f 4229 4326 4230
f 4230 4231 4279
f 4230 4279 4278
f 4326 4374 4375
f 4326 4375 4327
f 4278 4279 4375
f 4278 4375 4374
f 4230 4326 4327
f 4230 4327 4231
f 4231 4232 4280
f 4231 4280 4279
f 4327 4375 4376
f 4327 4376 4328
f 4279 4280 4376
f 4279 4376 4375
f 4231 4327 4328
f 4231 4328 4232
f 4232 4233 4281
f 4232 4281 4280
f 4328 4376 4377
f 4328 4377 4329
f 4280 4281 4377
f 4280 4377 4376
f 4232 4328 4329
f 4232 4329 4233
f 4233 4234 4282
f 4233 4282 4281
f 4329 4377 4378
f 4329 4378 4330
f 4281 4282 4378
f 4281 4378 4377
f 4233 4329 4330
f 4233 4330 4234
f 4234 4235 4283
f 4234 4283 4282
f 4330 4378 4379
f 4330 4379 4331
f 4282 4283 4379
f 4282 4379 4378
f 4234 4330 4331
f 4234 4331 4235
f 4235 4236 4284
f 4235 4284 4283
f 4331 4379 4380
f 4331 4380 4332
f 4283 4284 4380
f 4283 4380 4379
f 4235 4331 4332
f 4235 4332 4236
f 4236 4237 4285
f 4236 4285 4284
f 4332 4380 4381
f 4332 4381 4333
f 4284 4285 4381
f 4284 4381 4380
f 4236 4332 4333
f 4236 4333 4237
f 4237 4238 4286
f 4237 4286 4285
f 4333 4381 4382
f 4333 4382 4334
f 4285 4286 4382
f 4285 4382 4381
f 4237 4333 4334
f 4237 4334 4238
f 4238 4239 4287
f 4238 4287 4286
f 4334 4382 4383
f 4334 4383 4335
f 4286 4287 4383
f 4286 4383 4382
f 4238 4334 4335
f 4238 4335 4239
f 4239 4240 4288
f 4239 4288 4287
f 4335 4383 4384
f 4335 4384 4336
f 4287 4288 4384
f 4287 4384 4383
f 4239 4335 4336
f 4239 4336 4240
f 4240 4241 4289
f 4240 4289 4288
f 4336 4384 4385
f 4336 4385 4337
f 4288 4289 4385
f 4288 4385 4384
f 4240 4336 4337
f 4240 4337 4241
f 4241 4242 4290
f 4241 4290 4289
f 4337 4385 4386
f 4337 4386 4338
f 4289 4290 4386
f 4289 4386 4385
f 4241 4337 4338
f 4241 4338 4242
f 4242 4243 4291
f 4242 4291 4290
f 4338 4386 4387
f 4338 4387 4339
f 4290 4291 4387
f 4290 4387 4386
f 4242 4338 4339
f 4242 4339 4243
f 4243 4244 4292
f 4243 4292 4291
f 4339 4387 4388
f 4339 4388 4340
f 4291 4292 4388
f 4291 4388 4387
f 4243 4339 4340
f 4243 4340 4244
f 4244 4245 4293
f 4244 4293 4292
f 4340 4388 4389
f 4340 4389 4341
f 4292 4293 4389
f 4292 4389 4388
f 4244 4340 4341
f 4244 4341 4245
f 4245 4246 4294
f 4245 4294 4293
f 4341 4389 4390
f 4341 4390 4342
f 4293 4294 4390
f 4293 4390 4389
f 4245 4341 4342
f 4245 4342 4246
f 4246 4247 4295
f 4246 4295 4294
f 4342 4390 4391
f 4342 4391 4343
f 4294 4295 4391
f 4294 4391 4390
f 4246 4342 4343
f 4246 4343 4247
f 4247 4248 4296
f 4247 4296 4295
f 4343 4391 4392
f 4343 4392 4344
f 4295 4296 4392
f 4295 4392 4391
f 4247 4343 4344
f 4247 4344 4248
f 4248 4249 4297
f 4248 4297 4296
f 4344 4392 4393
f 4344 4393 4345
f 4296 4297 4393
f 4296 4393 4392
f 4248 4344 4345
f 4248 4345 4249
f 4249 4250 4298
f 4249 4298 4297
f 4345 4393 4394
f 4345 4394 4346
f 4297 4298 4394
f 4297 4394 4393
f 4249 4345 4346
f 4249 4346 4250
f 4250 4251 4299
f 4250 4299 4298
f 4346 4394 4395
f 4346 4395 4347
f 4298 4299 4395
f 4298 4395 4394
f 4250 4346 4347
f 4250 4347 4251
f 4251 4252 4300
f 4251 4300 4299
f 4347 4395 4396
f 4347 4396 4348
f 4299 4300 4396
f 4299 4396 4395
f 4251 4347 4348
f 4251 4348 4252
f 4252 4253 4301
f 4252 4301 4300
f 4348 4396 4397
f 4348 4397 4349
f 4300 4301 4397
f 4300 4397 4396
f 4252 4348 4349
f 4252 4349 4253
f 4253 4254 4302
f 4253 4302 4301
f 4349 4397 4398
f 4349 4398 4350
f 4301 4302 4398
f 4301 4398 4397
f 4253 4349 4350
f 4253 4350 4254
f 4254 4255 4303
f 4254 4303 4302
f 4350 4398 4399
f 4350 4399 4351
f 4302 4303 4399
f 4302 4399 4398
f 4254 4350 4351
f 4254 4351 4255
f 4255 4256 4304
f 4255 4304 4303
f 4351 4399 4400
f 4351 4400 4352
f 4303 4304 4400
f 4303 4400 4399
f 4255 4351 4352
f 4255 4352 4256
f 4256 4257 4305
f 4256 4305 4304
f 4352 4400 4401
f 4352 4401 4353
f 4304 4305 4401
f 4304 4401 4400
f 4256 4352 4353
f 4256 4353 4257
f 4257 4258 4306
f 4257 4306 4305
f 4353 4401 4402
f 4353 4402 4354
f 4305 4306 4402
f 4305 4402 4401
f 4257 4353 4354
f 4257 4354 4258
f 4258 4259 4307
f 4258 4307 4306
f 4354 4402 4403
f 4354 4403 4355
f 4306 4307 4403
f 4306 4403 4402
f 4258 4354 4355
f 4258 4355 4259
f 4259 4260 4308
f 4259 4308 4307
f 4355 4403 4404
f 4355 4404 4356
f 4307 4308 4404
f 4307 4404 4403
f 4259 4355 4356
f 4259 4356 4260
f 4260 4261 4309
f 4260 4309 4308
f 4356 4404 4405
f 4356 4405 4357
f 4308 4309 4405
f 4308 4405 4404
f 4260 4356 4357
f 4260 4357 4261
f 4261 4262 4310
f 4261 4310 4309
f 4357 4405 4406
f 4357 4406 4358
f 4309 4310 4406
f 4309 4406 4405
f 4261 4357 4358
f 4261 4358 4262
f 4262 4263 4311
f 4262 4311 4310
f 4358 4406 4407
f 4358 4407 4359
f 4310 4311 4407
f 4310 4407 4406
f 4262 4358 4359
f 4262 4359 4263
f 4263 4264 4312
f 4263 4312 4311
f 4359 4407 4408
f 4359 4408 4360
f 4311 4312 4408
f 4311 4408 4407
f 4263 4359 4360
f 4263 4360 4264
f 4264 4265 4313
f 4264 4313 4312
f 4360 4408 4409
f 4360 4409 4361
f 4312 4313 4409
f 4312 4409 4408
f 4264 4360 4361
f 4264 4361 4265
f 4265 4266 4314
f 4265 4314 4313
f 4361 4409 4410
f 4361 4410 4362
f 4313 4314 4410
f 4313 4410 4409
f 4265 4361 4362
f 4265 4362 4266
f 4266 4267 4315
f 4266 4315 4314
f 4362 4410 4411
f 4362 4411 4363
f 4314 4315 4411
f 4314 4411 4410
f 4266 4362 4363
f 4266 4363 4267
f 4267 4268 4316
f 4267 4316 4315
f 4363 4411 4412
f 4363 4412 4364
f 4315 4316 4412
f 4315 4412 4411
f 4267 4363 4364
f 4267 4364 4268
f 4268 4269 4317
f 4268 4317 4316
f 4364 4412 4413
f 4364 4413 4365
f 4316 4317 4413
f 4316 4413 4412
f 4268 4364 4365
f 4268 4365 4269
f 4269 4270 4318
f 4269 4318 4317
f 4365 4413 4414
f 4365 4414 4366
f 4317 4318 4414
f 4317 4414 4413
f 4269 4365 4366
f 4269 4366 4270
f 4270 4271 4319
f 4270 4319 4318
f 4366 4414 4415
f 4366 4415 4367
f 4318 4319 4415
f 4318 4415 4414
f 4270 4366 4367
f 4270 4367 4271
f 4271 4272 4320
f 4271 4320 4319
f 4367 4415 4416
f 4367 4416 4368
f 4319 4320 4416
f 4319 4416 4415
f 4271 4367 4368
f 4271 4368 4272
f 4272 4225 4273
f 4272 4273 4320
f 4368 4416 4369
f 4368 4369 4321
f 4320 4273 4369
f 4320 4369 4416
f 4272 4368 4321
f 4272 4321 4225
o 12___Temperatura___merna_površina
v -17.75000 22.00000 -92.00000
v -17.78636 22.55474 -92.00000
v -17.89482 23.09998 -92.00000
v -18.07351 23.62640 -92.00000
v -18.31939 24.12500 -92.00000
v -18.62825 24.58724 -92.00000
v -18.99480 25.00520 -92.00000
v -19.41276 25.37175 -92.00000
v -19.87500 25.68061 -92.00000
v -20.37360 25.92649 -92.00000
v -20.90002 26.10518 -92.00000
v -21.44526 26.21364 -92.00000
v -22.00000 26.25000 -92.00000
v -22.55474 26.21364 -92.00000
v -23.09998 26.10518 -92.00000
v -23.62640 25.92649 -92.00000
v -24.12500 25.68061 -92.00000
v -24.58724 25.37175 -92.00000
v -25.00520 25.00520 -92.00000
v -25.37175 24.58724 -92.00000
v -25.68061 24.12500 -92.00000
v -25.92649 23.62640 -92.00000
v -26.10518 23.09998 -92.00000
v -26.21364 22.55474 -92.00000
v -26.25000 22.00000 -92.00000
v -26.21364 21.44526 -92.00000
v -26.10518 20.90002 -92.00000
v -25.92649 20.37360 -92.00000
v -25.68061 19.87500 -92.00000
v -25.37175 19.41276 -92.00000
v -25.00520 18.99480 -92.00000
v -24.58724 18.62825 -92.00000
v -24.12500 18.31939 -92.00000
v -23.62640 18.07351 -92.00000
v -23.09998 17.89482 -92.00000
v -22.55474 17.78636 -92.00000
v -22.00000 17.75000 -92.00000
v -21.44526 17.78636 -92.00000
v -20.90002 17.89482 -92.00000
v -20.37360 18.07351 -92.00000
v -19.87500 18.31939 -92.00000
v -19.41276 18.62825 -92.00000
v -18.99480 18.99480 -92.00000
v -18.62825 19.41276 -92.00000
v -18.31939 19.87500 -92.00000
v -18.07351 20.37360 -92.00000
v -17.89482 20.90002 -92.00000
v -17.78636 21.44526 -92.00000
v -17.75000 22.00000 -88.00000
v -17.78636 22.55474 -88.00000
v -17.89482 23.09998 -88.00000
v -18.07351 23.62640 -88.00000
v -18.31939 24.12500 -88.00000
v -18.62825 24.58724 -88.00000
v -18.99480 25.00520 -88.00000
v -19.41276 25.37175 -88.00000
v -19.87500 25.68061 -88.00000
v -20.37360 25.92649 -88.00000
v -20.90002 26.10518 -88.00000
v -21.44526 26.21364 -88.00000
v -22.00000 26.25000 -88.00000
v -22.55474 26.21364 -88.00000
v -23.09998 26.10518 -88.00000
v -23.62640 25.92649 -88.00000
v -24.12500 25.68061 -88.00000
v -24.58724 25.37175 -88.00000
v -25.00520 25.00520 -88.00000
v -25.37175 24.58724 -88.00000
v -25.68061 24.12500 -88.00000
v -25.92649 23.62640 -88.00000
v -26.10518 23.09998 -88.00000
v -26.21364 22.55474 -88.00000
v -26.25000 22.00000 -88.00000
v -26.21364 21.44526 -88.00000
v -26.10518 20.90002 -88.00000
v -25.92649 20.37360 -88.00000
v -25.68061 19.87500 -88.00000
v -25.37175 19.41276 -88.00000
v -25.00520 18.99480 -88.00000
v -24.58724 18.62825 -88.00000
v -24.12500 18.31939 -88.00000
v -23.62640 18.07351 -88.00000
v -23.09998 17.89482 -88.00000
v -22.55474 17.78636 -88.00000
v -22.00000 17.75000 -88.00000
v -21.44526 17.78636 -88.00000
v -20.90002 17.89482 -88.00000
v -20.37360 18.07351 -88.00000
v -19.87500 18.31939 -88.00000
v -19.41276 18.62825 -88.00000
v -18.99480 18.99480 -88.00000
v -18.62825 19.41276 -88.00000
v -18.31939 19.87500 -88.00000
v -18.07351 20.37360 -88.00000
v -17.89482 20.90002 -88.00000
v -17.78636 21.44526 -88.00000
v -22.00000 22.00000 -92.00000
v -22.00000 22.00000 -92.00000
v -22.00000 22.00000 -92.00000
v -22.00000 22.00000 -92.00000
v -22.00000 22.00000 -92.00000
v -22.00000 22.00000 -92.00000
v -22.00000 22.00000 -92.00000
v -22.00000 22.00000 -92.00000
v -22.00000 22.00000 -92.00000
v -22.00000 22.00000 -92.00000
v -22.00000 22.00000 -92.00000
v -22.00000 22.00000 -92.00000
v -22.00000 22.00000 -92.00000
v -22.00000 22.00000 -92.00000
v -22.00000 22.00000 -92.00000
v -22.00000 22.00000 -92.00000
v -22.00000 22.00000 -92.00000
v -22.00000 22.00000 -92.00000
v -22.00000 22.00000 -92.00000
v -22.00000 22.00000 -92.00000
v -22.00000 22.00000 -92.00000
v -22.00000 22.00000 -92.00000
v -22.00000 22.00000 -92.00000
v -22.00000 22.00000 -92.00000
v -22.00000 22.00000 -92.00000
v -22.00000 22.00000 -92.00000
v -22.00000 22.00000 -92.00000
v -22.00000 22.00000 -92.00000
v -22.00000 22.00000 -92.00000
v -22.00000 22.00000 -92.00000
v -22.00000 22.00000 -92.00000
v -22.00000 22.00000 -92.00000
v -22.00000 22.00000 -92.00000
v -22.00000 22.00000 -92.00000
v -22.00000 22.00000 -92.00000
v -22.00000 22.00000 -92.00000
v -22.00000 22.00000 -92.00000
v -22.00000 22.00000 -92.00000
v -22.00000 22.00000 -92.00000
v -22.00000 22.00000 -92.00000
v -22.00000 22.00000 -92.00000
v -22.00000 22.00000 -92.00000
v -22.00000 22.00000 -92.00000
v -22.00000 22.00000 -92.00000
v -22.00000 22.00000 -92.00000
v -22.00000 22.00000 -92.00000
v -22.00000 22.00000 -92.00000
v -22.00000 22.00000 -92.00000
v -22.00000 22.00000 -88.00000
v -22.00000 22.00000 -88.00000
v -22.00000 22.00000 -88.00000
v -22.00000 22.00000 -88.00000
v -22.00000 22.00000 -88.00000
v -22.00000 22.00000 -88.00000
v -22.00000 22.00000 -88.00000
v -22.00000 22.00000 -88.00000
v -22.00000 22.00000 -88.00000
v -22.00000 22.00000 -88.00000
v -22.00000 22.00000 -88.00000
v -22.00000 22.00000 -88.00000
v -22.00000 22.00000 -88.00000
v -22.00000 22.00000 -88.00000
v -22.00000 22.00000 -88.00000
v -22.00000 22.00000 -88.00000
v -22.00000 22.00000 -88.00000
v -22.00000 22.00000 -88.00000
v -22.00000 22.00000 -88.00000
v -22.00000 22.00000 -88.00000
v -22.00000 22.00000 -88.00000
v -22.00000 22.00000 -88.00000
v -22.00000 22.00000 -88.00000
v -22.00000 22.00000 -88.00000
v -22.00000 22.00000 -88.00000
v -22.00000 22.00000 -88.00000
v -22.00000 22.00000 -88.00000
v -22.00000 22.00000 -88.00000
v -22.00000 22.00000 -88.00000
v -22.00000 22.00000 -88.00000
v -22.00000 22.00000 -88.00000
v -22.00000 22.00000 -88.00000
v -22.00000 22.00000 -88.00000
v -22.00000 22.00000 -88.00000
v -22.00000 22.00000 -88.00000
v -22.00000 22.00000 -88.00000
v -22.00000 22.00000 -88.00000
v -22.00000 22.00000 -88.00000
v -22.00000 22.00000 -88.00000
v -22.00000 22.00000 -88.00000
v -22.00000 22.00000 -88.00000
v -22.00000 22.00000 -88.00000
v -22.00000 22.00000 -88.00000
v -22.00000 22.00000 -88.00000
v -22.00000 22.00000 -88.00000
v -22.00000 22.00000 -88.00000
v -22.00000 22.00000 -88.00000
v -22.00000 22.00000 -88.00000
f 4417 4418 4466
f 4417 4466 4465
f 4513 4561 4562
f 4513 4562 4514
f 4465 4466 4562
f 4465 4562 4561
f 4417 4513 4514
f 4417 4514 4418
f 4418 4419 4467
f 4418 4467 4466
f 4514 4562 4563
f 4514 4563 4515
f 4466 4467 4563
f 4466 4563 4562
f 4418 4514 4515
f 4418 4515 4419
f 4419 4420 4468
f 4419 4468 4467
f 4515 4563 4564
f 4515 4564 4516
f 4467 4468 4564
f 4467 4564 4563
f 4419 4515 4516
f 4419 4516 4420
f 4420 4421 4469
f 4420 4469 4468
f 4516 4564 4565
f 4516 4565 4517
f 4468 4469 4565
f 4468 4565 4564
f 4420 4516 4517
f 4420 4517 4421
f 4421 4422 4470
f 4421 4470 4469
f 4517 4565 4566
f 4517 4566 4518
f 4469 4470 4566
f 4469 4566 4565
f 4421 4517 4518
f 4421 4518 4422
f 4422 4423 4471
f 4422 4471 4470
f 4518 4566 4567
f 4518 4567 4519
f 4470 4471 4567
f 4470 4567 4566
f 4422 4518 4519
f 4422 4519 4423
f 4423 4424 4472
f 4423 4472 4471
f 4519 4567 4568
f 4519 4568 4520
f 4471 4472 4568
f 4471 4568 4567
f 4423 4519 4520
f 4423 4520 4424
f 4424 4425 4473
f 4424 4473 4472
f 4520 4568 4569
f 4520 4569 4521
f 4472 4473 4569
f 4472 4569 4568
f 4424 4520 4521
f 4424 4521 4425
f 4425 4426 4474
f 4425 4474 4473
f 4521 4569 4570
f 4521 4570 4522
f 4473 4474 4570
f 4473 4570 4569
f 4425 4521 4522
f 4425 4522 4426
f 4426 4427 4475
f 4426 4475 4474
f 4522 4570 4571
f 4522 4571 4523
f 4474 4475 4571
f 4474 4571 4570
f 4426 4522 4523
f 4426 4523 4427
f 4427 4428 4476
f 4427 4476 4475
f 4523 4571 4572
f 4523 4572 4524
f 4475 4476 4572
f 4475 4572 4571
f 4427 4523 4524
f 4427 4524 4428
f 4428 4429 4477
f 4428 4477 4476
f 4524 4572 4573
f 4524 4573 4525
f 4476 4477 4573
f 4476 4573 4572
f 4428 4524 4525
f 4428 4525 4429
f 4429 4430 4478
f 4429 4478 4477
f 4525 4573 4574
f 4525 4574 4526
f 4477 4478 4574
f 4477 4574 4573
f 4429 4525 4526
f 4429 4526 4430
f 4430 4431 4479
f 4430 4479 4478
f 4526 4574 4575
f 4526 4575 4527
f 4478 4479 4575
f 4478 4575 4574
f 4430 4526 4527
f 4430 4527 4431
f 4431 4432 4480
f 4431 4480 4479
f 4527 4575 4576
f 4527 4576 4528
f 4479 4480 4576
f 4479 4576 4575
f 4431 4527 4528
f 4431 4528 4432
f 4432 4433 4481
f 4432 4481 4480
f 4528 4576 4577
f 4528 4577 4529
f 4480 4481 4577
f 4480 4577 4576
f 4432 4528 4529
f 4432 4529 4433
f 4433 4434 4482
f 4433 4482 4481
f 4529 4577 4578
f 4529 4578 4530
f 4481 4482 4578
f 4481 4578 4577
f 4433 4529 4530
f 4433 4530 4434
f 4434 4435 4483
f 4434 4483 4482
f 4530 4578 4579
f 4530 4579 4531
f 4482 4483 4579
f 4482 4579 4578
f 4434 4530 4531
f 4434 4531 4435
f 4435 4436 4484
f 4435 4484 4483
f 4531 4579 4580
f 4531 4580 4532
f 4483 4484 4580
f 4483 4580 4579
f 4435 4531 4532
f 4435 4532 4436
f 4436 4437 4485
f 4436 4485 4484
f 4532 4580 4581
f 4532 4581 4533
f 4484 4485 4581
f 4484 4581 4580
f 4436 4532 4533
f 4436 4533 4437
f 4437 4438 4486
f 4437 4486 4485
f 4533 4581 4582
f 4533 4582 4534
f 4485 4486 4582
f 4485 4582 4581
f 4437 4533 4534
f 4437 4534 4438
f 4438 4439 4487
f 4438 4487 4486
f 4534 4582 4583
f 4534 4583 4535
f 4486 4487 4583
f 4486 4583 4582
f 4438 4534 4535
f 4438 4535 4439
f 4439 4440 4488
f 4439 4488 4487
f 4535 4583 4584
f 4535 4584 4536
f 4487 4488 4584
f 4487 4584 4583
f 4439 4535 4536
f 4439 4536 4440
f 4440 4441 4489
f 4440 4489 4488
f 4536 4584 4585
f 4536 4585 4537
f 4488 4489 4585
f 4488 4585 4584
f 4440 4536 4537
f 4440 4537 4441
f 4441 4442 4490
f 4441 4490 4489
f 4537 4585 4586
f 4537 4586 4538
f 4489 4490 4586
f 4489 4586 4585
f 4441 4537 4538
f 4441 4538 4442
f 4442 4443 4491
f 4442 4491 4490
f 4538 4586 4587
f 4538 4587 4539
f 4490 4491 4587
f 4490 4587 4586
f 4442 4538 4539
f 4442 4539 4443
f 4443 4444 4492
f 4443 4492 4491
f 4539 4587 4588
f 4539 4588 4540
f 4491 4492 4588
f 4491 4588 4587
f 4443 4539 4540
f 4443 4540 4444
f 4444 4445 4493
f 4444 4493 4492
f 4540 4588 4589
f 4540 4589 4541
f 4492 4493 4589
f 4492 4589 4588
f 4444 4540 4541
f 4444 4541 4445
f 4445 4446 4494
f 4445 4494 4493
f 4541 4589 4590
f 4541 4590 4542
f 4493 4494 4590
f 4493 4590 4589
f 4445 4541 4542
f 4445 4542 4446
f 4446 4447 4495
f 4446 4495 4494
f 4542 4590 4591
f 4542 4591 4543
f 4494 4495 4591
f 4494 4591 4590
f 4446 4542 4543
f 4446 4543 4447
f 4447 4448 4496
f 4447 4496 4495
f 4543 4591 4592
f 4543 4592 4544
f 4495 4496 4592
f 4495 4592 4591
f 4447 4543 4544
f 4447 4544 4448
f 4448 4449 4497
f 4448 4497 4496
f 4544 4592 4593
f 4544 4593 4545
f 4496 4497 4593
f 4496 4593 4592
f 4448 4544 4545
f 4448 4545 4449
f 4449 4450 4498
f 4449 4498 4497
f 4545 4593 4594
f 4545 4594 4546
f 4497 4498 4594
f 4497 4594 4593
f 4449 4545 4546
f 4449 4546 4450
f 4450 4451 4499
f 4450 4499 4498
f 4546 4594 4595
f 4546 4595 4547
f 4498 4499 4595
f 4498 4595 4594
f 4450 4546 4547
f 4450 4547 4451
f 4451 4452 4500
f 4451 4500 4499
f 4547 4595 4596
f 4547 4596 4548
f 4499 4500 4596
f 4499 4596 4595
f 4451 4547 4548
f 4451 4548 4452
f 4452 4453 4501
f 4452 4501 4500
f 4548 4596 4597
f 4548 4597 4549
f 4500 4501 4597
f 4500 4597 4596
f 4452 4548 4549
f 4452 4549 4453
f 4453 4454 4502
f 4453 4502 4501
f 4549 4597 4598
f 4549 4598 4550
f 4501 4502 4598
f 4501 4598 4597
f 4453 4549 4550
f 4453 4550 4454
f 4454 4455 4503
f 4454 4503 4502
f 4550 4598 4599
f 4550 4599 4551
f 4502 4503 4599
f 4502 4599 4598
f 4454 4550 4551
f 4454 4551 4455
f 4455 4456 4504
f 4455 4504 4503
f 4551 4599 4600
f 4551 4600 4552
f 4503 4504 4600
f 4503 4600 4599
f 4455 4551 4552
f 4455 4552 4456
f 4456 4457 4505
f 4456 4505 4504
f 4552 4600 4601
f 4552 4601 4553
f 4504 4505 4601
f 4504 4601 4600
f 4456 4552 4553
f 4456 4553 4457
f 4457 4458 4506
f 4457 4506 4505
f 4553 4601 4602
f 4553 4602 4554
f 4505 4506 4602
f 4505 4602 4601
f 4457 4553 4554
f 4457 4554 4458
f 4458 4459 4507
f 4458 4507 4506
f 4554 4602 4603
f 4554 4603 4555
f 4506 4507 4603
f 4506 4603 4602
f 4458 4554 4555
f 4458 4555 4459
f 4459 4460 4508
f 4459 4508 4507
f 4555 4603 4604
f 4555 4604 4556
f 4507 4508 4604
f 4507 4604 4603
f 4459 4555 4556
f 4459 4556 4460
f 4460 4461 4509
f 4460 4509 4508
f 4556 4604 4605
f 4556 4605 4557
f 4508 4509 4605
f 4508 4605 4604
f 4460 4556 4557
f 4460 4557 4461
f 4461 4462 4510
f 4461 4510 4509
f 4557 4605 4606
f 4557 4606 4558
f 4509 4510 4606
f 4509 4606 4605
f 4461 4557 4558
f 4461 4558 4462
f 4462 4463 4511
f 4462 4511 4510
f 4558 4606 4607
f 4558 4607 4559
f 4510 4511 4607
f 4510 4607 4606
f 4462 4558 4559
f 4462 4559 4463
f 4463 4464 4512
f 4463 4512 4511
f 4559 4607 4608
f 4559 4608 4560
f 4511 4512 4608
f 4511 4608 4607
f 4463 4559 4560
f 4463 4560 4464
f 4464 4417 4465
f 4464 4465 4512
f 4560 4608 4561
f 4560 4561 4513
f 4512 4465 4561
f 4512 4561 4608
f 4464 4560 4513
f 4464 4513 4417
o 13___Zaštitna_korpa_·_donji_prsten
v 54.00000 0.00000 -130.00000
v 53.53802 7.04841 -130.00000
v 52.15999 13.97623 -130.00000
v 49.88949 20.66491 -130.00000
v 46.76537 27.00000 -130.00000
v 42.84108 32.87312 -130.00000
v 38.18377 38.18377 -130.00000
v 32.87312 42.84108 -130.00000
v 27.00000 46.76537 -130.00000
v 20.66491 49.88949 -130.00000
v 13.97623 52.15999 -130.00000
v 7.04841 53.53802 -130.00000
v 0.00000 54.00000 -130.00000
v -7.04841 53.53802 -130.00000
v -13.97623 52.15999 -130.00000
v -20.66491 49.88949 -130.00000
v -27.00000 46.76537 -130.00000
v -32.87312 42.84108 -130.00000
v -38.18377 38.18377 -130.00000
v -42.84108 32.87312 -130.00000
v -46.76537 27.00000 -130.00000
v -49.88949 20.66491 -130.00000
v -52.15999 13.97623 -130.00000
v -53.53802 7.04841 -130.00000
v -54.00000 0.00000 -130.00000
v -53.53802 -7.04841 -130.00000
v -52.15999 -13.97623 -130.00000
v -49.88949 -20.66491 -130.00000
v -46.76537 -27.00000 -130.00000
v -42.84108 -32.87312 -130.00000
v -38.18377 -38.18377 -130.00000
v -32.87312 -42.84108 -130.00000
v -27.00000 -46.76537 -130.00000
v -20.66491 -49.88949 -130.00000
v -13.97623 -52.15999 -130.00000
v -7.04841 -53.53802 -130.00000
v -0.00000 -54.00000 -130.00000
v 7.04841 -53.53802 -130.00000
v 13.97623 -52.15999 -130.00000
v 20.66491 -49.88949 -130.00000
v 27.00000 -46.76537 -130.00000
v 32.87312 -42.84108 -130.00000
v 38.18377 -38.18377 -130.00000
v 42.84108 -32.87312 -130.00000
v 46.76537 -27.00000 -130.00000
v 49.88949 -20.66491 -130.00000
v 52.15999 -13.97623 -130.00000
v 53.53802 -7.04841 -130.00000
v 54.00000 0.00000 -122.00000
v 53.53802 7.04841 -122.00000
v 52.15999 13.97623 -122.00000
v 49.88949 20.66491 -122.00000
v 46.76537 27.00000 -122.00000
v 42.84108 32.87312 -122.00000
v 38.18377 38.18377 -122.00000
v 32.87312 42.84108 -122.00000
v 27.00000 46.76537 -122.00000
v 20.66491 49.88949 -122.00000
v 13.97623 52.15999 -122.00000
v 7.04841 53.53802 -122.00000
v 0.00000 54.00000 -122.00000
v -7.04841 53.53802 -122.00000
v -13.97623 52.15999 -122.00000
v -20.66491 49.88949 -122.00000
v -27.00000 46.76537 -122.00000
v -32.87312 42.84108 -122.00000
v -38.18377 38.18377 -122.00000
v -42.84108 32.87312 -122.00000
v -46.76537 27.00000 -122.00000
v -49.88949 20.66491 -122.00000
v -52.15999 13.97623 -122.00000
v -53.53802 7.04841 -122.00000
v -54.00000 0.00000 -122.00000
v -53.53802 -7.04841 -122.00000
v -52.15999 -13.97623 -122.00000
v -49.88949 -20.66491 -122.00000
v -46.76537 -27.00000 -122.00000
v -42.84108 -32.87312 -122.00000
v -38.18377 -38.18377 -122.00000
v -32.87312 -42.84108 -122.00000
v -27.00000 -46.76537 -122.00000
v -20.66491 -49.88949 -122.00000
v -13.97623 -52.15999 -122.00000
v -7.04841 -53.53802 -122.00000
v -0.00000 -54.00000 -122.00000
v 7.04841 -53.53802 -122.00000
v 13.97623 -52.15999 -122.00000
v 20.66491 -49.88949 -122.00000
v 27.00000 -46.76537 -122.00000
v 32.87312 -42.84108 -122.00000
v 38.18377 -38.18377 -122.00000
v 42.84108 -32.87312 -122.00000
v 46.76537 -27.00000 -122.00000
v 49.88949 -20.66491 -122.00000
v 52.15999 -13.97623 -122.00000
v 53.53802 -7.04841 -122.00000
v 48.00000 0.00000 -130.00000
v 47.58935 6.26526 -130.00000
v 46.36444 12.42331 -130.00000
v 44.34622 18.36880 -130.00000
v 41.56922 24.00000 -130.00000
v 38.08096 29.22055 -130.00000
v 33.94113 33.94113 -130.00000
v 29.22055 38.08096 -130.00000
v 24.00000 41.56922 -130.00000
v 18.36880 44.34622 -130.00000
v 12.42331 46.36444 -130.00000
v 6.26526 47.58935 -130.00000
v 0.00000 48.00000 -130.00000
v -6.26526 47.58935 -130.00000
v -12.42331 46.36444 -130.00000
v -18.36880 44.34622 -130.00000
v -24.00000 41.56922 -130.00000
v -29.22055 38.08096 -130.00000
v -33.94113 33.94113 -130.00000
v -38.08096 29.22055 -130.00000
v -41.56922 24.00000 -130.00000
v -44.34622 18.36880 -130.00000
v -46.36444 12.42331 -130.00000
v -47.58935 6.26526 -130.00000
v -48.00000 0.00000 -130.00000
v -47.58935 -6.26526 -130.00000
v -46.36444 -12.42331 -130.00000
v -44.34622 -18.36880 -130.00000
v -41.56922 -24.00000 -130.00000
v -38.08096 -29.22055 -130.00000
v -33.94113 -33.94113 -130.00000
v -29.22055 -38.08096 -130.00000
v -24.00000 -41.56922 -130.00000
v -18.36880 -44.34622 -130.00000
v -12.42331 -46.36444 -130.00000
v -6.26526 -47.58935 -130.00000
v -0.00000 -48.00000 -130.00000
v 6.26526 -47.58935 -130.00000
v 12.42331 -46.36444 -130.00000
v 18.36880 -44.34622 -130.00000
v 24.00000 -41.56922 -130.00000
v 29.22055 -38.08096 -130.00000
v 33.94113 -33.94113 -130.00000
v 38.08096 -29.22055 -130.00000
v 41.56922 -24.00000 -130.00000
v 44.34622 -18.36880 -130.00000
v 46.36444 -12.42331 -130.00000
v 47.58935 -6.26526 -130.00000
v 48.00000 0.00000 -122.00000
v 47.58935 6.26526 -122.00000
v 46.36444 12.42331 -122.00000
v 44.34622 18.36880 -122.00000
v 41.56922 24.00000 -122.00000
v 38.08096 29.22055 -122.00000
v 33.94113 33.94113 -122.00000
v 29.22055 38.08096 -122.00000
v 24.00000 41.56922 -122.00000
v 18.36880 44.34622 -122.00000
v 12.42331 46.36444 -122.00000
v 6.26526 47.58935 -122.00000
v 0.00000 48.00000 -122.00000
v -6.26526 47.58935 -122.00000
v -12.42331 46.36444 -122.00000
v -18.36880 44.34622 -122.00000
v -24.00000 41.56922 -122.00000
v -29.22055 38.08096 -122.00000
v -33.94113 33.94113 -122.00000
v -38.08096 29.22055 -122.00000
v -41.56922 24.00000 -122.00000
v -44.34622 18.36880 -122.00000
v -46.36444 12.42331 -122.00000
v -47.58935 6.26526 -122.00000
v -48.00000 0.00000 -122.00000
v -47.58935 -6.26526 -122.00000
v -46.36444 -12.42331 -122.00000
v -44.34622 -18.36880 -122.00000
v -41.56922 -24.00000 -122.00000
v -38.08096 -29.22055 -122.00000
v -33.94113 -33.94113 -122.00000
v -29.22055 -38.08096 -122.00000
v -24.00000 -41.56922 -122.00000
v -18.36880 -44.34622 -122.00000
v -12.42331 -46.36444 -122.00000
v -6.26526 -47.58935 -122.00000
v -0.00000 -48.00000 -122.00000
v 6.26526 -47.58935 -122.00000
v 12.42331 -46.36444 -122.00000
v 18.36880 -44.34622 -122.00000
v 24.00000 -41.56922 -122.00000
v 29.22055 -38.08096 -122.00000
v 33.94113 -33.94113 -122.00000
v 38.08096 -29.22055 -122.00000
v 41.56922 -24.00000 -122.00000
v 44.34622 -18.36880 -122.00000
v 46.36444 -12.42331 -122.00000
v 47.58935 -6.26526 -122.00000
f 4609 4610 4658
f 4609 4658 4657
f 4705 4753 4754
f 4705 4754 4706
f 4657 4658 4754
f 4657 4754 4753
f 4609 4705 4706
f 4609 4706 4610
f 4610 4611 4659
f 4610 4659 4658
f 4706 4754 4755
f 4706 4755 4707
f 4658 4659 4755
f 4658 4755 4754
f 4610 4706 4707
f 4610 4707 4611
f 4611 4612 4660
f 4611 4660 4659
f 4707 4755 4756
f 4707 4756 4708
f 4659 4660 4756
f 4659 4756 4755
f 4611 4707 4708
f 4611 4708 4612
f 4612 4613 4661
f 4612 4661 4660
f 4708 4756 4757
f 4708 4757 4709
f 4660 4661 4757
f 4660 4757 4756
f 4612 4708 4709
f 4612 4709 4613
f 4613 4614 4662
f 4613 4662 4661
f 4709 4757 4758
f 4709 4758 4710
f 4661 4662 4758
f 4661 4758 4757
f 4613 4709 4710
f 4613 4710 4614
f 4614 4615 4663
f 4614 4663 4662
f 4710 4758 4759
f 4710 4759 4711
f 4662 4663 4759
f 4662 4759 4758
f 4614 4710 4711
f 4614 4711 4615
f 4615 4616 4664
f 4615 4664 4663
f 4711 4759 4760
f 4711 4760 4712
f 4663 4664 4760
f 4663 4760 4759
f 4615 4711 4712
f 4615 4712 4616
f 4616 4617 4665
f 4616 4665 4664
f 4712 4760 4761
f 4712 4761 4713
f 4664 4665 4761
f 4664 4761 4760
f 4616 4712 4713
f 4616 4713 4617
f 4617 4618 4666
f 4617 4666 4665
f 4713 4761 4762
f 4713 4762 4714
f 4665 4666 4762
f 4665 4762 4761
f 4617 4713 4714
f 4617 4714 4618
f 4618 4619 4667
f 4618 4667 4666
f 4714 4762 4763
f 4714 4763 4715
f 4666 4667 4763
f 4666 4763 4762
f 4618 4714 4715
f 4618 4715 4619
f 4619 4620 4668
f 4619 4668 4667
f 4715 4763 4764
f 4715 4764 4716
f 4667 4668 4764
f 4667 4764 4763
f 4619 4715 4716
f 4619 4716 4620
f 4620 4621 4669
f 4620 4669 4668
f 4716 4764 4765
f 4716 4765 4717
f 4668 4669 4765
f 4668 4765 4764
f 4620 4716 4717
f 4620 4717 4621
f 4621 4622 4670
f 4621 4670 4669
f 4717 4765 4766
f 4717 4766 4718
f 4669 4670 4766
f 4669 4766 4765
f 4621 4717 4718
f 4621 4718 4622
f 4622 4623 4671
f 4622 4671 4670
f 4718 4766 4767
f 4718 4767 4719
f 4670 4671 4767
f 4670 4767 4766
f 4622 4718 4719
f 4622 4719 4623
f 4623 4624 4672
f 4623 4672 4671
f 4719 4767 4768
f 4719 4768 4720
f 4671 4672 4768
f 4671 4768 4767
f 4623 4719 4720
f 4623 4720 4624
f 4624 4625 4673
f 4624 4673 4672
f 4720 4768 4769
f 4720 4769 4721
f 4672 4673 4769
f 4672 4769 4768
f 4624 4720 4721
f 4624 4721 4625
f 4625 4626 4674
f 4625 4674 4673
f 4721 4769 4770
f 4721 4770 4722
f 4673 4674 4770
f 4673 4770 4769
f 4625 4721 4722
f 4625 4722 4626
f 4626 4627 4675
f 4626 4675 4674
f 4722 4770 4771
f 4722 4771 4723
f 4674 4675 4771
f 4674 4771 4770
f 4626 4722 4723
f 4626 4723 4627
f 4627 4628 4676
f 4627 4676 4675
f 4723 4771 4772
f 4723 4772 4724
f 4675 4676 4772
f 4675 4772 4771
f 4627 4723 4724
f 4627 4724 4628
f 4628 4629 4677
f 4628 4677 4676
f 4724 4772 4773
f 4724 4773 4725
f 4676 4677 4773
f 4676 4773 4772
f 4628 4724 4725
f 4628 4725 4629
f 4629 4630 4678
f 4629 4678 4677
f 4725 4773 4774
f 4725 4774 4726
f 4677 4678 4774
f 4677 4774 4773
f 4629 4725 4726
f 4629 4726 4630
f 4630 4631 4679
f 4630 4679 4678
f 4726 4774 4775
f 4726 4775 4727
f 4678 4679 4775
f 4678 4775 4774
f 4630 4726 4727
f 4630 4727 4631
f 4631 4632 4680
f 4631 4680 4679
f 4727 4775 4776
f 4727 4776 4728
f 4679 4680 4776
f 4679 4776 4775
f 4631 4727 4728
f 4631 4728 4632
f 4632 4633 4681
f 4632 4681 4680
f 4728 4776 4777
f 4728 4777 4729
f 4680 4681 4777
f 4680 4777 4776
f 4632 4728 4729
f 4632 4729 4633
f 4633 4634 4682
f 4633 4682 4681
f 4729 4777 4778
f 4729 4778 4730
f 4681 4682 4778
f 4681 4778 4777
f 4633 4729 4730
f 4633 4730 4634
f 4634 4635 4683
f 4634 4683 4682
f 4730 4778 4779
f 4730 4779 4731
f 4682 4683 4779
f 4682 4779 4778
f 4634 4730 4731
f 4634 4731 4635
f 4635 4636 4684
f 4635 4684 4683
f 4731 4779 4780
f 4731 4780 4732
f 4683 4684 4780
f 4683 4780 4779
f 4635 4731 4732
f 4635 4732 4636
f 4636 4637 4685
f 4636 4685 4684
f 4732 4780 4781
f 4732 4781 4733
f 4684 4685 4781
f 4684 4781 4780
f 4636 4732 4733
f 4636 4733 4637
f 4637 4638 4686
f 4637 4686 4685
f 4733 4781 4782
f 4733 4782 4734
f 4685 4686 4782
f 4685 4782 4781
f 4637 4733 4734
f 4637 4734 4638
f 4638 4639 4687
f 4638 4687 4686
f 4734 4782 4783
f 4734 4783 4735
f 4686 4687 4783
f 4686 4783 4782
f 4638 4734 4735
f 4638 4735 4639
f 4639 4640 4688
f 4639 4688 4687
f 4735 4783 4784
f 4735 4784 4736
f 4687 4688 4784
f 4687 4784 4783
f 4639 4735 4736
f 4639 4736 4640
f 4640 4641 4689
f 4640 4689 4688
f 4736 4784 4785
f 4736 4785 4737
f 4688 4689 4785
f 4688 4785 4784
f 4640 4736 4737
f 4640 4737 4641
f 4641 4642 4690
f 4641 4690 4689
f 4737 4785 4786
f 4737 4786 4738
f 4689 4690 4786
f 4689 4786 4785
f 4641 4737 4738
f 4641 4738 4642
f 4642 4643 4691
f 4642 4691 4690
f 4738 4786 4787
f 4738 4787 4739
f 4690 4691 4787
f 4690 4787 4786
f 4642 4738 4739
f 4642 4739 4643
f 4643 4644 4692
f 4643 4692 4691
f 4739 4787 4788
f 4739 4788 4740
f 4691 4692 4788
f 4691 4788 4787
f 4643 4739 4740
f 4643 4740 4644
f 4644 4645 4693
f 4644 4693 4692
f 4740 4788 4789
f 4740 4789 4741
f 4692 4693 4789
f 4692 4789 4788
f 4644 4740 4741
f 4644 4741 4645
f 4645 4646 4694
f 4645 4694 4693
f 4741 4789 4790
f 4741 4790 4742
f 4693 4694 4790
f 4693 4790 4789
f 4645 4741 4742
f 4645 4742 4646
f 4646 4647 4695
f 4646 4695 4694
f 4742 4790 4791
f 4742 4791 4743
f 4694 4695 4791
f 4694 4791 4790
f 4646 4742 4743
f 4646 4743 4647
f 4647 4648 4696
f 4647 4696 4695
f 4743 4791 4792
f 4743 4792 4744
f 4695 4696 4792
f 4695 4792 4791
f 4647 4743 4744
f 4647 4744 4648
f 4648 4649 4697
f 4648 4697 4696
f 4744 4792 4793
f 4744 4793 4745
f 4696 4697 4793
f 4696 4793 4792
f 4648 4744 4745
f 4648 4745 4649
f 4649 4650 4698
f 4649 4698 4697
f 4745 4793 4794
f 4745 4794 4746
f 4697 4698 4794
f 4697 4794 4793
f 4649 4745 4746
f 4649 4746 4650
f 4650 4651 4699
f 4650 4699 4698
f 4746 4794 4795
f 4746 4795 4747
f 4698 4699 4795
f 4698 4795 4794
f 4650 4746 4747
f 4650 4747 4651
f 4651 4652 4700
f 4651 4700 4699
f 4747 4795 4796
f 4747 4796 4748
f 4699 4700 4796
f 4699 4796 4795
f 4651 4747 4748
f 4651 4748 4652
f 4652 4653 4701
f 4652 4701 4700
f 4748 4796 4797
f 4748 4797 4749
f 4700 4701 4797
f 4700 4797 4796
f 4652 4748 4749
f 4652 4749 4653
f 4653 4654 4702
f 4653 4702 4701
f 4749 4797 4798
f 4749 4798 4750
f 4701 4702 4798
f 4701 4798 4797
f 4653 4749 4750
f 4653 4750 4654
f 4654 4655 4703
f 4654 4703 4702
f 4750 4798 4799
f 4750 4799 4751
f 4702 4703 4799
f 4702 4799 4798
f 4654 4750 4751
f 4654 4751 4655
f 4655 4656 4704
f 4655 4704 4703
f 4751 4799 4800
f 4751 4800 4752
f 4703 4704 4800
f 4703 4800 4799
f 4655 4751 4752
f 4655 4752 4656
f 4656 4609 4657
f 4656 4657 4704
f 4752 4800 4753
f 4752 4753 4705
f 4704 4657 4753
f 4704 4753 4800
f 4656 4752 4705
f 4656 4705 4609
o 13___Zaštitna_korpa_·_gornji_prsten
v 54.00000 0.00000 -22.00000
v 53.53802 7.04841 -22.00000
v 52.15999 13.97623 -22.00000
v 49.88949 20.66491 -22.00000
v 46.76537 27.00000 -22.00000
v 42.84108 32.87312 -22.00000
v 38.18377 38.18377 -22.00000
v 32.87312 42.84108 -22.00000
v 27.00000 46.76537 -22.00000
v 20.66491 49.88949 -22.00000
v 13.97623 52.15999 -22.00000
v 7.04841 53.53802 -22.00000
v 0.00000 54.00000 -22.00000
v -7.04841 53.53802 -22.00000
v -13.97623 52.15999 -22.00000
v -20.66491 49.88949 -22.00000
v -27.00000 46.76537 -22.00000
v -32.87312 42.84108 -22.00000
v -38.18377 38.18377 -22.00000
v -42.84108 32.87312 -22.00000
v -46.76537 27.00000 -22.00000
v -49.88949 20.66491 -22.00000
v -52.15999 13.97623 -22.00000
v -53.53802 7.04841 -22.00000
v -54.00000 0.00000 -22.00000
v -53.53802 -7.04841 -22.00000
v -52.15999 -13.97623 -22.00000
v -49.88949 -20.66491 -22.00000
v -46.76537 -27.00000 -22.00000
v -42.84108 -32.87312 -22.00000
v -38.18377 -38.18377 -22.00000
v -32.87312 -42.84108 -22.00000
v -27.00000 -46.76537 -22.00000
v -20.66491 -49.88949 -22.00000
v -13.97623 -52.15999 -22.00000
v -7.04841 -53.53802 -22.00000
v -0.00000 -54.00000 -22.00000
v 7.04841 -53.53802 -22.00000
v 13.97623 -52.15999 -22.00000
v 20.66491 -49.88949 -22.00000
v 27.00000 -46.76537 -22.00000
v 32.87312 -42.84108 -22.00000
v 38.18377 -38.18377 -22.00000
v 42.84108 -32.87312 -22.00000
v 46.76537 -27.00000 -22.00000
v 49.88949 -20.66491 -22.00000
v 52.15999 -13.97623 -22.00000
v 53.53802 -7.04841 -22.00000
v 54.00000 0.00000 -12.00000
v 53.53802 7.04841 -12.00000
v 52.15999 13.97623 -12.00000
v 49.88949 20.66491 -12.00000
v 46.76537 27.00000 -12.00000
v 42.84108 32.87312 -12.00000
v 38.18377 38.18377 -12.00000
v 32.87312 42.84108 -12.00000
v 27.00000 46.76537 -12.00000
v 20.66491 49.88949 -12.00000
v 13.97623 52.15999 -12.00000
v 7.04841 53.53802 -12.00000
v 0.00000 54.00000 -12.00000
v -7.04841 53.53802 -12.00000
v -13.97623 52.15999 -12.00000
v -20.66491 49.88949 -12.00000
v -27.00000 46.76537 -12.00000
v -32.87312 42.84108 -12.00000
v -38.18377 38.18377 -12.00000
v -42.84108 32.87312 -12.00000
v -46.76537 27.00000 -12.00000
v -49.88949 20.66491 -12.00000
v -52.15999 13.97623 -12.00000
v -53.53802 7.04841 -12.00000
v -54.00000 0.00000 -12.00000
v -53.53802 -7.04841 -12.00000
v -52.15999 -13.97623 -12.00000
v -49.88949 -20.66491 -12.00000
v -46.76537 -27.00000 -12.00000
v -42.84108 -32.87312 -12.00000
v -38.18377 -38.18377 -12.00000
v -32.87312 -42.84108 -12.00000
v -27.00000 -46.76537 -12.00000
v -20.66491 -49.88949 -12.00000
v -13.97623 -52.15999 -12.00000
v -7.04841 -53.53802 -12.00000
v -0.00000 -54.00000 -12.00000
v 7.04841 -53.53802 -12.00000
v 13.97623 -52.15999 -12.00000
v 20.66491 -49.88949 -12.00000
v 27.00000 -46.76537 -12.00000
v 32.87312 -42.84108 -12.00000
v 38.18377 -38.18377 -12.00000
v 42.84108 -32.87312 -12.00000
v 46.76537 -27.00000 -12.00000
v 49.88949 -20.66491 -12.00000
v 52.15999 -13.97623 -12.00000
v 53.53802 -7.04841 -12.00000
v 48.00000 0.00000 -22.00000
v 47.58935 6.26526 -22.00000
v 46.36444 12.42331 -22.00000
v 44.34622 18.36880 -22.00000
v 41.56922 24.00000 -22.00000
v 38.08096 29.22055 -22.00000
v 33.94113 33.94113 -22.00000
v 29.22055 38.08096 -22.00000
v 24.00000 41.56922 -22.00000
v 18.36880 44.34622 -22.00000
v 12.42331 46.36444 -22.00000
v 6.26526 47.58935 -22.00000
v 0.00000 48.00000 -22.00000
v -6.26526 47.58935 -22.00000
v -12.42331 46.36444 -22.00000
v -18.36880 44.34622 -22.00000
v -24.00000 41.56922 -22.00000
v -29.22055 38.08096 -22.00000
v -33.94113 33.94113 -22.00000
v -38.08096 29.22055 -22.00000
v -41.56922 24.00000 -22.00000
v -44.34622 18.36880 -22.00000
v -46.36444 12.42331 -22.00000
v -47.58935 6.26526 -22.00000
v -48.00000 0.00000 -22.00000
v -47.58935 -6.26526 -22.00000
v -46.36444 -12.42331 -22.00000
v -44.34622 -18.36880 -22.00000
v -41.56922 -24.00000 -22.00000
v -38.08096 -29.22055 -22.00000
v -33.94113 -33.94113 -22.00000
v -29.22055 -38.08096 -22.00000
v -24.00000 -41.56922 -22.00000
v -18.36880 -44.34622 -22.00000
v -12.42331 -46.36444 -22.00000
v -6.26526 -47.58935 -22.00000
v -0.00000 -48.00000 -22.00000
v 6.26526 -47.58935 -22.00000
v 12.42331 -46.36444 -22.00000
v 18.36880 -44.34622 -22.00000
v 24.00000 -41.56922 -22.00000
v 29.22055 -38.08096 -22.00000
v 33.94113 -33.94113 -22.00000
v 38.08096 -29.22055 -22.00000
v 41.56922 -24.00000 -22.00000
v 44.34622 -18.36880 -22.00000
v 46.36444 -12.42331 -22.00000
v 47.58935 -6.26526 -22.00000
v 48.00000 0.00000 -12.00000
v 47.58935 6.26526 -12.00000
v 46.36444 12.42331 -12.00000
v 44.34622 18.36880 -12.00000
v 41.56922 24.00000 -12.00000
v 38.08096 29.22055 -12.00000
v 33.94113 33.94113 -12.00000
v 29.22055 38.08096 -12.00000
v 24.00000 41.56922 -12.00000
v 18.36880 44.34622 -12.00000
v 12.42331 46.36444 -12.00000
v 6.26526 47.58935 -12.00000
v 0.00000 48.00000 -12.00000
v -6.26526 47.58935 -12.00000
v -12.42331 46.36444 -12.00000
v -18.36880 44.34622 -12.00000
v -24.00000 41.56922 -12.00000
v -29.22055 38.08096 -12.00000
v -33.94113 33.94113 -12.00000
v -38.08096 29.22055 -12.00000
v -41.56922 24.00000 -12.00000
v -44.34622 18.36880 -12.00000
v -46.36444 12.42331 -12.00000
v -47.58935 6.26526 -12.00000
v -48.00000 0.00000 -12.00000
v -47.58935 -6.26526 -12.00000
v -46.36444 -12.42331 -12.00000
v -44.34622 -18.36880 -12.00000
v -41.56922 -24.00000 -12.00000
v -38.08096 -29.22055 -12.00000
v -33.94113 -33.94113 -12.00000
v -29.22055 -38.08096 -12.00000
v -24.00000 -41.56922 -12.00000
v -18.36880 -44.34622 -12.00000
v -12.42331 -46.36444 -12.00000
v -6.26526 -47.58935 -12.00000
v -0.00000 -48.00000 -12.00000
v 6.26526 -47.58935 -12.00000
v 12.42331 -46.36444 -12.00000
v 18.36880 -44.34622 -12.00000
v 24.00000 -41.56922 -12.00000
v 29.22055 -38.08096 -12.00000
v 33.94113 -33.94113 -12.00000
v 38.08096 -29.22055 -12.00000
v 41.56922 -24.00000 -12.00000
v 44.34622 -18.36880 -12.00000
v 46.36444 -12.42331 -12.00000
v 47.58935 -6.26526 -12.00000
f 4801 4802 4850
f 4801 4850 4849
f 4897 4945 4946
f 4897 4946 4898
f 4849 4850 4946
f 4849 4946 4945
f 4801 4897 4898
f 4801 4898 4802
f 4802 4803 4851
f 4802 4851 4850
f 4898 4946 4947
f 4898 4947 4899
f 4850 4851 4947
f 4850 4947 4946
f 4802 4898 4899
f 4802 4899 4803
f 4803 4804 4852
f 4803 4852 4851
f 4899 4947 4948
f 4899 4948 4900
f 4851 4852 4948
f 4851 4948 4947
f 4803 4899 4900
f 4803 4900 4804
f 4804 4805 4853
f 4804 4853 4852
f 4900 4948 4949
f 4900 4949 4901
f 4852 4853 4949
f 4852 4949 4948
f 4804 4900 4901
f 4804 4901 4805
f 4805 4806 4854
f 4805 4854 4853
f 4901 4949 4950
f 4901 4950 4902
f 4853 4854 4950
f 4853 4950 4949
f 4805 4901 4902
f 4805 4902 4806
f 4806 4807 4855
f 4806 4855 4854
f 4902 4950 4951
f 4902 4951 4903
f 4854 4855 4951
f 4854 4951 4950
f 4806 4902 4903
f 4806 4903 4807
f 4807 4808 4856
f 4807 4856 4855
f 4903 4951 4952
f 4903 4952 4904
f 4855 4856 4952
f 4855 4952 4951
f 4807 4903 4904
f 4807 4904 4808
f 4808 4809 4857
f 4808 4857 4856
f 4904 4952 4953
f 4904 4953 4905
f 4856 4857 4953
f 4856 4953 4952
f 4808 4904 4905
f 4808 4905 4809
f 4809 4810 4858
f 4809 4858 4857
f 4905 4953 4954
f 4905 4954 4906
f 4857 4858 4954
f 4857 4954 4953
f 4809 4905 4906
f 4809 4906 4810
f 4810 4811 4859
f 4810 4859 4858
f 4906 4954 4955
f 4906 4955 4907
f 4858 4859 4955
f 4858 4955 4954
f 4810 4906 4907
f 4810 4907 4811
f 4811 4812 4860
f 4811 4860 4859
f 4907 4955 4956
f 4907 4956 4908
f 4859 4860 4956
f 4859 4956 4955
f 4811 4907 4908
f 4811 4908 4812
f 4812 4813 4861
f 4812 4861 4860
f 4908 4956 4957
f 4908 4957 4909
f 4860 4861 4957
f 4860 4957 4956
f 4812 4908 4909
f 4812 4909 4813
f 4813 4814 4862
f 4813 4862 4861
f 4909 4957 4958
f 4909 4958 4910
f 4861 4862 4958
f 4861 4958 4957
f 4813 4909 4910
f 4813 4910 4814
f 4814 4815 4863
f 4814 4863 4862
f 4910 4958 4959
f 4910 4959 4911
f 4862 4863 4959
f 4862 4959 4958
f 4814 4910 4911
f 4814 4911 4815
f 4815 4816 4864
f 4815 4864 4863
f 4911 4959 4960
f 4911 4960 4912
f 4863 4864 4960
f 4863 4960 4959
f 4815 4911 4912
f 4815 4912 4816
f 4816 4817 4865
f 4816 4865 4864
f 4912 4960 4961
f 4912 4961 4913
f 4864 4865 4961
f 4864 4961 4960
f 4816 4912 4913
f 4816 4913 4817
f 4817 4818 4866
f 4817 4866 4865
f 4913 4961 4962
f 4913 4962 4914
f 4865 4866 4962
f 4865 4962 4961
f 4817 4913 4914
f 4817 4914 4818
f 4818 4819 4867
f 4818 4867 4866
f 4914 4962 4963
f 4914 4963 4915
f 4866 4867 4963
f 4866 4963 4962
f 4818 4914 4915
f 4818 4915 4819
f 4819 4820 4868
f 4819 4868 4867
f 4915 4963 4964
f 4915 4964 4916
f 4867 4868 4964
f 4867 4964 4963
f 4819 4915 4916
f 4819 4916 4820
f 4820 4821 4869
f 4820 4869 4868
f 4916 4964 4965
f 4916 4965 4917
f 4868 4869 4965
f 4868 4965 4964
f 4820 4916 4917
f 4820 4917 4821
f 4821 4822 4870
f 4821 4870 4869
f 4917 4965 4966
f 4917 4966 4918
f 4869 4870 4966
f 4869 4966 4965
f 4821 4917 4918
f 4821 4918 4822
f 4822 4823 4871
f 4822 4871 4870
f 4918 4966 4967
f 4918 4967 4919
f 4870 4871 4967
f 4870 4967 4966
f 4822 4918 4919
f 4822 4919 4823
f 4823 4824 4872
f 4823 4872 4871
f 4919 4967 4968
f 4919 4968 4920
f 4871 4872 4968
f 4871 4968 4967
f 4823 4919 4920
f 4823 4920 4824
f 4824 4825 4873
f 4824 4873 4872
f 4920 4968 4969
f 4920 4969 4921
f 4872 4873 4969
f 4872 4969 4968
f 4824 4920 4921
f 4824 4921 4825
f 4825 4826 4874
f 4825 4874 4873
f 4921 4969 4970
f 4921 4970 4922
f 4873 4874 4970
f 4873 4970 4969
f 4825 4921 4922
f 4825 4922 4826
f 4826 4827 4875
f 4826 4875 4874
f 4922 4970 4971
f 4922 4971 4923
f 4874 4875 4971
f 4874 4971 4970
f 4826 4922 4923
f 4826 4923 4827
f 4827 4828 4876
f 4827 4876 4875
f 4923 4971 4972
f 4923 4972 4924
f 4875 4876 4972
f 4875 4972 4971
f 4827 4923 4924
f 4827 4924 4828
f 4828 4829 4877
f 4828 4877 4876
f 4924 4972 4973
f 4924 4973 4925
f 4876 4877 4973
f 4876 4973 4972
f 4828 4924 4925
f 4828 4925 4829
f 4829 4830 4878
f 4829 4878 4877
f 4925 4973 4974
f 4925 4974 4926
f 4877 4878 4974
f 4877 4974 4973
f 4829 4925 4926
f 4829 4926 4830
f 4830 4831 4879
f 4830 4879 4878
f 4926 4974 4975
f 4926 4975 4927
f 4878 4879 4975
f 4878 4975 4974
f 4830 4926 4927
f 4830 4927 4831
f 4831 4832 4880
f 4831 4880 4879
f 4927 4975 4976
f 4927 4976 4928
f 4879 4880 4976
f 4879 4976 4975
f 4831 4927 4928
f 4831 4928 4832
f 4832 4833 4881
f 4832 4881 4880
f 4928 4976 4977
f 4928 4977 4929
f 4880 4881 4977
f 4880 4977 4976
f 4832 4928 4929
f 4832 4929 4833
f 4833 4834 4882
f 4833 4882 4881
f 4929 4977 4978
f 4929 4978 4930
f 4881 4882 4978
f 4881 4978 4977
f 4833 4929 4930
f 4833 4930 4834
f 4834 4835 4883
f 4834 4883 4882
f 4930 4978 4979
f 4930 4979 4931
f 4882 4883 4979
f 4882 4979 4978
f 4834 4930 4931
f 4834 4931 4835
f 4835 4836 4884
f 4835 4884 4883
f 4931 4979 4980
f 4931 4980 4932
f 4883 4884 4980
f 4883 4980 4979
f 4835 4931 4932
f 4835 4932 4836
f 4836 4837 4885
f 4836 4885 4884
f 4932 4980 4981
f 4932 4981 4933
f 4884 4885 4981
f 4884 4981 4980
f 4836 4932 4933
f 4836 4933 4837
f 4837 4838 4886
f 4837 4886 4885
f 4933 4981 4982
f 4933 4982 4934
f 4885 4886 4982
f 4885 4982 4981
f 4837 4933 4934
f 4837 4934 4838
f 4838 4839 4887
f 4838 4887 4886
f 4934 4982 4983
f 4934 4983 4935
f 4886 4887 4983
f 4886 4983 4982
f 4838 4934 4935
f 4838 4935 4839
f 4839 4840 4888
f 4839 4888 4887
f 4935 4983 4984
f 4935 4984 4936
f 4887 4888 4984
f 4887 4984 4983
f 4839 4935 4936
f 4839 4936 4840
f 4840 4841 4889
f 4840 4889 4888
f 4936 4984 4985
f 4936 4985 4937
f 4888 4889 4985
f 4888 4985 4984
f 4840 4936 4937
f 4840 4937 4841
f 4841 4842 4890
f 4841 4890 4889
f 4937 4985 4986
f 4937 4986 4938
f 4889 4890 4986
f 4889 4986 4985
f 4841 4937 4938
f 4841 4938 4842
f 4842 4843 4891
f 4842 4891 4890
f 4938 4986 4987
f 4938 4987 4939
f 4890 4891 4987
f 4890 4987 4986
f 4842 4938 4939
f 4842 4939 4843
f 4843 4844 4892
f 4843 4892 4891
f 4939 4987 4988
f 4939 4988 4940
f 4891 4892 4988
f 4891 4988 4987
f 4843 4939 4940
f 4843 4940 4844
f 4844 4845 4893
f 4844 4893 4892
f 4940 4988 4989
f 4940 4989 4941
f 4892 4893 4989
f 4892 4989 4988
f 4844 4940 4941
f 4844 4941 4845
f 4845 4846 4894
f 4845 4894 4893
f 4941 4989 4990
f 4941 4990 4942
f 4893 4894 4990
f 4893 4990 4989
f 4845 4941 4942
f 4845 4942 4846
f 4846 4847 4895
f 4846 4895 4894
f 4942 4990 4991
f 4942 4991 4943
f 4894 4895 4991
f 4894 4991 4990
f 4846 4942 4943
f 4846 4943 4847
f 4847 4848 4896
f 4847 4896 4895
f 4943 4991 4992
f 4943 4992 4944
f 4895 4896 4992
f 4895 4992 4991
f 4847 4943 4944
f 4847 4944 4848
f 4848 4801 4849
f 4848 4849 4896
f 4944 4992 4945
f 4944 4945 4897
f 4896 4849 4945
f 4896 4945 4992
f 4848 4944 4897
f 4848 4897 4801
o 13___Rebro_korpe
v 53.50000 0.00000 -122.00000
v 52.76777 1.76777 -122.00000
v 51.00000 2.50000 -122.00000
v 49.23223 1.76777 -122.00000
v 48.50000 0.00000 -122.00000
v 49.23223 -1.76777 -122.00000
v 51.00000 -2.50000 -122.00000
v 52.76777 -1.76777 -122.00000
v 53.50000 0.00000 -22.00000
v 52.76777 1.76777 -22.00000
v 51.00000 2.50000 -22.00000
v 49.23223 1.76777 -22.00000
v 48.50000 0.00000 -22.00000
v 49.23223 -1.76777 -22.00000
v 51.00000 -2.50000 -22.00000
v 52.76777 -1.76777 -22.00000
v 51.00000 0.00000 -122.00000
v 51.00000 0.00000 -122.00000
v 51.00000 0.00000 -122.00000
v 51.00000 0.00000 -122.00000
v 51.00000 0.00000 -122.00000
v 51.00000 0.00000 -122.00000
v 51.00000 0.00000 -122.00000
v 51.00000 0.00000 -122.00000
v 51.00000 0.00000 -22.00000
v 51.00000 0.00000 -22.00000
v 51.00000 0.00000 -22.00000
v 51.00000 0.00000 -22.00000
v 51.00000 0.00000 -22.00000
v 51.00000 0.00000 -22.00000
v 51.00000 0.00000 -22.00000
v 51.00000 0.00000 -22.00000
f 4993 4994 5002
f 4993 5002 5001
f 5009 5017 5018
f 5009 5018 5010
f 5001 5002 5018
f 5001 5018 5017
f 4993 5009 5010
f 4993 5010 4994
f 4994 4995 5003
f 4994 5003 5002
f 5010 5018 5019
f 5010 5019 5011
f 5002 5003 5019
f 5002 5019 5018
f 4994 5010 5011
f 4994 5011 4995
f 4995 4996 5004
f 4995 5004 5003
f 5011 5019 5020
f 5011 5020 5012
f 5003 5004 5020
f 5003 5020 5019
f 4995 5011 5012
f 4995 5012 4996
f 4996 4997 5005
f 4996 5005 5004
f 5012 5020 5021
f 5012 5021 5013
f 5004 5005 5021
f 5004 5021 5020
f 4996 5012 5013
f 4996 5013 4997
f 4997 4998 5006
f 4997 5006 5005
f 5013 5021 5022
f 5013 5022 5014
f 5005 5006 5022
f 5005 5022 5021
f 4997 5013 5014
f 4997 5014 4998
f 4998 4999 5007
f 4998 5007 5006
f 5014 5022 5023
f 5014 5023 5015
f 5006 5007 5023
f 5006 5023 5022
f 4998 5014 5015
f 4998 5015 4999
f 4999 5000 5008
f 4999 5008 5007
f 5015 5023 5024
f 5015 5024 5016
f 5007 5008 5024
f 5007 5024 5023
f 4999 5015 5016
f 4999 5016 5000
f 5000 4993 5001
f 5000 5001 5008
f 5016 5024 5017
f 5016 5017 5009
f 5008 5001 5017
f 5008 5017 5024
f 5000 5016 5009
f 5000 5009 4993
o 13___Rebro_korpe
v 38.56245 36.06245 -122.00000
v 37.83021 37.83021 -122.00000
v 36.06245 38.56245 -122.00000
v 34.29468 37.83021 -122.00000
v 33.56245 36.06245 -122.00000
v 34.29468 34.29468 -122.00000
v 36.06245 33.56245 -122.00000
v 37.83021 34.29468 -122.00000
v 38.56245 36.06245 -22.00000
v 37.83021 37.83021 -22.00000
v 36.06245 38.56245 -22.00000
v 34.29468 37.83021 -22.00000
v 33.56245 36.06245 -22.00000
v 34.29468 34.29468 -22.00000
v 36.06245 33.56245 -22.00000
v 37.83021 34.29468 -22.00000
v 36.06245 36.06245 -122.00000
v 36.06245 36.06245 -122.00000
v 36.06245 36.06245 -122.00000
v 36.06245 36.06245 -122.00000
v 36.06245 36.06245 -122.00000
v 36.06245 36.06245 -122.00000
v 36.06245 36.06245 -122.00000
v 36.06245 36.06245 -122.00000
v 36.06245 36.06245 -22.00000
v 36.06245 36.06245 -22.00000
v 36.06245 36.06245 -22.00000
v 36.06245 36.06245 -22.00000
v 36.06245 36.06245 -22.00000
v 36.06245 36.06245 -22.00000
v 36.06245 36.06245 -22.00000
v 36.06245 36.06245 -22.00000
f 5025 5026 5034
f 5025 5034 5033
f 5041 5049 5050
f 5041 5050 5042
f 5033 5034 5050
f 5033 5050 5049
f 5025 5041 5042
f 5025 5042 5026
f 5026 5027 5035
f 5026 5035 5034
f 5042 5050 5051
f 5042 5051 5043
f 5034 5035 5051
f 5034 5051 5050
f 5026 5042 5043
f 5026 5043 5027
f 5027 5028 5036
f 5027 5036 5035
f 5043 5051 5052
f 5043 5052 5044
f 5035 5036 5052
f 5035 5052 5051
f 5027 5043 5044
f 5027 5044 5028
f 5028 5029 5037
f 5028 5037 5036
f 5044 5052 5053
f 5044 5053 5045
f 5036 5037 5053
f 5036 5053 5052
f 5028 5044 5045
f 5028 5045 5029
f 5029 5030 5038
f 5029 5038 5037
f 5045 5053 5054
f 5045 5054 5046
f 5037 5038 5054
f 5037 5054 5053
f 5029 5045 5046
f 5029 5046 5030
f 5030 5031 5039
f 5030 5039 5038
f 5046 5054 5055
f 5046 5055 5047
f 5038 5039 5055
f 5038 5055 5054
f 5030 5046 5047
f 5030 5047 5031
f 5031 5032 5040
f 5031 5040 5039
f 5047 5055 5056
f 5047 5056 5048
f 5039 5040 5056
f 5039 5056 5055
f 5031 5047 5048
f 5031 5048 5032
f 5032 5025 5033
f 5032 5033 5040
f 5048 5056 5049
f 5048 5049 5041
f 5040 5033 5049
f 5040 5049 5056
f 5032 5048 5041
f 5032 5041 5025
o 13___Rebro_korpe
v 2.50000 51.00000 -122.00000
v 1.76777 52.76777 -122.00000
v 0.00000 53.50000 -122.00000
v -1.76777 52.76777 -122.00000
v -2.50000 51.00000 -122.00000
v -1.76777 49.23223 -122.00000
v 0.00000 48.50000 -122.00000
v 1.76777 49.23223 -122.00000
v 2.50000 51.00000 -22.00000
v 1.76777 52.76777 -22.00000
v 0.00000 53.50000 -22.00000
v -1.76777 52.76777 -22.00000
v -2.50000 51.00000 -22.00000
v -1.76777 49.23223 -22.00000
v 0.00000 48.50000 -22.00000
v 1.76777 49.23223 -22.00000
v 0.00000 51.00000 -122.00000
v 0.00000 51.00000 -122.00000
v 0.00000 51.00000 -122.00000
v 0.00000 51.00000 -122.00000
v 0.00000 51.00000 -122.00000
v 0.00000 51.00000 -122.00000
v 0.00000 51.00000 -122.00000
v 0.00000 51.00000 -122.00000
v 0.00000 51.00000 -22.00000
v 0.00000 51.00000 -22.00000
v 0.00000 51.00000 -22.00000
v 0.00000 51.00000 -22.00000
v 0.00000 51.00000 -22.00000
v 0.00000 51.00000 -22.00000
v 0.00000 51.00000 -22.00000
v 0.00000 51.00000 -22.00000
f 5057 5058 5066
f 5057 5066 5065
f 5073 5081 5082
f 5073 5082 5074
f 5065 5066 5082
f 5065 5082 5081
f 5057 5073 5074
f 5057 5074 5058
f 5058 5059 5067
f 5058 5067 5066
f 5074 5082 5083
f 5074 5083 5075
f 5066 5067 5083
f 5066 5083 5082
f 5058 5074 5075
f 5058 5075 5059
f 5059 5060 5068
f 5059 5068 5067
f 5075 5083 5084
f 5075 5084 5076
f 5067 5068 5084
f 5067 5084 5083
f 5059 5075 5076
f 5059 5076 5060
f 5060 5061 5069
f 5060 5069 5068
f 5076 5084 5085
f 5076 5085 5077
f 5068 5069 5085
f 5068 5085 5084
f 5060 5076 5077
f 5060 5077 5061
f 5061 5062 5070
f 5061 5070 5069
f 5077 5085 5086
f 5077 5086 5078
f 5069 5070 5086
f 5069 5086 5085
f 5061 5077 5078
f 5061 5078 5062
f 5062 5063 5071
f 5062 5071 5070
f 5078 5086 5087
f 5078 5087 5079
f 5070 5071 5087
f 5070 5087 5086
f 5062 5078 5079
f 5062 5079 5063
f 5063 5064 5072
f 5063 5072 5071
f 5079 5087 5088
f 5079 5088 5080
f 5071 5072 5088
f 5071 5088 5087
f 5063 5079 5080
f 5063 5080 5064
f 5064 5057 5065
f 5064 5065 5072
f 5080 5088 5081
f 5080 5081 5073
f 5072 5065 5081
f 5072 5081 5088
f 5064 5080 5073
f 5064 5073 5057
o 13___Rebro_korpe
v -33.56245 36.06245 -122.00000
v -34.29468 37.83021 -122.00000
v -36.06245 38.56245 -122.00000
v -37.83021 37.83021 -122.00000
v -38.56245 36.06245 -122.00000
v -37.83021 34.29468 -122.00000
v -36.06245 33.56245 -122.00000
v -34.29468 34.29468 -122.00000
v -33.56245 36.06245 -22.00000
v -34.29468 37.83021 -22.00000
v -36.06245 38.56245 -22.00000
v -37.83021 37.83021 -22.00000
v -38.56245 36.06245 -22.00000
v -37.83021 34.29468 -22.00000
v -36.06245 33.56245 -22.00000
v -34.29468 34.29468 -22.00000
v -36.06245 36.06245 -122.00000
v -36.06245 36.06245 -122.00000
v -36.06245 36.06245 -122.00000
v -36.06245 36.06245 -122.00000
v -36.06245 36.06245 -122.00000
v -36.06245 36.06245 -122.00000
v -36.06245 36.06245 -122.00000
v -36.06245 36.06245 -122.00000
v -36.06245 36.06245 -22.00000
v -36.06245 36.06245 -22.00000
v -36.06245 36.06245 -22.00000
v -36.06245 36.06245 -22.00000
v -36.06245 36.06245 -22.00000
v -36.06245 36.06245 -22.00000
v -36.06245 36.06245 -22.00000
v -36.06245 36.06245 -22.00000
f 5089 5090 5098
f 5089 5098 5097
f 5105 5113 5114
f 5105 5114 5106
f 5097 5098 5114
f 5097 5114 5113
f 5089 5105 5106
f 5089 5106 5090
f 5090 5091 5099
f 5090 5099 5098
f 5106 5114 5115
f 5106 5115 5107
f 5098 5099 5115
f 5098 5115 5114
f 5090 5106 5107
f 5090 5107 5091
f 5091 5092 5100
f 5091 5100 5099
f 5107 5115 5116
f 5107 5116 5108
f 5099 5100 5116
f 5099 5116 5115
f 5091 5107 5108
f 5091 5108 5092
f 5092 5093 5101
f 5092 5101 5100
f 5108 5116 5117
f 5108 5117 5109
f 5100 5101 5117
f 5100 5117 5116
f 5092 5108 5109
f 5092 5109 5093
f 5093 5094 5102
f 5093 5102 5101
f 5109 5117 5118
f 5109 5118 5110
f 5101 5102 5118
f 5101 5118 5117
f 5093 5109 5110
f 5093 5110 5094
f 5094 5095 5103
f 5094 5103 5102
f 5110 5118 5119
f 5110 5119 5111
f 5102 5103 5119
f 5102 5119 5118
f 5094 5110 5111
f 5094 5111 5095
f 5095 5096 5104
f 5095 5104 5103
f 5111 5119 5120
f 5111 5120 5112
f 5103 5104 5120
f 5103 5120 5119
f 5095 5111 5112
f 5095 5112 5096
f 5096 5089 5097
f 5096 5097 5104
f 5112 5120 5113
f 5112 5113 5105
f 5104 5097 5113
f 5104 5113 5120
f 5096 5112 5105
f 5096 5105 5089
o 13___Rebro_korpe
v -48.50000 0.00000 -122.00000
v -49.23223 1.76777 -122.00000
v -51.00000 2.50000 -122.00000
v -52.76777 1.76777 -122.00000
v -53.50000 0.00000 -122.00000
v -52.76777 -1.76777 -122.00000
v -51.00000 -2.50000 -122.00000
v -49.23223 -1.76777 -122.00000
v -48.50000 0.00000 -22.00000
v -49.23223 1.76777 -22.00000
v -51.00000 2.50000 -22.00000
v -52.76777 1.76777 -22.00000
v -53.50000 0.00000 -22.00000
v -52.76777 -1.76777 -22.00000
v -51.00000 -2.50000 -22.00000
v -49.23223 -1.76777 -22.00000
v -51.00000 0.00000 -122.00000
v -51.00000 0.00000 -122.00000
v -51.00000 0.00000 -122.00000
v -51.00000 0.00000 -122.00000
v -51.00000 0.00000 -122.00000
v -51.00000 0.00000 -122.00000
v -51.00000 0.00000 -122.00000
v -51.00000 0.00000 -122.00000
v -51.00000 0.00000 -22.00000
v -51.00000 0.00000 -22.00000
v -51.00000 0.00000 -22.00000
v -51.00000 0.00000 -22.00000
v -51.00000 0.00000 -22.00000
v -51.00000 0.00000 -22.00000
v -51.00000 0.00000 -22.00000
v -51.00000 0.00000 -22.00000
f 5121 5122 5130
f 5121 5130 5129
f 5137 5145 5146
f 5137 5146 5138
f 5129 5130 5146
f 5129 5146 5145
f 5121 5137 5138
f 5121 5138 5122
f 5122 5123 5131
f 5122 5131 5130
f 5138 5146 5147
f 5138 5147 5139
f 5130 5131 5147
f 5130 5147 5146
f 5122 5138 5139
f 5122 5139 5123
f 5123 5124 5132
f 5123 5132 5131
f 5139 5147 5148
f 5139 5148 5140
f 5131 5132 5148
f 5131 5148 5147
f 5123 5139 5140
f 5123 5140 5124
f 5124 5125 5133
f 5124 5133 5132
f 5140 5148 5149
f 5140 5149 5141
f 5132 5133 5149
f 5132 5149 5148
f 5124 5140 5141
f 5124 5141 5125
f 5125 5126 5134
f 5125 5134 5133
f 5141 5149 5150
f 5141 5150 5142
f 5133 5134 5150
f 5133 5150 5149
f 5125 5141 5142
f 5125 5142 5126
f 5126 5127 5135
f 5126 5135 5134
f 5142 5150 5151
f 5142 5151 5143
f 5134 5135 5151
f 5134 5151 5150
f 5126 5142 5143
f 5126 5143 5127
f 5127 5128 5136
f 5127 5136 5135
f 5143 5151 5152
f 5143 5152 5144
f 5135 5136 5152
f 5135 5152 5151
f 5127 5143 5144
f 5127 5144 5128
f 5128 5121 5129
f 5128 5129 5136
f 5144 5152 5145
f 5144 5145 5137
f 5136 5129 5145
f 5136 5145 5152
f 5128 5144 5137
f 5128 5137 5121
o 13___Rebro_korpe
v -33.56245 -36.06245 -122.00000
v -34.29468 -34.29468 -122.00000
v -36.06245 -33.56245 -122.00000
v -37.83021 -34.29468 -122.00000
v -38.56245 -36.06245 -122.00000
v -37.83021 -37.83021 -122.00000
v -36.06245 -38.56245 -122.00000
v -34.29468 -37.83021 -122.00000
v -33.56245 -36.06245 -22.00000
v -34.29468 -34.29468 -22.00000
v -36.06245 -33.56245 -22.00000
v -37.83021 -34.29468 -22.00000
v -38.56245 -36.06245 -22.00000
v -37.83021 -37.83021 -22.00000
v -36.06245 -38.56245 -22.00000
v -34.29468 -37.83021 -22.00000
v -36.06245 -36.06245 -122.00000
v -36.06245 -36.06245 -122.00000
v -36.06245 -36.06245 -122.00000
v -36.06245 -36.06245 -122.00000
v -36.06245 -36.06245 -122.00000
v -36.06245 -36.06245 -122.00000
v -36.06245 -36.06245 -122.00000
v -36.06245 -36.06245 -122.00000
v -36.06245 -36.06245 -22.00000
v -36.06245 -36.06245 -22.00000
v -36.06245 -36.06245 -22.00000
v -36.06245 -36.06245 -22.00000
v -36.06245 -36.06245 -22.00000
v -36.06245 -36.06245 -22.00000
v -36.06245 -36.06245 -22.00000
v -36.06245 -36.06245 -22.00000
f 5153 5154 5162
f 5153 5162 5161
f 5169 5177 5178
f 5169 5178 5170
f 5161 5162 5178
f 5161 5178 5177
f 5153 5169 5170
f 5153 5170 5154
f 5154 5155 5163
f 5154 5163 5162
f 5170 5178 5179
f 5170 5179 5171
f 5162 5163 5179
f 5162 5179 5178
f 5154 5170 5171
f 5154 5171 5155
f 5155 5156 5164
f 5155 5164 5163
f 5171 5179 5180
f 5171 5180 5172
f 5163 5164 5180
f 5163 5180 5179
f 5155 5171 5172
f 5155 5172 5156
f 5156 5157 5165
f 5156 5165 5164
f 5172 5180 5181
f 5172 5181 5173
f 5164 5165 5181
f 5164 5181 5180
f 5156 5172 5173
f 5156 5173 5157
f 5157 5158 5166
f 5157 5166 5165
f 5173 5181 5182
f 5173 5182 5174
f 5165 5166 5182
f 5165 5182 5181
f 5157 5173 5174
f 5157 5174 5158
f 5158 5159 5167
f 5158 5167 5166
f 5174 5182 5183
f 5174 5183 5175
f 5166 5167 5183
f 5166 5183 5182
f 5158 5174 5175
f 5158 5175 5159
f 5159 5160 5168
f 5159 5168 5167
f 5175 5183 5184
f 5175 5184 5176
f 5167 5168 5184
f 5167 5184 5183
f 5159 5175 5176
f 5159 5176 5160
f 5160 5153 5161
f 5160 5161 5168
f 5176 5184 5177
f 5176 5177 5169
f 5168 5161 5177
f 5168 5177 5184
f 5160 5176 5169
f 5160 5169 5153
o 13___Rebro_korpe
v 2.50000 -51.00000 -122.00000
v 1.76777 -49.23223 -122.00000
v -0.00000 -48.50000 -122.00000
v -1.76777 -49.23223 -122.00000
v -2.50000 -51.00000 -122.00000
v -1.76777 -52.76777 -122.00000
v -0.00000 -53.50000 -122.00000
v 1.76777 -52.76777 -122.00000
v 2.50000 -51.00000 -22.00000
v 1.76777 -49.23223 -22.00000
v -0.00000 -48.50000 -22.00000
v -1.76777 -49.23223 -22.00000
v -2.50000 -51.00000 -22.00000
v -1.76777 -52.76777 -22.00000
v -0.00000 -53.50000 -22.00000
v 1.76777 -52.76777 -22.00000
v -0.00000 -51.00000 -122.00000
v -0.00000 -51.00000 -122.00000
v -0.00000 -51.00000 -122.00000
v -0.00000 -51.00000 -122.00000
v -0.00000 -51.00000 -122.00000
v -0.00000 -51.00000 -122.00000
v -0.00000 -51.00000 -122.00000
v -0.00000 -51.00000 -122.00000
v -0.00000 -51.00000 -22.00000
v -0.00000 -51.00000 -22.00000
v -0.00000 -51.00000 -22.00000
v -0.00000 -51.00000 -22.00000
v -0.00000 -51.00000 -22.00000
v -0.00000 -51.00000 -22.00000
v -0.00000 -51.00000 -22.00000
v -0.00000 -51.00000 -22.00000
f 5185 5186 5194
f 5185 5194 5193
f 5201 5209 5210
f 5201 5210 5202
f 5193 5194 5210
f 5193 5210 5209
f 5185 5201 5202
f 5185 5202 5186
f 5186 5187 5195
f 5186 5195 5194
f 5202 5210 5211
f 5202 5211 5203
f 5194 5195 5211
f 5194 5211 5210
f 5186 5202 5203
f 5186 5203 5187
f 5187 5188 5196
f 5187 5196 5195
f 5203 5211 5212
f 5203 5212 5204
f 5195 5196 5212
f 5195 5212 5211
f 5187 5203 5204
f 5187 5204 5188
f 5188 5189 5197
f 5188 5197 5196
f 5204 5212 5213
f 5204 5213 5205
f 5196 5197 5213
f 5196 5213 5212
f 5188 5204 5205
f 5188 5205 5189
f 5189 5190 5198
f 5189 5198 5197
f 5205 5213 5214
f 5205 5214 5206
f 5197 5198 5214
f 5197 5214 5213
f 5189 5205 5206
f 5189 5206 5190
f 5190 5191 5199
f 5190 5199 5198
f 5206 5214 5215
f 5206 5215 5207
f 5198 5199 5215
f 5198 5215 5214
f 5190 5206 5207
f 5190 5207 5191
f 5191 5192 5200
f 5191 5200 5199
f 5207 5215 5216
f 5207 5216 5208
f 5199 5200 5216
f 5199 5216 5215
f 5191 5207 5208
f 5191 5208 5192
f 5192 5185 5193
f 5192 5193 5200
f 5208 5216 5209
f 5208 5209 5201
f 5200 5193 5209
f 5200 5209 5216
f 5192 5208 5201
f 5192 5201 5185
o 13___Rebro_korpe
v 38.56245 -36.06245 -122.00000
v 37.83021 -34.29468 -122.00000
v 36.06245 -33.56245 -122.00000
v 34.29468 -34.29468 -122.00000
v 33.56245 -36.06245 -122.00000
v 34.29468 -37.83021 -122.00000
v 36.06245 -38.56245 -122.00000
v 37.83021 -37.83021 -122.00000
v 38.56245 -36.06245 -22.00000
v 37.83021 -34.29468 -22.00000
v 36.06245 -33.56245 -22.00000
v 34.29468 -34.29468 -22.00000
v 33.56245 -36.06245 -22.00000
v 34.29468 -37.83021 -22.00000
v 36.06245 -38.56245 -22.00000
v 37.83021 -37.83021 -22.00000
v 36.06245 -36.06245 -122.00000
v 36.06245 -36.06245 -122.00000
v 36.06245 -36.06245 -122.00000
v 36.06245 -36.06245 -122.00000
v 36.06245 -36.06245 -122.00000
v 36.06245 -36.06245 -122.00000
v 36.06245 -36.06245 -122.00000
v 36.06245 -36.06245 -122.00000
v 36.06245 -36.06245 -22.00000
v 36.06245 -36.06245 -22.00000
v 36.06245 -36.06245 -22.00000
v 36.06245 -36.06245 -22.00000
v 36.06245 -36.06245 -22.00000
v 36.06245 -36.06245 -22.00000
v 36.06245 -36.06245 -22.00000
v 36.06245 -36.06245 -22.00000
f 5217 5218 5226
f 5217 5226 5225
f 5233 5241 5242
f 5233 5242 5234
f 5225 5226 5242
f 5225 5242 5241
f 5217 5233 5234
f 5217 5234 5218
f 5218 5219 5227
f 5218 5227 5226
f 5234 5242 5243
f 5234 5243 5235
f 5226 5227 5243
f 5226 5243 5242
f 5218 5234 5235
f 5218 5235 5219
f 5219 5220 5228
f 5219 5228 5227
f 5235 5243 5244
f 5235 5244 5236
f 5227 5228 5244
f 5227 5244 5243
f 5219 5235 5236
f 5219 5236 5220
f 5220 5221 5229
f 5220 5229 5228
f 5236 5244 5245
f 5236 5245 5237
f 5228 5229 5245
f 5228 5245 5244
f 5220 5236 5237
f 5220 5237 5221
f 5221 5222 5230
f 5221 5230 5229
f 5237 5245 5246
f 5237 5246 5238
f 5229 5230 5246
f 5229 5246 5245
f 5221 5237 5238
f 5221 5238 5222
f 5222 5223 5231
f 5222 5231 5230
f 5238 5246 5247
f 5238 5247 5239
f 5230 5231 5247
f 5230 5247 5246
f 5222 5238 5239
f 5222 5239 5223
f 5223 5224 5232
f 5223 5232 5231
f 5239 5247 5248
f 5239 5248 5240
f 5231 5232 5248
f 5231 5248 5247
f 5223 5239 5240
f 5223 5240 5224
f 5224 5217 5225
f 5224 5225 5232
f 5240 5248 5241
f 5240 5241 5233
f 5232 5225 5241
f 5232 5241 5248
f 5224 5240 5233
f 5224 5233 5217